essay_id,y_pred,y_pred_rescaled
1,0.5983812808990479,8.0
2,0.6959807872772217,9.0
3,0.48933687806129456,7.0
4,0.8406807780265808,10.0
5,0.7537474632263184,10.0
6,0.4001382887363434,6.0
7,0.8270750045776367,10.0
8,0.7801052331924438,10.0
9,0.7231593728065491,9.0
10,0.7462621331214905,9.0
11,0.7142595648765564,9.0
12,0.612292468547821,8.0
13,0.2800094783306122,5.0
14,0.5759260058403015,8.0
15,0.4054703116416931,6.0
16,0.8655691742897034,11.0
17,0.5666367411613464,8.0
18,0.5762441158294678,8.0
19,0.22865985333919525,4.0
20,0.3818562626838684,6.0
21,0.6689268946647644,9.0
22,0.20989155769348145,4.0
23,0.7584062814712524,10.0
24,0.8742568492889404,11.0
25,0.5108956098556519,7.0
26,0.6380623579025269,8.0
27,0.3327089250087738,5.0
28,0.6645113229751587,9.0
29,0.6162140369415283,8.0
30,0.45968103408813477,7.0
31,0.7690093517303467,10.0
32,0.7782705426216125,10.0
33,0.40453580021858215,6.0
34,0.6107046008110046,8.0
35,0.6504080295562744,9.0
36,0.7947083711624146,10.0
37,0.7740248441696167,10.0
38,0.6103039383888245,8.0
39,0.6987477540969849,9.0
40,0.3673310875892639,6.0
41,0.21146811544895172,4.0
42,0.4741438925266266,7.0
43,0.30508190393447876,5.0
44,0.5996682643890381,8.0
45,0.5576171875,8.0
46,0.4685540795326233,7.0
47,0.5600191354751587,8.0
48,0.7563930153846741,10.0
49,0.5380470156669617,7.0
50,0.2339923232793808,4.0
51,0.5980570912361145,8.0
52,0.5059880614280701,7.0
53,0.6711108088493347,9.0
54,0.7257476449012756,9.0
55,0.47424808144569397,7.0
56,0.8340264558792114,10.0
57,0.6486976146697998,8.0
58,0.40620532631874084,6.0
59,0.6604491472244263,9.0
60,0.27488580346107483,5.0
61,0.5728537440299988,8.0
62,0.44655266404151917,6.0
63,0.4593518376350403,7.0
64,0.33665788173675537,5.0
65,0.699226438999176,9.0
66,0.7100361585617065,9.0
67,0.5768932700157166,8.0
68,0.7304429411888123,9.0
69,0.4214876890182495,6.0
70,0.757015585899353,10.0
71,0.6165989637374878,8.0
72,0.8646884560585022,11.0
73,0.6327131390571594,8.0
74,0.5851379036903381,8.0
75,0.6837369799613953,9.0
76,0.5890243649482727,8.0
77,0.8093677759170532,10.0
78,0.721869170665741,9.0
79,0.6151609420776367,8.0
80,0.7105259895324707,9.0
81,0.5090017914772034,7.0
82,0.5252431035041809,7.0
83,0.31085291504859924,5.0
84,0.26170429587364197,5.0
85,0.7833727598190308,10.0
86,0.78466796875,10.0
87,0.7280433177947998,9.0
88,0.6162224411964417,8.0
89,0.45459219813346863,7.0
90,0.43182089924812317,6.0
91,0.45710527896881104,7.0
92,0.8844373822212219,11.0
93,0.8659014105796814,11.0
94,0.5317425727844238,7.0
95,0.7444034218788147,9.0
96,0.5193130373954773,7.0
97,0.5817757844924927,8.0
98,0.8131322264671326,10.0
99,0.5932294726371765,8.0
100,0.458028644323349,7.0
101,0.7409346699714661,9.0
102,0.5325736403465271,7.0
103,0.5969184041023254,8.0
104,0.6318264603614807,8.0
105,0.7485304474830627,9.0
106,0.68492192029953,9.0
107,0.8673756122589111,11.0
108,0.6137429475784302,8.0
109,0.5488181710243225,7.0
110,0.5025947093963623,7.0
111,0.8676523566246033,11.0
112,0.7381693124771118,9.0
113,0.5863968729972839,8.0
114,0.698465883731842,9.0
115,0.7110587954521179,9.0
116,0.22708463668823242,4.0
117,0.5867491960525513,8.0
118,0.8037466406822205,10.0
119,0.7738642692565918,10.0
120,0.5671041011810303,8.0
121,0.5763688087463379,8.0
122,0.8330547213554382,10.0
123,0.6742087602615356,9.0
124,0.35627156496047974,6.0
125,0.1716817170381546,4.0
126,0.47279661893844604,7.0
127,0.6644206047058105,9.0
128,0.7034375667572021,9.0
129,0.6459980010986328,8.0
130,0.8778300285339355,11.0
131,0.6969155073165894,9.0
132,0.7837703824043274,10.0
133,0.7885493040084839,10.0
134,0.6860849261283875,9.0
135,0.542250394821167,7.0
136,0.7967353463172913,10.0
137,0.379660427570343,6.0
138,0.7257411479949951,9.0
139,0.35909533500671387,6.0
140,0.6569982767105103,9.0
141,0.8231443166732788,10.0
142,0.7108808159828186,9.0
143,0.5122976303100586,7.0
144,0.7346697449684143,9.0
145,0.7171460390090942,9.0
146,0.28439515829086304,5.0
147,0.8970010876655579,11.0
148,0.558686375617981,8.0
149,0.7422962188720703,9.0
150,0.5477113723754883,7.0
151,0.35089635848999023,6.0
152,0.3628130555152893,6.0
153,0.707599401473999,9.0
154,0.7527663111686707,10.0
155,0.7556187510490417,10.0
156,0.5887187123298645,8.0
157,0.7621056437492371,10.0
158,0.6658470630645752,9.0
159,0.7988982200622559,10.0
160,0.5055822134017944,7.0
161,0.6549476981163025,9.0
162,0.8482407927513123,10.0
163,0.5226843357086182,7.0
164,0.5179182887077332,7.0
165,0.7480292916297913,9.0
166,0.850138247013092,11.0
167,0.5724419355392456,8.0
168,0.6971464157104492,9.0
169,0.45845720171928406,7.0
170,0.5227444171905518,7.0
171,0.4534299373626709,7.0
172,0.41526421904563904,6.0
173,0.4750458300113678,7.0
174,0.6183561086654663,8.0
175,0.6112682819366455,8.0
176,0.693819522857666,9.0
177,0.5408602356910706,7.0
178,0.5916906595230103,8.0
179,0.5620293617248535,8.0
180,0.6793054342269897,9.0
181,0.7890303134918213,10.0
182,0.4676423668861389,7.0
183,0.7433993816375732,9.0
184,0.5068196058273315,7.0
185,0.6162019371986389,8.0
186,0.6058405637741089,8.0
187,0.19025860726833344,4.0
188,0.5768019556999207,8.0
189,0.2706499397754669,5.0
190,0.6510300636291504,9.0
191,0.505690336227417,7.0
192,0.7964233756065369,10.0
193,0.7297868132591248,9.0
194,0.8392148613929749,10.0
195,0.30296579003334045,5.0
196,0.5829888582229614,8.0
197,0.6589922308921814,9.0
198,0.7399037480354309,9.0
199,0.8987293839454651,11.0
200,0.626620352268219,8.0
201,0.6856331825256348,9.0
202,0.611277163028717,8.0
203,0.6594496965408325,9.0
204,0.6111971139907837,8.0
205,0.8594579696655273,11.0
206,0.6749414205551147,9.0
207,0.5069509148597717,7.0
208,0.38871893286705017,6.0
209,0.38920027017593384,6.0
210,0.7158311009407043,9.0
211,0.3403267562389374,5.0
212,0.4145984351634979,6.0
213,0.44326484203338623,6.0
214,0.6160982847213745,8.0
215,0.8486319780349731,10.0
216,0.6406600475311279,8.0
217,0.7985919713973999,10.0
218,0.5838395953178406,8.0
219,0.6233564615249634,8.0
220,0.7745232582092285,10.0
221,0.4277234375476837,6.0
222,0.7256124019622803,9.0
223,0.619106650352478,8.0
224,0.5563886761665344,8.0
225,0.8375797867774963,10.0
226,0.5102128982543945,7.0
227,0.6366429924964905,8.0
228,0.5749104619026184,8.0
229,0.4917776882648468,7.0
230,0.7072370648384094,9.0
231,0.510373592376709,7.0
232,0.8537545204162598,11.0
233,0.4917163848876953,7.0
234,0.6362777352333069,8.0
235,0.4647861421108246,7.0
236,0.32021036744117737,5.0
237,0.6000944972038269,8.0
238,0.5359118580818176,7.0
239,0.6195736527442932,8.0
240,0.5700021982192993,8.0
241,0.36874276399612427,6.0
242,0.6744287610054016,9.0
243,0.7494188547134399,9.0
244,0.5010643005371094,7.0
245,0.2845113277435303,5.0
246,0.8836637735366821,11.0
247,0.727840781211853,9.0
248,0.7117395401000977,9.0
249,0.6028598546981812,8.0
250,0.5971955060958862,8.0
251,0.7602196931838989,10.0
252,0.5837040543556213,8.0
253,0.43881699442863464,6.0
254,0.8007729649543762,10.0
255,0.5352371335029602,7.0
256,0.5215280652046204,7.0
257,0.6968540549278259,9.0
258,0.789958655834198,10.0
259,0.734692394733429,9.0
260,0.5628783702850342,8.0
261,0.7223629355430603,9.0
262,0.4158538579940796,6.0
263,0.8217654228210449,10.0
264,0.6109191179275513,8.0
265,0.706101655960083,9.0
266,0.7012872099876404,9.0
267,0.7927868962287903,10.0
268,0.47967296838760376,7.0
269,0.6318659782409668,8.0
270,0.5600842237472534,8.0
271,0.5396395921707153,7.0
272,0.8115870952606201,10.0
273,0.5414837002754211,7.0
274,0.6890118718147278,9.0
275,0.7295562028884888,9.0
276,0.47776520252227783,7.0
277,0.7154940962791443,9.0
278,0.5795176029205322,8.0
279,0.7565138339996338,10.0
280,0.6894277930259705,9.0
281,0.4168459177017212,6.0
282,0.5754022598266602,8.0
283,0.3326680064201355,5.0
284,0.5106857419013977,7.0
285,0.8174813985824585,10.0
286,0.2870997190475464,5.0
287,0.8159471154212952,10.0
288,0.6266509890556335,8.0
289,0.6879404783248901,9.0
290,0.8244013786315918,10.0
291,0.7864477634429932,10.0
292,0.8348769545555115,10.0
293,0.38918212056159973,6.0
294,0.6941064596176147,9.0
295,0.6253487467765808,8.0
296,0.6850361824035645,9.0
297,0.8129092454910278,10.0
298,0.5990697145462036,8.0
299,0.5215449333190918,7.0
300,0.7857897877693176,10.0
301,0.6495753526687622,8.0
302,0.8823044300079346,11.0
303,0.7380635738372803,9.0
304,0.7278562784194946,9.0
305,0.7398905754089355,9.0
306,0.69797283411026,9.0
307,0.6265230178833008,8.0
308,0.17413905262947083,4.0
309,0.5917462706565857,8.0
310,0.6249832510948181,8.0
311,0.601754903793335,8.0
312,0.4444226026535034,6.0
314,0.6584570407867432,9.0
315,0.7589743733406067,10.0
316,0.8153558969497681,10.0
317,0.8074172139167786,10.0
318,0.6359039545059204,8.0
319,0.6912429332733154,9.0
320,0.539993941783905,7.0
321,0.7547417879104614,10.0
322,0.5219171643257141,7.0
323,0.6111390590667725,8.0
324,0.6146152019500732,8.0
325,0.6918181777000427,9.0
326,0.9010528326034546,11.0
327,0.5237056016921997,7.0
328,0.6079671382904053,8.0
329,0.4769293963909149,7.0
330,0.8590470552444458,11.0
331,0.7794367074966431,10.0
332,0.5898044109344482,8.0
333,0.6648500561714172,9.0
334,0.8714630007743835,11.0
335,0.6144393682479858,8.0
336,0.8341914415359497,10.0
337,0.6321566104888916,8.0
338,0.32304108142852783,5.0
339,0.756901204586029,10.0
340,0.70436692237854,9.0
341,0.5211938619613647,7.0
342,0.7222336530685425,9.0
343,0.6258220076560974,8.0
345,0.6309868693351746,8.0
346,0.8941363096237183,11.0
347,0.4311620593070984,6.0
348,0.4946674406528473,7.0
349,0.4896000921726227,7.0
350,0.5421101450920105,7.0
351,0.597602903842926,8.0
352,0.355051726102829,6.0
353,0.2582255005836487,5.0
354,0.537253737449646,7.0
355,0.34281226992607117,5.0
356,0.5627505779266357,8.0
357,0.5578638911247253,8.0
358,0.3797318637371063,6.0
359,0.1470755934715271,3.0
360,0.4057694375514984,6.0
361,0.794384777545929,10.0
362,0.7538242936134338,10.0
363,0.5292274951934814,7.0
364,0.896835446357727,11.0
365,0.7959923148155212,10.0
366,0.606209933757782,8.0
367,0.6512263417243958,9.0
368,0.6350231170654297,8.0
369,0.4857689440250397,7.0
370,0.8976728916168213,11.0
371,0.5923219323158264,8.0
372,0.7864250540733337,10.0
373,0.5681554079055786,8.0
374,0.6326436400413513,8.0
375,0.26161155104637146,5.0
376,0.6293242573738098,8.0
377,0.8032458424568176,10.0
378,0.7431060075759888,9.0
379,0.6623480916023254,9.0
380,0.5800548195838928,8.0
381,0.7701985239982605,10.0
382,0.5095545649528503,7.0
383,0.7296842336654663,9.0
384,0.4412985146045685,6.0
385,0.8889819383621216,11.0
386,0.5976819396018982,8.0
387,0.6841000914573669,9.0
388,0.49671027064323425,7.0
389,0.5938564538955688,8.0
390,0.6618073582649231,9.0
391,0.8260534405708313,10.0
392,0.6262399554252625,8.0
393,0.5612465143203735,8.0
394,0.30682042241096497,5.0
395,0.3434039056301117,5.0
396,0.5542845129966736,8.0
397,0.8304898142814636,10.0
398,0.7257319688796997,9.0
399,0.6892810463905334,9.0
400,0.6496766805648804,8.0
401,0.29829391837120056,5.0
402,0.5254135727882385,7.0
403,0.6108546853065491,8.0
404,0.6128882169723511,8.0
405,0.8941969275474548,11.0
406,0.6841713190078735,9.0
407,0.5632166266441345,8.0
408,0.606151819229126,8.0
409,0.5060125589370728,7.0
410,0.5455901026725769,7.0
411,0.846830427646637,10.0
412,0.762785017490387,10.0
413,0.6753262281417847,9.0
414,0.5651648640632629,8.0
415,0.5236651301383972,7.0
416,0.3370113670825958,5.0
417,0.4275895059108734,6.0
418,0.8404539823532104,10.0
419,0.4091789126396179,6.0
420,0.5003193020820618,7.0
421,0.4010021984577179,6.0
422,0.4589672088623047,7.0
423,0.7290553450584412,9.0
424,0.7729648947715759,10.0
425,0.6947919130325317,9.0
426,0.6954367160797119,9.0
427,0.8638048768043518,11.0
428,0.4985298216342926,7.0
429,0.6575092077255249,9.0
430,0.803253173828125,10.0
431,0.804111897945404,10.0
432,0.6112616062164307,8.0
433,0.7592265009880066,10.0
434,0.4537399411201477,7.0
435,0.8387511968612671,10.0
436,0.7008849382400513,9.0
437,0.6282853484153748,8.0
438,0.5500302910804749,8.0
439,0.6254115104675293,8.0
440,0.5521158576011658,8.0
441,0.7442882061004639,9.0
442,0.6894466280937195,9.0
443,0.3997848927974701,6.0
444,0.6788908839225769,9.0
445,0.3838450610637665,6.0
446,0.8061788082122803,10.0
447,0.8450270295143127,10.0
448,0.7305080890655518,9.0
449,0.10055645555257797,3.0
450,0.4708615839481354,7.0
451,0.5467180013656616,7.0
452,0.38929224014282227,6.0
453,0.7137390375137329,9.0
454,0.6736646890640259,9.0
455,0.17297455668449402,4.0
456,0.492042601108551,7.0
457,0.7919555902481079,10.0
458,0.5859262943267822,8.0
459,0.517151951789856,7.0
460,0.752391517162323,10.0
461,0.6317095756530762,8.0
462,0.6582121253013611,9.0
463,0.7037035822868347,9.0
464,0.4363183081150055,6.0
465,0.5764156579971313,8.0
466,0.5818583965301514,8.0
467,0.6084124445915222,8.0
468,0.3533991277217865,6.0
469,0.7587502002716064,10.0
470,0.598822295665741,8.0
471,0.4904239773750305,7.0
472,0.7919416427612305,10.0
473,0.3599427044391632,6.0
474,0.2445845752954483,4.0
475,0.7643595933914185,10.0
476,0.5748307108879089,8.0
477,0.39548632502555847,6.0
478,0.657684326171875,9.0
479,0.8077484965324402,10.0
480,0.5917897820472717,8.0
481,0.7635807394981384,10.0
482,0.6611334681510925,9.0
483,0.6062252521514893,8.0
484,0.5532053112983704,8.0
485,0.7306446433067322,9.0
486,0.7658106088638306,10.0
487,0.5291570425033569,7.0
488,0.6125891208648682,8.0
489,0.7949414253234863,10.0
490,0.7786329984664917,10.0
491,0.5466974973678589,7.0
492,0.5273298621177673,7.0
493,0.44207316637039185,6.0
494,0.7380117774009705,9.0
495,0.5963545441627502,8.0
496,0.6165154576301575,8.0
497,0.8103517293930054,10.0
498,0.8053645491600037,10.0
499,0.7140308022499084,9.0
500,0.7221854329109192,9.0
501,0.5399936437606812,7.0
502,0.21719199419021606,4.0
503,0.39622125029563904,6.0
504,0.8409085869789124,10.0
505,0.6902469992637634,9.0
506,0.42640000581741333,6.0
507,0.8696331977844238,11.0
508,0.6220654845237732,8.0
509,0.7499207258224487,9.0
510,0.5531728267669678,8.0
511,0.4828703999519348,7.0
512,0.4566684365272522,7.0
513,0.6471708416938782,8.0
514,0.49480247497558594,7.0
515,0.43725910782814026,6.0
516,0.7702874541282654,10.0
517,0.5791975855827332,8.0
518,0.5875004529953003,8.0
519,0.8000832200050354,10.0
520,0.41313302516937256,6.0
521,0.3555589020252228,6.0
522,0.7702742218971252,10.0
523,0.7434230446815491,9.0
524,0.6259445548057556,8.0
525,0.6363721489906311,8.0
526,0.5510879755020142,8.0
527,0.5018191933631897,7.0
528,0.3652834892272949,6.0
529,0.3977648615837097,6.0
530,0.6512731313705444,9.0
531,0.6019353270530701,8.0
532,0.5737023949623108,8.0
533,0.7181755900382996,9.0
534,0.9404935240745544,11.0
535,0.5447457432746887,7.0
536,0.6456789374351501,8.0
537,0.5838340520858765,8.0
538,0.4654586911201477,7.0
539,0.47019562125205994,7.0
540,0.464606910943985,7.0
541,0.5710224509239197,8.0
542,0.8461585640907288,10.0
543,0.5065635442733765,7.0
544,0.6429445147514343,8.0
545,0.16567747294902802,4.0
546,0.354031503200531,6.0
547,0.6528111696243286,9.0
548,0.6824184656143188,9.0
549,0.6554513573646545,9.0
550,0.8781970739364624,11.0
551,0.5986611843109131,8.0
552,0.3643150329589844,6.0
553,0.6143589019775391,8.0
554,0.6275607347488403,8.0
555,0.8356533050537109,10.0
556,0.7789513468742371,10.0
557,0.7899258136749268,10.0
558,0.8011584281921387,10.0
559,0.7907562255859375,10.0
560,0.6581406593322754,9.0
561,0.5523635745048523,8.0
562,0.785451352596283,10.0
563,0.391245573759079,6.0
564,0.7564119100570679,10.0
565,0.7354040145874023,9.0
566,0.46261754631996155,7.0
567,0.40896689891815186,6.0
568,0.6538267731666565,9.0
569,0.4976012706756592,7.0
570,0.7534695863723755,10.0
571,0.6875778436660767,9.0
572,0.8683057427406311,11.0
573,0.8674559593200684,11.0
574,0.4084167182445526,6.0
575,0.7452450394630432,9.0
576,0.6141295433044434,8.0
577,0.30249935388565063,5.0
578,0.38678526878356934,6.0
579,0.5512040853500366,8.0
580,0.7160906195640564,9.0
581,0.6362131834030151,8.0
582,0.7161373496055603,9.0
583,0.7036094665527344,9.0
584,0.6817564368247986,9.0
585,0.899917721748352,11.0
586,0.5539985299110413,8.0
587,0.637297511100769,8.0
588,0.8120822310447693,10.0
589,0.23335783183574677,4.0
590,0.255756676197052,5.0
591,0.5830098986625671,8.0
592,0.5423970222473145,7.0
593,0.6548409461975098,9.0
594,0.4326780438423157,6.0
595,0.6473294496536255,8.0
596,0.3147745430469513,5.0
597,0.7540673613548279,10.0
598,0.5542894601821899,8.0
599,0.7025832533836365,9.0
600,0.3507089614868164,6.0
601,0.41944366693496704,6.0
602,0.4845161437988281,7.0
603,0.9097984433174133,11.0
604,0.6351891160011292,8.0
605,0.3593067526817322,6.0
606,0.663584291934967,9.0
607,0.682619571685791,9.0
608,0.622198224067688,8.0
609,0.46208301186561584,7.0
610,0.5348630547523499,7.0
611,0.5983263850212097,8.0
612,0.7382252216339111,9.0
613,0.5757405757904053,8.0
614,0.5629947185516357,8.0
615,0.7562557458877563,10.0
616,0.4432291090488434,6.0
617,0.6818480491638184,9.0
618,0.7558289170265198,10.0
619,0.9060121774673462,11.0
620,0.3720822036266327,6.0
621,0.23839670419692993,4.0
622,0.5250745415687561,7.0
623,0.3122985064983368,5.0
624,0.5853034853935242,8.0
625,0.6926709413528442,9.0
626,0.4810308814048767,7.0
627,0.4458619952201843,6.0
628,0.5507761240005493,8.0
629,0.7399492859840393,9.0
630,0.6892242431640625,9.0
631,0.357756644487381,6.0
632,0.7174190878868103,9.0
633,0.6361321806907654,8.0
634,0.3331301510334015,5.0
635,0.7485613226890564,9.0
636,0.6456098556518555,8.0
637,0.5951173901557922,8.0
638,0.5823601484298706,8.0
639,0.33623459935188293,5.0
640,0.44080641865730286,6.0
641,0.4605998396873474,7.0
642,0.655440092086792,9.0
643,0.8267204165458679,10.0
644,0.6130084991455078,8.0
645,0.5711467862129211,8.0
646,0.5485915541648865,7.0
647,0.5526022911071777,8.0
648,0.3678351938724518,6.0
649,0.5344201922416687,7.0
650,0.7600066065788269,10.0
651,0.6040949821472168,8.0
652,0.44082584977149963,6.0
653,0.48710495233535767,7.0
654,0.7938608527183533,10.0
655,0.4308485686779022,6.0
656,0.5506954789161682,8.0
657,0.5329235196113586,7.0
658,0.5486730337142944,7.0
659,0.6848114132881165,9.0
660,0.7745003700256348,10.0
661,0.5393061637878418,7.0
662,0.4300740957260132,6.0
663,0.596733808517456,8.0
664,0.734356701374054,9.0
665,0.35871028900146484,6.0
666,0.6549179553985596,9.0
667,0.6018307209014893,8.0
668,0.7527622580528259,10.0
669,0.6980789303779602,9.0
670,0.6637529730796814,9.0
671,0.582599401473999,8.0
672,0.6905519366264343,9.0
673,0.27511066198349,5.0
674,0.4252825379371643,6.0
675,0.5388729572296143,7.0
676,0.3925139904022217,6.0
677,0.5167531967163086,7.0
678,0.6544504165649414,9.0
679,0.5623998045921326,8.0
680,0.7080105543136597,9.0
681,0.5481969714164734,7.0
682,0.7731542587280273,10.0
683,0.774777889251709,10.0
684,0.5875158905982971,8.0
685,0.6935029625892639,9.0
686,0.6134665608406067,8.0
687,0.45566487312316895,7.0
688,0.5871977806091309,8.0
689,0.6334900856018066,8.0
690,0.6472064256668091,8.0
691,0.26274359226226807,5.0
692,0.2561908960342407,5.0
693,0.5395253300666809,7.0
694,0.5931472778320312,8.0
695,0.6289039850234985,8.0
696,0.48192182183265686,7.0
697,0.6778191924095154,9.0
698,0.4049646258354187,6.0
699,0.9412927627563477,11.0
700,0.40759187936782837,6.0
701,0.6190220713615417,8.0
702,0.3484306335449219,5.0
703,0.6931586861610413,9.0
704,0.41419440507888794,6.0
705,0.6582414507865906,9.0
706,0.6916365623474121,9.0
707,0.5081987380981445,7.0
708,0.6064776182174683,8.0
709,0.8008778691291809,10.0
710,0.6784570813179016,9.0
711,0.7385826706886292,9.0
712,0.5819819569587708,8.0
713,0.560746431350708,8.0
714,0.7314140796661377,9.0
715,0.2849782705307007,5.0
716,0.5709382891654968,8.0
717,0.5542917251586914,8.0
718,0.7605485320091248,10.0
719,0.3981209099292755,6.0
720,0.7492695450782776,9.0
721,0.6315605044364929,8.0
722,0.87789386510849,11.0
723,0.8037079572677612,10.0
724,0.44192221760749817,6.0
725,0.3227085769176483,5.0
726,0.5600079894065857,8.0
727,0.3320643901824951,5.0
728,0.49427080154418945,7.0
729,0.4248819649219513,6.0
730,0.8439241647720337,10.0
731,0.7030788064002991,9.0
732,0.5318145751953125,7.0
733,0.35481852293014526,6.0
734,0.7856777906417847,10.0
735,0.7391248941421509,9.0
736,0.6460809707641602,8.0
737,0.7263789772987366,9.0
738,0.5077614188194275,7.0
739,0.645649254322052,8.0
740,0.6307014226913452,8.0
741,0.6034826636314392,8.0
742,0.7979781627655029,10.0
743,0.7641244530677795,10.0
744,0.5621762275695801,8.0
745,0.6496810913085938,8.0
746,0.5567421913146973,8.0
747,0.4834578037261963,7.0
748,0.6628860235214233,9.0
749,0.7650930285453796,10.0
750,0.6155659556388855,8.0
751,0.5351694226264954,7.0
752,0.41153484582901,6.0
753,0.43058285117149353,6.0
754,0.713462233543396,9.0
755,0.7912691235542297,10.0
756,0.5127230882644653,7.0
757,0.7432645559310913,9.0
758,0.5733529925346375,8.0
759,0.7230912446975708,9.0
760,0.5817771553993225,8.0
761,0.5338804125785828,7.0
762,0.7874417304992676,10.0
763,0.4770018458366394,7.0
764,0.8138003349304199,10.0
765,0.4403976500034332,6.0
766,0.39819347858428955,6.0
767,0.5940238237380981,8.0
768,0.5392929911613464,7.0
769,0.8348647356033325,10.0
770,0.5374467372894287,7.0
771,0.5955871939659119,8.0
772,0.7992775440216064,10.0
773,0.7390881180763245,9.0
774,0.6513936519622803,9.0
775,0.43834608793258667,6.0
776,0.42470136284828186,6.0
777,0.808376133441925,10.0
778,0.725352942943573,9.0
779,0.6526880860328674,9.0
780,0.6970614194869995,9.0
781,0.7606548070907593,10.0
782,0.8044242858886719,10.0
783,0.4519311189651489,7.0
784,0.8526138067245483,11.0
785,0.6114400029182434,8.0
786,0.5716550350189209,8.0
787,0.6839749217033386,9.0
788,0.5050051212310791,7.0
789,0.46204376220703125,7.0
790,0.6561196446418762,9.0
791,0.49749431014060974,7.0
792,0.6494571566581726,8.0
793,0.7907740473747253,10.0
794,0.6047736406326294,8.0
795,0.6381208896636963,8.0
796,0.6087971329689026,8.0
797,0.7609894871711731,10.0
798,0.8242799639701843,10.0
799,0.4874674081802368,7.0
800,0.6872997879981995,9.0
801,0.7576202750205994,10.0
802,0.5772088170051575,8.0
803,0.5026435256004333,7.0
804,0.40953993797302246,6.0
805,0.6618422269821167,9.0
806,0.4571216404438019,7.0
807,0.76153564453125,10.0
808,0.4576263129711151,7.0
809,0.7262467741966248,9.0
810,0.5611437559127808,8.0
811,0.5991064310073853,8.0
812,0.4636906385421753,7.0
813,0.4250936806201935,6.0
814,0.5864507555961609,8.0
815,0.773655116558075,10.0
816,0.6430436968803406,8.0
817,0.8447108268737793,10.0
818,0.5201137661933899,7.0
819,0.46438026428222656,7.0
820,0.349950909614563,5.0
821,0.6122699975967407,8.0
822,0.6196348667144775,8.0
823,0.551880419254303,8.0
824,0.7473266124725342,9.0
825,0.3871903419494629,6.0
826,0.7543094754219055,10.0
827,0.22195184230804443,4.0
828,0.8620608448982239,11.0
829,0.649924099445343,8.0
830,0.5866260528564453,8.0
831,0.587370753288269,8.0
832,0.19280341267585754,4.0
833,0.7680439949035645,10.0
834,0.8456398844718933,10.0
835,0.7164020538330078,9.0
836,0.5330681204795837,7.0
837,0.6347537040710449,8.0
838,0.23074381053447723,4.0
839,0.8043953776359558,10.0
840,0.5803757905960083,8.0
841,0.3683864176273346,6.0
842,0.6661656498908997,9.0
843,0.4740062355995178,7.0
844,0.5412951707839966,7.0
845,0.724979817867279,9.0
846,0.4649026095867157,7.0
847,0.8859866261482239,11.0
848,0.4293084442615509,6.0
849,0.4261719286441803,6.0
850,0.7310328483581543,9.0
851,0.7731565833091736,10.0
852,0.7687811255455017,10.0
853,0.7177547216415405,9.0
854,0.6600674390792847,9.0
855,0.533145546913147,7.0
856,0.6929101347923279,9.0
857,0.3546760678291321,6.0
858,0.7152413725852966,9.0
859,0.8555375337600708,11.0
860,0.6165103316307068,8.0
861,0.5835976600646973,8.0
862,0.6805712580680847,9.0
863,0.8858548402786255,11.0
864,0.7076276540756226,9.0
865,0.5100968480110168,7.0
866,0.4831019937992096,7.0
867,0.46275225281715393,7.0
868,0.7926018834114075,10.0
869,0.3098294138908386,5.0
870,0.6359870433807373,8.0
871,0.7738193273544312,10.0
872,0.5592901706695557,8.0
873,0.5345929861068726,7.0
874,0.8558711409568787,11.0
875,0.9027320742607117,11.0
876,0.5302386283874512,7.0
877,0.7855148911476135,10.0
878,0.6032282114028931,8.0
879,0.6296805143356323,8.0
880,0.6646633148193359,9.0
881,0.5706337094306946,8.0
882,0.6131566762924194,8.0
883,0.6734225153923035,9.0
884,0.509753942489624,7.0
885,0.5190091133117676,7.0
886,0.7753151059150696,10.0
887,0.6160298585891724,8.0
888,0.7404578328132629,9.0
889,0.5285156965255737,7.0
890,0.6099539995193481,8.0
891,0.8240835070610046,10.0
892,0.8325755000114441,10.0
893,0.2942192256450653,5.0
894,0.5376508831977844,7.0
895,0.8394485712051392,10.0
896,0.4698614776134491,7.0
897,0.821060061454773,10.0
898,0.60689377784729,8.0
899,0.5669422745704651,8.0
900,0.7220618724822998,9.0
901,0.4388395845890045,6.0
902,0.6269800662994385,8.0
903,0.4680928587913513,7.0
904,0.5160338878631592,7.0
905,0.35632774233818054,6.0
906,0.7834540605545044,10.0
907,0.6722729206085205,9.0
908,0.8144236207008362,10.0
909,0.7681806683540344,10.0
910,0.6695085167884827,9.0
911,0.36114224791526794,6.0
912,0.8336247205734253,10.0
913,0.8612191677093506,11.0
914,0.5795538425445557,8.0
915,0.7887948751449585,10.0
916,0.863467812538147,11.0
917,0.4541916847229004,7.0
918,0.8567178845405579,11.0
919,0.6526617407798767,9.0
920,0.7044512629508972,9.0
921,0.5067682266235352,7.0
922,0.5705364942550659,8.0
923,0.425202876329422,6.0
924,0.6225756406784058,8.0
925,0.5417715311050415,7.0
926,0.4304191768169403,6.0
927,0.4713391661643982,7.0
928,0.6936377882957458,9.0
929,0.7097059488296509,9.0
930,0.48517996072769165,7.0
931,0.5417169332504272,7.0
932,0.8753262758255005,11.0
933,0.4802093505859375,7.0
934,0.6201369166374207,8.0
935,0.7921028733253479,10.0
936,0.38332599401474,6.0
937,0.8121150135993958,10.0
938,0.8059067130088806,10.0
939,0.3499636650085449,5.0
940,0.568678081035614,8.0
941,0.8119534850120544,10.0
942,0.7425675392150879,9.0
943,0.6501619219779968,9.0
944,0.4111921191215515,6.0
945,0.5010433197021484,7.0
946,0.7009371519088745,9.0
947,0.7630654573440552,10.0
948,0.6919141411781311,9.0
949,0.5773610472679138,8.0
950,0.7377718687057495,9.0
951,0.6307277083396912,8.0
952,0.6817108988761902,9.0
953,0.7710010409355164,10.0
954,0.7663637399673462,10.0
955,0.5779390931129456,8.0
956,0.6018137335777283,8.0
957,0.6443384289741516,8.0
958,0.5027264952659607,7.0
959,0.7080023884773254,9.0
960,0.33455997705459595,5.0
961,0.6140541434288025,8.0
962,0.6776013970375061,9.0
963,0.43949368596076965,6.0
964,0.8106301426887512,10.0
965,0.5566239356994629,8.0
966,0.4048979580402374,6.0
967,0.765998899936676,10.0
968,0.580375075340271,8.0
969,0.5321308374404907,7.0
970,0.90965735912323,11.0
971,0.632611870765686,8.0
972,0.5860459804534912,8.0
973,0.358193576335907,6.0
974,0.16873566806316376,4.0
975,0.534165620803833,7.0
976,0.501091718673706,7.0
977,0.4858759939670563,7.0
978,0.4774627089500427,7.0
979,0.7954038977622986,10.0
980,0.7868364453315735,10.0
981,0.5343934297561646,7.0
982,0.583564043045044,8.0
983,0.7515867948532104,10.0
984,0.5756180882453918,8.0
985,0.7363353371620178,9.0
986,0.8545471429824829,11.0
987,0.6284982562065125,8.0
988,0.5864815711975098,8.0
989,0.7032959461212158,9.0
990,0.5509955883026123,8.0
991,0.3800707459449768,6.0
992,0.23154334723949432,4.0
993,0.481840044260025,7.0
994,0.6899862885475159,9.0
995,0.2697215676307678,5.0
996,0.5697494745254517,8.0
997,0.7524898648262024,10.0
998,0.7990773916244507,10.0
999,0.8970281481742859,11.0
1000,0.9611100554466248,12.0
1001,0.5165151953697205,7.0
1002,0.5822427868843079,8.0
1003,0.5790823698043823,8.0
1004,0.36083394289016724,6.0
1005,0.4934392273426056,7.0
1006,0.7635565400123596,10.0
1007,0.6787384152412415,9.0
1008,0.669532835483551,9.0
1009,0.6922785639762878,9.0
1010,0.43884196877479553,6.0
1011,0.7536293864250183,10.0
1012,0.6882758736610413,9.0
1013,0.43861985206604004,6.0
1014,0.6540068984031677,9.0
1015,0.706732988357544,9.0
1016,0.4967142641544342,7.0
1017,0.6522300243377686,9.0
1018,0.8738902807235718,11.0
1019,0.6702933311462402,9.0
1020,0.3976070284843445,6.0
1021,0.6460149884223938,8.0
1022,0.8789738416671753,11.0
1023,0.38029783964157104,6.0
1024,0.7014607787132263,9.0
1025,0.6207953691482544,8.0
1026,0.6903694272041321,9.0
1027,0.5915138721466064,8.0
1028,0.8321419358253479,10.0
1029,0.7542770504951477,10.0
1030,0.39137396216392517,6.0
1031,0.6598277688026428,9.0
1032,0.7010753750801086,9.0
1033,0.8596189022064209,11.0
1034,0.6472852230072021,8.0
1035,0.5360285639762878,7.0
1036,0.6221957802772522,8.0
1037,0.40454399585723877,6.0
1038,0.8358848690986633,10.0
1039,0.5466045141220093,7.0
1040,0.3420630991458893,5.0
1041,0.36561378836631775,6.0
1042,0.5720292329788208,8.0
1043,0.8137105703353882,10.0
1044,0.4494423270225525,6.0
1045,0.6122774481773376,8.0
1046,0.6069129705429077,8.0
1047,0.8392902612686157,10.0
1048,0.8186953663825989,10.0
1049,0.7629116773605347,10.0
1050,0.8507217168807983,11.0
1051,0.45478126406669617,7.0
1052,0.648623526096344,8.0
1053,0.6241880059242249,8.0
1054,0.5588643550872803,8.0
1055,0.5933785438537598,8.0
1056,0.36431607604026794,6.0
1057,0.7614400386810303,10.0
1058,0.5848985314369202,8.0
1059,0.3739718198776245,6.0
1060,0.4677991569042206,7.0
1061,0.6052041053771973,8.0
1062,0.5487807989120483,7.0
1063,0.728392481803894,9.0
1064,0.8077017664909363,10.0
1065,0.39759913086891174,6.0
1066,0.7396933436393738,9.0
1067,0.6113709211349487,8.0
1068,0.7409847378730774,9.0
1069,0.7086805701255798,9.0
1070,0.435339093208313,6.0
1071,0.5099825859069824,7.0
1072,0.5548173785209656,8.0
1073,0.6320483684539795,8.0
1074,0.6768269538879395,9.0
1075,0.6038602590560913,8.0
1076,0.822043776512146,10.0
1077,0.5791138410568237,8.0
1078,0.9025140404701233,11.0
1079,0.4506782591342926,7.0
1080,0.6011606454849243,8.0
1081,0.4503704309463501,7.0
1082,0.48960191011428833,7.0
1083,0.43444815278053284,6.0
1084,0.6935275793075562,9.0
1085,0.5053040981292725,7.0
1086,0.6268278956413269,8.0
1087,0.8455400466918945,10.0
1088,0.5948829054832458,8.0
1089,0.617414116859436,8.0
1090,0.34080761671066284,5.0
1091,0.8112683296203613,10.0
1092,0.7503807544708252,10.0
1093,0.5276181697845459,7.0
1094,0.5761603116989136,8.0
1095,0.5163528919219971,7.0
1096,0.1745472103357315,4.0
1097,0.6432889103889465,8.0
1098,0.6417309641838074,8.0
1099,0.4777955114841461,7.0
1100,0.5436317324638367,7.0
1101,0.4168080985546112,6.0
1102,0.5177405476570129,7.0
1103,0.35779890418052673,6.0
1104,0.8936084508895874,11.0
1105,0.7003170847892761,9.0
1106,0.8016135692596436,10.0
1107,0.22879630327224731,4.0
1108,0.7335850596427917,9.0
1109,0.5310249328613281,7.0
1110,0.49508988857269287,7.0
1111,0.7851981520652771,10.0
1112,0.4469306766986847,6.0
1113,0.7702948451042175,10.0
1114,0.6689385175704956,9.0
1115,0.7292534708976746,9.0
1116,0.4273167848587036,6.0
1117,0.4948018789291382,7.0
1118,0.6486865282058716,8.0
1119,0.6571049094200134,9.0
1120,0.6927455067634583,9.0
1121,0.16695505380630493,4.0
1122,0.7841882705688477,10.0
1123,0.33200499415397644,5.0
1124,0.6959488391876221,9.0
1125,0.6758580207824707,9.0
1126,0.5556448698043823,8.0
1127,0.5464783906936646,7.0
1128,0.5131756663322449,7.0
1129,0.6179062724113464,8.0
1130,0.35093963146209717,6.0
1132,0.528079092502594,7.0
1133,0.8482559323310852,10.0
1134,0.3752921521663666,6.0
1135,0.8937559127807617,11.0
1136,0.47653308510780334,7.0
1137,0.6140129566192627,8.0
1138,0.5217480659484863,7.0
1139,0.7707735896110535,10.0
1140,0.6142702698707581,8.0
1141,0.40251079201698303,6.0
1142,0.6286866068840027,8.0
1143,0.7371636629104614,9.0
1144,0.786946177482605,10.0
1145,0.6267006993293762,8.0
1146,0.6389614343643188,8.0
1147,0.7388740181922913,9.0
1148,0.6589720845222473,9.0
1149,0.7627366185188293,10.0
1150,0.559278130531311,8.0
1151,0.744175136089325,9.0
1152,0.5426949262619019,7.0
1153,0.7017854452133179,9.0
1154,0.39989539980888367,6.0
1155,0.5997135043144226,8.0
1156,0.8648937344551086,11.0
1157,0.4746938943862915,7.0
1158,0.7894461154937744,10.0
1159,0.7525900602340698,10.0
1160,0.6187573671340942,8.0
1161,0.4927208423614502,7.0
1162,0.5593657493591309,8.0
1163,0.8532868027687073,11.0
1164,0.7097435593605042,9.0
1165,0.49828025698661804,7.0
1166,0.6263480186462402,8.0
1167,0.6922020316123962,9.0
1168,0.5338336825370789,7.0
1169,0.7012645602226257,9.0
1170,0.903823971748352,11.0
1171,0.947119951248169,11.0
1172,0.5020505785942078,7.0
1173,0.633242666721344,8.0
1174,0.6790214776992798,9.0
1175,0.8273254632949829,10.0
1176,0.6321550607681274,8.0
1177,0.3486073315143585,5.0
1178,0.67029869556427,9.0
1179,0.531316876411438,7.0
1180,0.6683458089828491,9.0
1181,0.6591689586639404,9.0
1182,0.4941825270652771,7.0
1183,0.4632502496242523,7.0
1184,0.642560601234436,8.0
1185,0.6197075843811035,8.0
1186,0.6645833849906921,9.0
1187,0.6438445448875427,8.0
1188,0.7039847373962402,9.0
1189,0.5567238926887512,8.0
1190,0.6479523777961731,8.0
1191,0.6771954298019409,9.0
1192,0.4817456901073456,7.0
1193,0.8235106468200684,10.0
1194,0.7810635566711426,10.0
1195,0.7133013606071472,9.0
1196,0.5193183422088623,7.0
1197,0.6011326313018799,8.0
1198,0.4198489785194397,6.0
1199,0.5694223046302795,8.0
1200,0.797968327999115,10.0
1201,0.7933193445205688,10.0
1202,0.5494557619094849,7.0
1203,0.6748514175415039,9.0
1204,0.7173079252243042,9.0
1205,0.5896033644676208,8.0
1206,0.834777295589447,10.0
1207,0.7811752557754517,10.0
1208,0.3554604649543762,6.0
1209,0.6254488825798035,8.0
1210,0.6634048223495483,9.0
1211,0.7091452479362488,9.0
1212,0.6193954944610596,8.0
1213,0.6544704437255859,9.0
1214,0.8041203618049622,10.0
1215,0.6082081198692322,8.0
1216,0.586164653301239,8.0
1217,0.22434161603450775,4.0
1218,0.7385570406913757,9.0
1219,0.5885090231895447,8.0
1220,0.7708022594451904,10.0
1221,0.7966069579124451,10.0
1222,0.4257717728614807,6.0
1223,0.6818376779556274,9.0
1224,0.7108632922172546,9.0
1225,0.6019363403320312,8.0
1226,0.6999744772911072,9.0
1227,0.3994321823120117,6.0
1228,0.4295942187309265,6.0
1229,0.6332131624221802,8.0
1230,0.7182943224906921,9.0
1231,0.28342241048812866,5.0
1232,0.6414099335670471,8.0
1233,0.7700508832931519,10.0
1234,0.655702531337738,9.0
1236,0.6299343109130859,8.0
1237,0.8117125034332275,10.0
1238,0.6109218597412109,8.0
1239,0.7739151120185852,10.0
1240,0.7183790802955627,9.0
1241,0.5810756683349609,8.0
1242,0.49305209517478943,7.0
1243,0.5176706314086914,7.0
1244,0.6436734795570374,8.0
1245,0.6200658679008484,8.0
1246,0.5335330367088318,7.0
1247,0.4341930150985718,6.0
1248,0.6074894666671753,8.0
1249,0.9056738018989563,11.0
1250,0.9429380893707275,11.0
1251,0.7015001773834229,9.0
1252,0.7572054862976074,10.0
1253,0.318950891494751,5.0
1254,0.6507660746574402,9.0
1255,0.854771614074707,11.0
1256,0.6174210906028748,8.0
1257,0.7210153341293335,9.0
1258,0.8371694684028625,10.0
1259,0.6443961262702942,8.0
1260,0.49249371886253357,7.0
1261,0.5834633708000183,8.0
1262,0.5610784292221069,8.0
1263,0.5323458909988403,7.0
1264,0.6947921514511108,9.0
1265,0.6551783680915833,9.0
1266,0.4157845079898834,6.0
1267,0.5903753638267517,8.0
1268,0.49763160943984985,7.0
1269,0.7469024062156677,9.0
1270,0.47167712450027466,7.0
1271,0.5933631062507629,8.0
1272,0.6770403385162354,9.0
1273,0.6878511309623718,9.0
1274,0.295034259557724,5.0
1275,0.5760796070098877,8.0
1276,0.5501312613487244,8.0
1277,0.4684735834598541,7.0
1278,0.3580111265182495,6.0
1279,0.6206477284431458,8.0
1280,0.46879860758781433,7.0
1281,0.5255528092384338,7.0
1282,0.8160251379013062,10.0
1283,0.6812229752540588,9.0
1284,0.6711265444755554,9.0
1285,0.4428693950176239,6.0
1286,0.41171228885650635,6.0
1287,0.6594555377960205,9.0
1288,0.752776026725769,10.0
1289,0.47261542081832886,7.0
1290,0.642585039138794,8.0
1291,0.5515580773353577,8.0
1292,0.540601909160614,7.0
1293,0.4972967207431793,7.0
1294,0.8086178302764893,10.0
1295,0.23801250755786896,4.0
1296,0.6303874850273132,8.0
1297,0.535708487033844,7.0
1298,0.44867032766342163,6.0
1299,0.802568256855011,10.0
1300,0.5364944338798523,7.0
1301,0.5439732074737549,7.0
1302,0.6523095369338989,9.0
1303,0.6261191368103027,8.0
1304,0.8677542209625244,11.0
1305,0.767549455165863,10.0
1306,0.6732643246650696,9.0
1307,0.6623852252960205,9.0
1308,0.6076247692108154,8.0
1309,0.694709300994873,9.0
1310,0.47319096326828003,7.0
1311,0.7120789885520935,9.0
1312,0.6893185377120972,9.0
1313,0.5441386699676514,7.0
1314,0.8712224364280701,11.0
1315,0.8448320627212524,10.0
1316,0.6580635905265808,9.0
1317,0.6647582054138184,9.0
1318,0.5862199664115906,8.0
1319,0.5819350481033325,8.0
1320,0.8456239104270935,10.0
1321,0.8297000527381897,10.0
1322,0.5638541579246521,8.0
1323,0.5428358912467957,7.0
1324,0.6231027245521545,8.0
1325,0.8067659735679626,10.0
1326,0.5107898712158203,7.0
1327,0.8287907242774963,10.0
1328,0.6779645085334778,9.0
1329,0.5787844061851501,8.0
1330,0.6400771737098694,8.0
1331,0.884899377822876,11.0
1332,0.6297637224197388,8.0
1333,0.5231743454933167,7.0
1334,0.39851248264312744,6.0
1335,0.38854387402534485,6.0
1336,0.8279703259468079,10.0
1337,0.34529799222946167,5.0
1338,0.7773164510726929,10.0
1339,0.5447176694869995,7.0
1340,0.6304107904434204,8.0
1341,0.7665405869483948,10.0
1342,0.5308303236961365,7.0
1343,0.6354615092277527,8.0
1344,0.6588308215141296,9.0
1345,0.6828218698501587,9.0
1346,0.45696982741355896,7.0
1347,0.43363866209983826,6.0
1348,0.37711137533187866,6.0
1349,0.7943831086158752,10.0
1350,0.7447413802146912,9.0
1351,0.6058271527290344,8.0
1352,0.6312535405158997,8.0
1353,0.6792125701904297,9.0
1354,0.5234848856925964,7.0
1355,0.6095079779624939,8.0
1356,0.5194941163063049,7.0
1357,0.6984745264053345,9.0
1358,0.805442214012146,10.0
1359,0.7553648948669434,10.0
1360,0.7035589814186096,9.0
1361,0.7994512319564819,10.0
1362,0.7281850576400757,9.0
1363,0.7149510383605957,9.0
1364,0.7107720375061035,9.0
1365,0.5392763018608093,7.0
1366,0.5918912887573242,8.0
1367,0.26126232743263245,5.0
1368,0.5163592100143433,7.0
1369,0.7035382390022278,9.0
1370,0.6605280041694641,9.0
1371,0.8502183556556702,11.0
1372,0.5678553581237793,8.0
1373,0.5724337697029114,8.0
1374,0.5446083545684814,7.0
1375,0.7061271071434021,9.0
1376,0.4418316185474396,6.0
1377,0.5145363807678223,7.0
1378,0.72412109375,9.0
1379,0.6632168292999268,9.0
1380,0.8330270051956177,10.0
1381,0.40654247999191284,6.0
1382,0.7146950960159302,9.0
1383,0.6605401635169983,9.0
1384,0.6736347675323486,9.0
1385,0.8070560097694397,10.0
1386,0.5984101891517639,8.0
1387,0.5055381655693054,7.0
1388,0.5584016442298889,8.0
1389,0.7908735871315002,10.0
1390,0.5904961228370667,8.0
1391,0.5385528802871704,7.0
1392,0.5775159001350403,8.0
1393,0.8734870553016663,11.0
1394,0.49279704689979553,7.0
1395,0.6773588061332703,9.0
1396,0.5841049551963806,8.0
1397,0.34673240780830383,5.0
1398,0.73649001121521,9.0
1399,0.7415569424629211,9.0
1400,0.6699192523956299,9.0
1401,0.7727034687995911,10.0
1402,0.4865819811820984,7.0
1403,0.6096168160438538,8.0
1404,0.8357255458831787,10.0
1405,0.5846009254455566,8.0
1406,0.6707627177238464,9.0
1407,0.5758341550827026,8.0
1408,0.6396849155426025,8.0
1409,0.5508453845977783,8.0
1410,0.5547322034835815,8.0
1411,0.7848038077354431,10.0
1412,0.6496070027351379,8.0
1413,0.6384467482566833,8.0
1414,0.4592694640159607,7.0
1415,0.9001732468605042,11.0
1416,0.4580097496509552,7.0
1417,0.7853110432624817,10.0
1418,0.650712788105011,9.0
1419,0.7424049973487854,9.0
1420,0.5935859084129333,8.0
1421,0.38149669766426086,6.0
1422,0.8362853527069092,10.0
1423,0.6220623850822449,8.0
1424,0.7159345149993896,9.0
1425,0.5507163405418396,8.0
1426,0.5048083066940308,7.0
1427,0.8312212228775024,10.0
1428,0.40086010098457336,6.0
1429,0.3662635087966919,6.0
1430,0.47237610816955566,7.0
1431,0.3890467882156372,6.0
1432,0.5805673599243164,8.0
1433,0.5573946833610535,8.0
1434,0.6837528347969055,9.0
1435,0.7180507183074951,9.0
1436,0.695671796798706,9.0
1437,0.4281550943851471,6.0
1438,0.5462093353271484,7.0
1439,0.6501518487930298,9.0
1440,0.8078601360321045,10.0
1441,0.5279160737991333,7.0
1442,0.2664552927017212,5.0
1443,0.9285027384757996,11.0
1444,0.6621094942092896,9.0
1445,0.5473470687866211,7.0
1446,0.6479986310005188,8.0
1447,0.8355907201766968,10.0
1448,0.6147552132606506,8.0
1449,0.6022161841392517,8.0
1450,0.6846726536750793,9.0
1451,0.6708765029907227,9.0
1452,0.862259566783905,11.0
1453,0.6980151534080505,9.0
1454,0.8705466985702515,11.0
1455,0.5463853478431702,7.0
1456,0.8540377616882324,11.0
1457,0.45410996675491333,7.0
1458,0.6411105990409851,8.0
1459,0.575934886932373,8.0
1460,0.7167646884918213,9.0
1461,0.4816230535507202,7.0
1462,0.29988202452659607,5.0
1463,0.3475271165370941,5.0
1464,0.8030789494514465,10.0
1465,0.5565579533576965,8.0
1466,0.3968518078327179,6.0
1467,0.7588014602661133,10.0
1468,0.5557547211647034,8.0
1469,0.765182614326477,10.0
1470,0.7050215005874634,9.0
1471,0.5818086862564087,8.0
1472,0.4203166663646698,6.0
1473,0.3348419666290283,5.0
1474,0.2899394631385803,5.0
1475,0.60810387134552,8.0
1476,0.5662660598754883,8.0
1477,0.2875812351703644,5.0
1478,0.6242522597312927,8.0
1479,0.3768395185470581,6.0
1480,0.5605778098106384,8.0
1481,0.481355220079422,7.0
1482,0.3395037055015564,5.0
1483,0.28447225689888,5.0
1484,0.6511538624763489,9.0
1485,0.4427565932273865,6.0
1486,0.5412353873252869,7.0
1487,0.5438742637634277,7.0
1488,0.5938971042633057,8.0
1489,0.6694506406784058,9.0
1490,0.3740624189376831,6.0
1491,0.9127486348152161,11.0
1492,0.289790540933609,5.0
1493,0.7445853352546692,9.0
1494,0.7532354593276978,10.0
1495,0.5181303024291992,7.0
1496,0.32081592082977295,5.0
1497,0.6249839067459106,8.0
1498,0.6821953058242798,9.0
1499,0.6928625702857971,9.0
1500,0.6251673102378845,8.0
1501,0.5218056440353394,7.0
1502,0.8111189603805542,10.0
1503,0.6559059619903564,9.0
1504,0.5395747423171997,7.0
1505,0.6985834240913391,9.0
1506,0.5132595300674438,7.0
1507,0.4259359836578369,6.0
1508,0.39938071370124817,6.0
1509,0.5693298578262329,8.0
1510,0.6387403607368469,8.0
1511,0.4635436236858368,7.0
1512,0.5960285067558289,8.0
1513,0.29178085923194885,5.0
1514,0.5735995173454285,8.0
1515,0.7714481353759766,10.0
1516,0.5867398977279663,8.0
1517,0.5769791603088379,8.0
1518,0.7807238101959229,10.0
1519,0.4107929766178131,6.0
1520,0.5930576920509338,8.0
1521,0.5220694541931152,7.0
1522,0.826586902141571,10.0
1523,0.4125830829143524,6.0
1524,0.32035335898399353,5.0
1525,0.5198919773101807,7.0
1526,0.7264614105224609,9.0
1527,0.6356505155563354,8.0
1528,0.27499064803123474,5.0
1529,0.6357980370521545,8.0
1530,0.5914592742919922,8.0
1531,0.5466116070747375,7.0
1532,0.5141807794570923,7.0
1533,0.34916967153549194,5.0
1534,0.6919416785240173,9.0
1535,0.39931604266166687,6.0
1536,0.25684940814971924,5.0
1537,0.4649185836315155,7.0
1538,0.627337634563446,8.0
1539,0.5605052709579468,8.0
1540,0.5844363570213318,8.0
1541,0.5470969676971436,7.0
1542,0.7797168493270874,10.0
1543,0.462902694940567,7.0
1544,0.7302841544151306,9.0
1545,0.48786893486976624,7.0
1546,0.7272317409515381,9.0
1547,0.34839046001434326,5.0
1548,0.4659597873687744,7.0
1549,0.35370928049087524,6.0
1550,0.5825011134147644,8.0
1551,0.8474926948547363,10.0
1552,0.3782128393650055,6.0
1553,0.6726557016372681,9.0
1554,0.6009698510169983,8.0
1555,0.21028780937194824,4.0
1556,0.5755030512809753,8.0
1557,0.5890674591064453,8.0
1558,0.6659602522850037,9.0
1559,0.41125577688217163,6.0
1560,0.7323156595230103,9.0
1561,0.6802096962928772,9.0
1562,0.2861449122428894,5.0
1563,0.36024823784828186,6.0
1564,0.5198929309844971,7.0
1565,0.6086727976799011,8.0
1566,0.6076470613479614,8.0
1567,0.7839416265487671,10.0
1568,0.4898085296154022,7.0
1569,0.276061087846756,5.0
1570,0.7220954298973083,9.0
1571,0.5092276334762573,7.0
1572,0.59953373670578,8.0
1573,0.6995024085044861,9.0
1574,0.7194218039512634,9.0
1575,0.6302078366279602,8.0
1576,0.45155763626098633,7.0
1577,0.45309537649154663,7.0
1578,0.49508538842201233,7.0
1579,0.4587244987487793,7.0
1580,0.3973367214202881,6.0
1581,0.8013486862182617,10.0
1582,0.7531213164329529,10.0
1583,0.510856568813324,7.0
1584,0.48449283838272095,7.0
1585,0.8374128937721252,10.0
1586,0.4700663089752197,7.0
1587,0.7136068344116211,9.0
1588,0.8472682237625122,10.0
1589,0.7678431272506714,10.0
1590,0.7482525110244751,9.0
1591,0.749289870262146,9.0
1592,0.13016939163208008,3.0
1593,0.6491883993148804,8.0
1594,0.6223293542861938,8.0
1595,0.6161375641822815,8.0
1596,0.5933749675750732,8.0
1597,0.8699188828468323,11.0
1598,0.7858072519302368,10.0
1599,0.578790545463562,8.0
1600,0.557013750076294,8.0
1601,0.5639122724533081,8.0
1602,0.7239140272140503,9.0
1603,0.55149245262146,8.0
1604,0.5466139912605286,7.0
1605,0.36059051752090454,6.0
1606,0.5928846001625061,8.0
1607,0.6849168539047241,9.0
1608,0.5344813466072083,7.0
1609,0.6961473822593689,9.0
1610,0.9229317903518677,11.0
1611,0.5964000821113586,8.0
1612,0.5845586061477661,8.0
1613,0.5522630214691162,8.0
1614,0.5940778255462646,8.0
1615,0.5504754781723022,8.0
1616,0.820155680179596,10.0
1617,0.5541279911994934,8.0
1618,0.40738704800605774,6.0
1619,0.6314678192138672,8.0
1620,0.4707260727882385,7.0
1621,0.7198861837387085,9.0
1622,0.8935206532478333,11.0
1623,0.6705392003059387,9.0
1624,0.6157704591751099,8.0
1625,0.5072910785675049,7.0
1626,0.7186276316642761,9.0
1627,0.5728556513786316,8.0
1628,0.7654117345809937,10.0
1629,0.722906231880188,9.0
1630,0.7893459796905518,10.0
1631,0.5568074584007263,8.0
1632,0.6047806143760681,8.0
1633,0.536331295967102,7.0
1634,0.5322390794754028,7.0
1635,0.5509982109069824,8.0
1636,0.7126362919807434,9.0
1637,0.5633642673492432,8.0
1638,0.5778096318244934,8.0
1639,0.6401100754737854,8.0
1640,0.5164393186569214,7.0
1641,0.5418107509613037,7.0
1642,0.5660813450813293,8.0
1643,0.8082466721534729,10.0
1644,0.584457516670227,8.0
1645,0.8835027813911438,11.0
1646,0.4938974976539612,7.0
1647,0.466891884803772,7.0
1648,0.7954053282737732,10.0
1649,0.6014220118522644,8.0
1650,0.5447311401367188,7.0
1651,0.7144051194190979,9.0
1652,0.5354040265083313,7.0
1653,0.5057645440101624,7.0
1654,0.7578122019767761,10.0
1655,0.4430621862411499,6.0
1656,0.40072548389434814,6.0
1657,0.5549403429031372,8.0
1658,0.6077804565429688,8.0
1659,0.6814650893211365,9.0
1660,0.6016554832458496,8.0
1661,0.7172268629074097,9.0
1662,0.6606959700584412,9.0
1663,0.6195069551467896,8.0
1664,0.6323412656784058,8.0
1665,0.8050292134284973,10.0
1666,0.7153279185295105,9.0
1667,0.6211327314376831,8.0
1668,0.7250193357467651,9.0
1669,0.8641943335533142,11.0
1670,0.6217267513275146,8.0
1671,0.8630514144897461,11.0
1672,0.4819614291191101,7.0
1673,0.2914870083332062,5.0
1674,0.7160041928291321,9.0
1675,0.790570855140686,10.0
1676,0.44911858439445496,6.0
1677,0.8017541170120239,10.0
1678,0.6406476497650146,8.0
1679,0.5092464089393616,7.0
1680,0.4754149913787842,7.0
1681,0.3688512444496155,6.0
1682,0.6217341423034668,8.0
1683,0.5707617998123169,8.0
1684,0.6486780047416687,8.0
1685,0.6439730525016785,8.0
1686,0.24878767132759094,4.0
1687,0.8692731857299805,11.0
1688,0.68016517162323,9.0
1689,0.4622131288051605,7.0
1690,0.651498556137085,9.0
1691,0.8091588616371155,10.0
1692,0.6330154538154602,8.0
1693,0.7254202961921692,9.0
1694,0.7437815070152283,9.0
1695,0.7204546332359314,9.0
1696,0.6271934509277344,8.0
1697,0.6198992133140564,8.0
1698,0.7177873849868774,9.0
1699,0.559384286403656,8.0
1700,0.693722128868103,9.0
1701,0.5136107206344604,7.0
1702,0.45484212040901184,7.0
1703,0.8667193055152893,11.0
1704,0.6089771389961243,8.0
1705,0.7678183913230896,10.0
1706,0.4390796422958374,6.0
1707,0.4107746481895447,6.0
1708,0.3395530581474304,5.0
1709,0.623883068561554,8.0
1710,0.6197442412376404,8.0
1711,0.3659019470214844,6.0
1712,0.7033292651176453,9.0
1713,0.602518618106842,8.0
1714,0.3261749744415283,5.0
1715,0.8058658242225647,10.0
1716,0.5152374505996704,7.0
1717,0.7351976037025452,9.0
1718,0.6435081958770752,8.0
1719,0.6935513615608215,9.0
1720,0.7613300085067749,10.0
1721,0.6739742755889893,9.0
1722,0.664770245552063,9.0
1723,0.6673584580421448,9.0
1724,0.7208340764045715,9.0
1725,0.6987397074699402,9.0
1726,0.6947676539421082,9.0
1727,0.674034833908081,9.0
1728,0.7228411436080933,9.0
1729,0.6180171966552734,8.0
1730,0.7267917394638062,9.0
1731,0.5834415555000305,8.0
1732,0.5340827107429504,7.0
1733,0.49432051181793213,7.0
1734,0.6873780488967896,9.0
1735,0.46314162015914917,7.0
1736,0.8934675455093384,11.0
1737,0.5025642514228821,7.0
1738,0.4925631284713745,7.0
1739,0.8183407187461853,10.0
1740,0.5497345924377441,7.0
1741,0.5771946310997009,8.0
1742,0.37514519691467285,6.0
1743,0.6233769655227661,8.0
1744,0.7946272492408752,10.0
1745,0.7119473814964294,9.0
1746,0.5988746881484985,8.0
1747,0.5685586929321289,8.0
1748,0.6293927431106567,8.0
1749,0.2926626205444336,5.0
1750,0.5544135570526123,8.0
1751,0.6515972018241882,9.0
1752,0.8065444827079773,10.0
1753,0.4037819802761078,6.0
1754,0.937350332736969,11.0
1755,0.6228854656219482,8.0
1756,0.7441140413284302,9.0
1757,0.37078240513801575,6.0
1758,0.8265739679336548,10.0
1759,0.6670607924461365,9.0
1760,0.8346812725067139,10.0
1761,0.6043256521224976,8.0
1762,0.521571159362793,7.0
1763,0.8566096425056458,11.0
1764,0.6683400273323059,9.0
1765,0.28930196166038513,5.0
1766,0.6695240139961243,9.0
1767,0.7021303772926331,9.0
1768,0.6733673810958862,9.0
1769,0.5828375220298767,8.0
1770,0.6735164523124695,9.0
1771,0.6329789757728577,8.0
1772,0.8438786864280701,10.0
1773,0.610677182674408,8.0
1774,0.7358323335647583,9.0
1775,0.6121010780334473,8.0
1776,0.5921592712402344,8.0
1777,0.7401123046875,9.0
1778,0.25107061862945557,5.0
1779,0.7350784540176392,9.0
1780,0.7153937220573425,9.0
1781,0.6495486497879028,8.0
1782,0.5998384952545166,8.0
1783,0.6731393933296204,9.0
1784,0.4021458029747009,6.0
1785,0.5037953853607178,7.0
1786,0.30083799362182617,5.0
1787,0.419181227684021,6.0
2978,0.5600229501724243,4.0
2979,0.22723010182380676,2.0
2980,0.39783087372779846,3.0
2981,0.6882755160331726,4.0
2982,0.6577998399734497,4.0
2983,0.554587721824646,4.0
2984,0.7680662870407104,5.0
2985,0.793624997138977,5.0
2986,0.5803484320640564,4.0
2987,0.5544150471687317,4.0
2988,0.43979963660240173,3.0
2989,0.4535560607910156,3.0
2990,0.6642937064170837,4.0
2991,0.5106933116912842,4.0
2992,0.27828460931777954,2.0
2993,0.5840756893157959,4.0
2994,0.7824336886405945,5.0
2995,0.5177841186523438,4.0
2996,0.3920145630836487,3.0
2997,0.4721381962299347,3.0
2998,0.306830495595932,3.0
2999,0.34593772888183594,3.0
3000,0.4053729474544525,3.0
3001,0.581943690776825,4.0
3002,0.6667287945747375,4.0
3003,0.6167855858802795,4.0
3004,0.3479327857494354,3.0
3005,0.2670396566390991,2.0
3006,0.3699098825454712,3.0
3007,0.47029685974121094,3.0
3008,0.5347528457641602,4.0
3009,0.48341429233551025,3.0
3010,0.3073200285434723,3.0
3011,0.4658035635948181,3.0
3012,0.3644697964191437,3.0
3013,0.6825968623161316,4.0
3014,0.4774898290634155,3.0
3015,0.5858719944953918,4.0
3016,0.5266087651252747,4.0
3017,0.6996358036994934,4.0
3018,0.6340847015380859,4.0
3019,0.5317913889884949,4.0
3020,0.8031838536262512,5.0
3021,0.6711149215698242,4.0
3022,0.49884122610092163,3.0
3023,0.4486413598060608,3.0
3024,0.7795218229293823,5.0
3025,0.5806736946105957,4.0
3026,0.5595992803573608,4.0
3027,0.6223083734512329,4.0
3028,0.7417980432510376,5.0
3029,0.36618006229400635,3.0
3030,0.5711009502410889,4.0
3031,0.40566596388816833,3.0
3032,0.6796364784240723,4.0
3033,0.7354524731636047,5.0
3034,0.8445093035697937,5.0
3035,0.27445346117019653,2.0
3036,0.4451732635498047,3.0
3037,0.6549331545829773,4.0
3038,0.2891446650028229,2.0
3039,0.38927793502807617,3.0
3040,0.5900381803512573,4.0
3041,0.7062604427337646,5.0
3042,0.4596589207649231,3.0
3043,0.5010849237442017,4.0
3044,0.4097338020801544,3.0
3045,0.5171157121658325,4.0
3046,0.4196561872959137,3.0
3047,0.38015562295913696,3.0
3048,0.654032289981842,4.0
3049,0.527366042137146,4.0
3050,0.5005923509597778,4.0
3051,0.5953623652458191,4.0
3052,0.5918720364570618,4.0
3053,0.5504741072654724,4.0
3054,0.5977988839149475,4.0
3055,0.39233478903770447,3.0
3056,0.6068266034126282,4.0
3057,0.18999873101711273,2.0
3058,0.5016881227493286,4.0
3059,0.511563241481781,4.0
3060,0.6284027099609375,4.0
3061,0.4996829926967621,3.0
3062,0.48047977685928345,3.0
3063,0.5748447775840759,4.0
3064,0.4704616963863373,3.0
3065,0.3182554543018341,3.0
3066,0.20620736479759216,2.0
3067,0.6042090058326721,4.0
3068,0.3638001084327698,3.0
3069,0.689702570438385,4.0
3070,0.4974125623703003,3.0
3071,0.548988938331604,4.0
3072,0.7709465026855469,5.0
3073,0.9729098677635193,6.0
3074,0.7593956589698792,5.0
3075,0.7722402811050415,5.0
3076,0.5171374082565308,4.0
3077,0.840772807598114,5.0
3078,0.5509351491928101,4.0
3079,0.5282612442970276,4.0
3080,0.669150710105896,4.0
3081,0.5261880159378052,4.0
3082,0.6030893325805664,4.0
3083,0.5498120188713074,4.0
3084,0.6370928287506104,4.0
3085,0.3309597969055176,3.0
3086,0.2030581831932068,2.0
3087,0.3353654146194458,3.0
3088,0.4776262938976288,3.0
3089,0.597791314125061,4.0
3090,0.48950105905532837,3.0
3091,0.3291667401790619,3.0
3092,0.31394514441490173,3.0
3093,0.47414159774780273,3.0
3094,0.4120289087295532,3.0
3095,0.35595765709877014,3.0
3096,0.2525762617588043,2.0
3097,0.5441193580627441,4.0
3098,0.4199495315551758,3.0
3099,0.6996343731880188,4.0
3100,0.5789106488227844,4.0
3101,0.3508129417896271,3.0
3102,0.4329899251461029,3.0
3103,0.3868010342121124,3.0
3104,0.7985765337944031,5.0
3105,0.40167516469955444,3.0
3106,0.8212599158287048,5.0
3107,0.6455111503601074,4.0
3108,0.41329771280288696,3.0
3109,0.6084569096565247,4.0
3110,0.3668173551559448,3.0
3111,0.49384400248527527,3.0
3112,0.44253069162368774,3.0
3113,0.39442306756973267,3.0
3114,0.6772875785827637,4.0
3115,0.5346376895904541,4.0
3116,0.4191328287124634,3.0
3117,0.41061145067214966,3.0
3118,0.27142107486724854,2.0
3119,0.7633076906204224,5.0
3120,0.6523066163063049,4.0
3121,0.6369481086730957,4.0
3122,0.6248894333839417,4.0
3123,0.45917612314224243,3.0
3124,0.5087743401527405,4.0
3125,0.6921017169952393,4.0
3126,0.7968543171882629,5.0
3127,0.5761259198188782,4.0
3128,0.56876540184021,4.0
3129,0.9103090167045593,6.0
3130,0.7019947171211243,5.0
3131,0.5081583261489868,4.0
3132,0.5758523941040039,4.0
3133,0.690294623374939,4.0
3134,0.6650372743606567,4.0
3135,0.42942333221435547,3.0
3136,0.5136299133300781,4.0
3137,0.541985809803009,4.0
3138,0.5423400402069092,4.0
3139,0.5117367506027222,4.0
3140,0.5293914675712585,4.0
3141,0.5507743954658508,4.0
3142,0.5872041583061218,4.0
3143,0.49245694279670715,3.0
3144,0.5429165363311768,4.0
3145,0.6622008085250854,4.0
3146,0.3947388529777527,3.0
3147,0.2827615737915039,2.0
3148,0.3414730429649353,3.0
3149,0.497384250164032,3.0
3150,0.7748821973800659,5.0
3151,0.5775686502456665,4.0
3152,0.618014931678772,4.0
3153,0.7897703051567078,5.0
3154,0.3711385130882263,3.0
3155,0.2859441339969635,2.0
3156,0.4365791380405426,3.0
3157,0.6371362805366516,4.0
3158,0.330745130777359,3.0
3159,0.26738807559013367,2.0
3160,0.48752859234809875,3.0
3161,0.567351758480072,4.0
3162,0.6603295803070068,4.0
3163,0.6227673888206482,4.0
3164,0.45073285698890686,3.0
3165,0.3957032859325409,3.0
3166,0.5878073573112488,4.0
3167,0.3429408073425293,3.0
3168,0.5181910395622253,4.0
3169,0.6647995114326477,4.0
3170,0.4796585440635681,3.0
3171,0.7704768180847168,5.0
3172,0.7373991012573242,5.0
3173,0.6574788093566895,4.0
3174,0.3984552323818207,3.0
3175,0.7523206472396851,5.0
3176,0.6653409600257874,4.0
3177,0.26077190041542053,2.0
3178,0.47117576003074646,3.0
3179,0.5084260702133179,4.0
3180,0.8183676600456238,5.0
3181,0.7997166514396667,5.0
3182,0.36831575632095337,3.0
3183,0.49324893951416016,3.0
3184,0.5839490294456482,4.0
3185,0.48898276686668396,3.0
3186,0.43222442269325256,3.0
3187,0.5018495321273804,4.0
3188,0.5039381384849548,4.0
3189,0.6666749119758606,4.0
3190,0.508369505405426,4.0
3191,0.6829690933227539,4.0
3192,0.3444797396659851,3.0
3193,0.6099998354911804,4.0
3194,0.5110897421836853,4.0
3195,0.5898388028144836,4.0
3196,0.716422438621521,5.0
3197,0.36391013860702515,3.0
3198,0.39625024795532227,3.0
3199,0.47683581709861755,3.0
3200,0.7150878310203552,5.0
3201,0.46371716260910034,3.0
3202,0.7422040104866028,5.0
3203,0.5646137595176697,4.0
3204,0.6047486066818237,4.0
3205,0.5522432923316956,4.0
3206,0.8668456077575684,5.0
3207,0.5030750632286072,4.0
3208,0.581135094165802,4.0
3209,0.24204958975315094,2.0
3210,0.6329181790351868,4.0
3211,0.5119531154632568,4.0
3212,0.6921826601028442,4.0
3213,0.5286328196525574,4.0
3214,0.8494073748588562,5.0
3215,0.3671722710132599,3.0
3216,0.6739264726638794,4.0
3217,0.8386343717575073,5.0
3218,0.5534917712211609,4.0
3219,0.8764566779136658,5.0
3220,0.5397440195083618,4.0
3221,0.7720595598220825,5.0
3222,0.2943614721298218,2.0
3223,0.5286490321159363,4.0
3224,0.6300082802772522,4.0
3225,0.39716842770576477,3.0
3226,0.4082282781600952,3.0
3227,0.6176678538322449,4.0
3228,0.7748070359230042,5.0
3229,0.5626707077026367,4.0
3230,0.24185095727443695,2.0
3231,0.8273415565490723,5.0
3232,0.43046024441719055,3.0
3233,0.5044028162956238,4.0
3234,0.46854299306869507,3.0
3235,0.7801060080528259,5.0
3236,0.6949175596237183,4.0
3237,0.19340093433856964,2.0
3238,0.40348607301712036,3.0
3239,0.6365765333175659,4.0
3240,0.3700879216194153,3.0
3241,0.12798403203487396,2.0
3242,0.539210319519043,4.0
3243,0.7736589908599854,5.0
3244,0.2538258731365204,2.0
3245,0.2652575671672821,2.0
3246,0.36434951424598694,3.0
3247,0.6969286203384399,4.0
3248,0.5627221465110779,4.0
3249,0.7953681349754333,5.0
3250,0.28737813234329224,2.0
3251,0.4011501371860504,3.0
3252,0.5339556932449341,4.0
3253,0.6037388443946838,4.0
3254,0.7561736702919006,5.0
3255,0.6853574514389038,4.0
3256,0.4465516209602356,3.0
3257,0.25344014167785645,2.0
3258,0.7180613279342651,5.0
3259,0.19692037999629974,2.0
3260,0.7033911347389221,5.0
3261,0.6523401737213135,4.0
3262,0.41570979356765747,3.0
3263,0.6964353322982788,4.0
3264,0.30775099992752075,3.0
3265,0.7385442852973938,5.0
3266,0.8794897794723511,5.0
3267,0.5163674354553223,4.0
3268,0.5827705264091492,4.0
3269,0.5807723999023438,4.0
3270,0.5350988507270813,4.0
3271,0.7742854952812195,5.0
3272,0.23201581835746765,2.0
3273,0.7547889947891235,5.0
3274,0.5347422361373901,4.0
3275,0.6120291948318481,4.0
3276,0.5642255544662476,4.0
3277,0.8748220205307007,5.0
3278,0.7323853969573975,5.0
3279,0.7223567962646484,5.0
3280,0.31380075216293335,3.0
3281,0.8076121807098389,5.0
3282,0.7076807618141174,5.0
3283,0.5719717144966125,4.0
3284,0.45166054368019104,3.0
3285,0.5187088251113892,4.0
3286,0.6134855151176453,4.0
3287,0.5862622857093811,4.0
3288,0.654549777507782,4.0
3289,0.4325771927833557,3.0
3290,0.5952447652816772,4.0
3291,0.8205965161323547,5.0
3292,0.8273822069168091,5.0
3293,0.5257847309112549,4.0
3294,0.5885052680969238,4.0
3295,0.4943164885044098,3.0
3296,0.5554883480072021,4.0
3297,0.4444240927696228,3.0
3298,0.8291165828704834,5.0
3299,0.72287517786026,5.0
3300,0.6378461718559265,4.0
3301,0.4832281172275543,3.0
3302,0.6185356974601746,4.0
3303,0.4090615510940552,3.0
3304,0.5045424103736877,4.0
3305,0.43536898493766785,3.0
3306,0.7204731702804565,5.0
3307,0.3974936008453369,3.0
3308,0.5157949924468994,4.0
3309,0.5605517625808716,4.0
3310,0.9267577528953552,6.0
3311,0.752601146697998,5.0
3312,0.7010270357131958,5.0
3313,0.46059122681617737,3.0
3314,0.5085079669952393,4.0
3315,0.6611826419830322,4.0
3316,0.7052928805351257,5.0
3317,0.6235731840133667,4.0
3318,0.4729114770889282,3.0
3319,0.4406512379646301,3.0
3320,0.5241044163703918,4.0
3321,0.6687565445899963,4.0
3322,0.43240612745285034,3.0
3323,0.6738290786743164,4.0
3324,0.3038778305053711,3.0
3325,0.7818170785903931,5.0
3326,0.44926923513412476,3.0
3327,0.6019310355186462,4.0
3328,0.5733100771903992,4.0
3329,0.28467825055122375,2.0
3330,0.4812339246273041,3.0
3331,0.8311019539833069,5.0
3332,0.4067794680595398,3.0
3333,0.389987051486969,3.0
3334,0.666601300239563,4.0
3335,0.4694806635379791,3.0
3336,0.3549899756908417,3.0
3337,0.533073902130127,4.0
3338,0.48434358835220337,3.0
3339,0.5279636383056641,4.0
3340,0.673143208026886,4.0
3341,0.5564841032028198,4.0
3342,0.7014745473861694,5.0
3343,0.8369455933570862,5.0
3344,0.8101637959480286,5.0
3345,0.41162216663360596,3.0
3346,0.36275699734687805,3.0
3347,0.5635850429534912,4.0
3348,0.5242859125137329,4.0
3349,0.42896199226379395,3.0
3350,0.3540599048137665,3.0
3351,0.5785142183303833,4.0
3352,0.3094508647918701,3.0
3353,0.5416582226753235,4.0
3354,0.3243168294429779,3.0
3355,0.5757530331611633,4.0
3356,0.48450785875320435,3.0
3357,0.578755259513855,4.0
3358,0.5736975073814392,4.0
3359,0.3333902060985565,3.0
3360,0.45350348949432373,3.0
3361,0.701261579990387,5.0
3362,0.5069385170936584,4.0
3363,0.4077700078487396,3.0
3364,0.5838047862052917,4.0
3365,0.5050728917121887,4.0
3366,0.5864465832710266,4.0
3367,0.8510168194770813,5.0
3368,0.5564488172531128,4.0
3369,0.39853769540786743,3.0
3370,0.6830730438232422,4.0
3371,0.463860422372818,3.0
3372,0.512836217880249,4.0
3373,0.4211023449897766,3.0
3374,0.49627748131752014,3.0
3375,0.43776780366897583,3.0
3376,0.5838913917541504,4.0
3377,0.4085868299007416,3.0
3378,0.36979803442955017,3.0
3379,0.6407241821289062,4.0
3380,0.5581135749816895,4.0
3381,0.5033298134803772,4.0
3382,0.3759913742542267,3.0
3383,0.7343508005142212,5.0
3384,0.6867378354072571,4.0
3385,0.7464686036109924,5.0
3386,0.7150833606719971,5.0
3387,0.489843487739563,3.0
3388,0.2949497103691101,2.0
3389,0.4654257297515869,3.0
3390,0.5130245685577393,4.0
3391,0.7170313596725464,5.0
3392,0.36598578095436096,3.0
3393,0.3267901539802551,3.0
3394,0.7175298929214478,5.0
3395,0.32684704661369324,3.0
3396,0.5024123191833496,4.0
3397,0.7809914946556091,5.0
3398,0.7117280960083008,5.0
3399,0.6433554887771606,4.0
3400,0.6820619106292725,4.0
3401,0.39973199367523193,3.0
3402,0.6450042724609375,4.0
3403,0.6024200916290283,4.0
3404,0.5038097500801086,4.0
3405,0.759591281414032,5.0
3406,0.6351968050003052,4.0
3407,0.6204087734222412,4.0
3408,0.582617461681366,4.0
3409,0.670647919178009,4.0
3410,0.43853509426116943,3.0
3411,0.488681435585022,3.0
3412,0.6070736646652222,4.0
3413,0.4023187458515167,3.0
3414,0.5892322063446045,4.0
3415,0.4005976915359497,3.0
3416,0.44985055923461914,3.0
3417,0.5737103223800659,4.0
3418,0.899366557598114,5.0
3419,0.5548442602157593,4.0
3420,0.681958019733429,4.0
3421,0.6860101222991943,4.0
3422,0.32777827978134155,3.0
3423,0.25501155853271484,2.0
3424,0.7569023370742798,5.0
3425,0.4773365259170532,3.0
3426,0.3412979543209076,3.0
3427,0.4508838653564453,3.0
3428,0.7698752880096436,5.0
3429,0.43389731645584106,3.0
3430,0.488616943359375,3.0
3431,0.4517664313316345,3.0
3432,0.5085577964782715,4.0
3433,0.44681087136268616,3.0
3434,0.3484419584274292,3.0
3435,0.38452833890914917,3.0
3436,0.4707662761211395,3.0
3437,0.3529827892780304,3.0
3438,0.4807299077510834,3.0
3439,0.34136953949928284,3.0
3440,0.7161365151405334,5.0
3441,0.5465351343154907,4.0
3442,0.48202699422836304,3.0
3443,0.7449910640716553,5.0
3444,0.5213600993156433,4.0
3445,0.5208768844604492,4.0
3446,0.6494919657707214,4.0
3447,0.7945200800895691,5.0
3448,0.5334802269935608,4.0
3449,0.5888311862945557,4.0
3450,0.5273889899253845,4.0
3451,0.530112624168396,4.0
3452,0.5399183630943298,4.0
3453,0.5310863256454468,4.0
3454,0.3049073815345764,3.0
3455,0.6449385285377502,4.0
3456,0.5033986568450928,4.0
3457,0.45227527618408203,3.0
3458,0.5007615089416504,4.0
3459,0.4697797894477844,3.0
3460,0.6954635381698608,4.0
3461,0.37767094373703003,3.0
3462,0.4694981575012207,3.0
3463,0.38443723320961,3.0
3464,0.6679200530052185,4.0
3465,0.3940525949001312,3.0
3466,0.41072362661361694,3.0
3467,0.6364994049072266,4.0
3468,0.6379581689834595,4.0
3469,0.6154704689979553,4.0
3470,0.6833155155181885,4.0
3471,0.5054495930671692,4.0
3472,0.29538074135780334,2.0
3473,0.18016378581523895,2.0
3474,0.6338409185409546,4.0
3475,0.38493597507476807,3.0
3476,0.6912037134170532,4.0
3477,0.5861252546310425,4.0
3478,0.5117152333259583,4.0
3479,0.3485339879989624,3.0
3480,0.418949693441391,3.0
3481,0.42822906374931335,3.0
3482,0.4723071753978729,3.0
3483,0.6074823141098022,4.0
3484,0.40521371364593506,3.0
3485,0.7051846981048584,5.0
3486,0.23594555258750916,2.0
3487,0.6905739903450012,4.0
3488,0.5675833225250244,4.0
3489,0.40444841980934143,3.0
3490,0.4748074412345886,3.0
3491,0.25148212909698486,2.0
3492,0.7251412868499756,5.0
3493,0.22418782114982605,2.0
3494,0.4562818706035614,3.0
3495,0.48280224204063416,3.0
3496,0.5504682660102844,4.0
3497,0.5174720287322998,4.0
3498,0.5089803338050842,4.0
3499,0.6618728041648865,4.0
3500,0.29888924956321716,2.0
3501,0.6089364290237427,4.0
3502,0.42197686433792114,3.0
3503,0.34664881229400635,3.0
3504,0.41533684730529785,3.0
3505,0.264243483543396,2.0
3506,0.5253303647041321,4.0
3507,0.574849545955658,4.0
3508,0.548432469367981,4.0
3509,0.7779840230941772,5.0
3510,0.37349724769592285,3.0
3511,0.5877709984779358,4.0
3512,0.5908268094062805,4.0
3513,0.5012244582176208,4.0
3514,0.5752500891685486,4.0
3515,0.4323233962059021,3.0
3516,0.6094919443130493,4.0
3517,0.29901912808418274,2.0
3518,0.5300812125205994,4.0
3519,0.6766650080680847,4.0
3520,0.6928858160972595,4.0
3521,0.526081383228302,4.0
3522,0.44093167781829834,3.0
3523,0.7004543542861938,5.0
3524,0.5395693182945251,4.0
3525,0.6206343173980713,4.0
3526,0.3616465926170349,3.0
3527,0.539833128452301,4.0
3528,0.6858568787574768,4.0
3529,0.6473994851112366,4.0
3530,0.6426324844360352,4.0
3531,0.7485183477401733,5.0
3532,0.5129116177558899,4.0
3533,0.499824583530426,3.0
3534,0.5173957347869873,4.0
3535,0.4731041491031647,3.0
3536,0.4508874714374542,3.0
3537,0.6914119720458984,4.0
3538,0.5467860698699951,4.0
3539,0.8974544405937195,5.0
3540,0.5349448323249817,4.0
3541,0.5244438052177429,4.0
3542,0.5963030457496643,4.0
3543,0.36494436860084534,3.0
3544,0.7111546397209167,5.0
3545,0.6875454187393188,4.0
3546,0.8772244453430176,5.0
3547,0.5172531604766846,4.0
3548,0.49318307638168335,3.0
3549,0.5703532695770264,4.0
3550,0.72347491979599,5.0
3551,0.7239554524421692,5.0
3552,0.5271709561347961,4.0
3553,0.41214585304260254,3.0
3554,0.5132413506507874,4.0
3555,0.7227713465690613,5.0
3556,0.21308043599128723,2.0
3557,0.5519605875015259,4.0
3558,0.47722339630126953,3.0
3559,0.7180294990539551,5.0
3560,0.5755243301391602,4.0
3561,0.4546366035938263,3.0
3562,0.4866360127925873,3.0
3563,0.5046648383140564,4.0
3564,0.5362507104873657,4.0
3565,0.615243136882782,4.0
3566,0.5729417204856873,4.0
3567,0.5280196666717529,4.0
3568,0.5237371325492859,4.0
3569,0.6203086972236633,4.0
3570,0.7276540994644165,5.0
3571,0.48680827021598816,3.0
3572,0.23381498456001282,2.0
3573,0.6216881275177002,4.0
3574,0.5211824774742126,4.0
3575,0.872001051902771,5.0
3576,0.38174256682395935,3.0
3577,0.5322059392929077,4.0
3578,0.5226735472679138,4.0
3579,0.7731679677963257,5.0
3580,0.30337288975715637,3.0
3581,0.4916059076786041,3.0
3582,0.35047775506973267,3.0
3583,0.43500080704689026,3.0
3584,0.4296162724494934,3.0
3585,0.44846534729003906,3.0
3586,0.41867029666900635,3.0
3587,0.22720088064670563,2.0
3588,0.3011051118373871,3.0
3589,0.7659520506858826,5.0
3590,0.601652979850769,4.0
3591,0.6884450912475586,4.0
3592,0.48195576667785645,3.0
3593,0.6381381750106812,4.0
3594,0.832512378692627,5.0
3595,0.625467836856842,4.0
3596,0.7446039915084839,5.0
3597,0.3122369050979614,3.0
3598,0.4694196581840515,3.0
3599,0.4750462472438812,3.0
3600,0.4465847611427307,3.0
3601,0.7599212527275085,5.0
3602,0.3424803912639618,3.0
3603,0.4101271629333496,3.0
3604,0.32613882422447205,3.0
3605,0.7607042789459229,5.0
3606,0.5200681090354919,4.0
3607,0.7805190086364746,5.0
3608,0.5725792050361633,4.0
3609,0.7422534823417664,5.0
3610,0.40530040860176086,3.0
3611,0.24263505637645721,2.0
3612,0.5180888175964355,4.0
3613,0.6274447441101074,4.0
3614,0.6617388129234314,4.0
3615,0.5489727854728699,4.0
3616,0.5069629549980164,4.0
3617,0.4317188858985901,3.0
3618,0.5388416647911072,4.0
3619,0.6531355381011963,4.0
3620,0.7107516527175903,5.0
3621,0.5857169032096863,4.0
3622,0.6154596209526062,4.0
3623,0.3436301350593567,3.0
3624,0.5872018933296204,4.0
3625,0.40379494428634644,3.0
3626,0.737707257270813,5.0
3627,0.5415852665901184,4.0
3628,0.7373040318489075,5.0
3629,0.5094205737113953,4.0
3630,0.4778611660003662,3.0
3631,0.47517961263656616,3.0
3632,0.3488996922969818,3.0
3633,0.42461684346199036,3.0
3634,0.3369569182395935,3.0
3635,0.4267573952674866,3.0
3636,0.6019904613494873,4.0
3637,0.5936087369918823,4.0
3638,0.4841165542602539,3.0
3639,0.43914783000946045,3.0
3640,0.7463477253913879,5.0
3641,0.28436416387557983,2.0
3642,0.5647834539413452,4.0
3643,0.3510820269584656,3.0
3644,0.45578733086586,3.0
3645,0.3922109007835388,3.0
3646,0.5676229000091553,4.0
3647,0.6669070720672607,4.0
3648,0.7570617198944092,5.0
3649,0.5707429647445679,4.0
3650,0.7034673094749451,5.0
3651,0.6384674310684204,4.0
3652,0.7843149304389954,5.0
3653,0.8745364546775818,5.0
3654,0.5141302347183228,4.0
3655,0.427687406539917,3.0
3656,0.20751343667507172,2.0
3657,0.6491630673408508,4.0
3658,0.7391265630722046,5.0
3659,0.20974339544773102,2.0
3660,0.48789477348327637,3.0
3661,0.7498648762702942,5.0
3662,0.7103784084320068,5.0
3663,0.3507753610610962,3.0
3664,0.589215099811554,4.0
3665,0.44358283281326294,3.0
3666,0.4695470929145813,3.0
3667,0.4887842833995819,3.0
3668,0.5665790438652039,4.0
3669,0.5231523513793945,4.0
3670,0.12837792932987213,2.0
3671,0.618972897529602,4.0
3672,0.5255950689315796,4.0
3673,0.5356559753417969,4.0
3674,0.5814696550369263,4.0
3675,0.5776278972625732,4.0
3676,0.6973782777786255,4.0
3677,0.6426666378974915,4.0
3678,0.3946373760700226,3.0
3679,0.4739387035369873,3.0
3680,0.4051781892776489,3.0
3681,0.4531412124633789,3.0
3682,0.6151426434516907,4.0
3683,0.5039129257202148,4.0
3684,0.2969415485858917,2.0
3685,0.23539744317531586,2.0
3686,0.38845133781433105,3.0
3687,0.7023895978927612,5.0
3688,0.5417221188545227,4.0
3689,0.6533804535865784,4.0
3690,0.39272791147232056,3.0
3691,0.685925304889679,4.0
3692,0.5577073097229004,4.0
3693,0.5543708205223083,4.0
3694,0.5917931795120239,4.0
3695,0.5291280746459961,4.0
3696,0.524351179599762,4.0
3697,0.8119177222251892,5.0
3698,0.6022176742553711,4.0
3699,0.245091050863266,2.0
3700,0.6142602562904358,4.0
3701,0.5217704772949219,4.0
3702,0.40258553624153137,3.0
3703,0.38617950677871704,3.0
3704,0.48495376110076904,3.0
3705,0.199885293841362,2.0
3706,0.4699574410915375,3.0
3707,0.6697972416877747,4.0
3708,0.5866833329200745,4.0
3709,0.5407258868217468,4.0
3710,0.39158689975738525,3.0
3711,0.47115787863731384,3.0
3712,0.40689024329185486,3.0
3713,0.7064729928970337,5.0
3714,0.26108279824256897,2.0
3715,0.45288366079330444,3.0
3716,0.5773528814315796,4.0
3717,0.4465898871421814,3.0
3718,0.43133845925331116,3.0
3719,0.7826777696609497,5.0
3720,0.541628360748291,4.0
3721,0.6252753138542175,4.0
3722,0.7527393102645874,5.0
3723,0.8456724286079407,5.0
3724,0.43716469407081604,3.0
3725,0.4158715009689331,3.0
3726,0.4778674840927124,3.0
3727,0.4655716121196747,3.0
3728,0.568853497505188,4.0
3729,0.37478506565093994,3.0
3730,0.418797105550766,3.0
3731,0.2990894317626953,2.0
3732,0.6493503451347351,4.0
3733,0.5130947232246399,4.0
3734,0.20871175825595856,2.0
3735,0.5424415469169617,4.0
3736,0.6662333011627197,4.0
3737,0.5858664512634277,4.0
3738,0.39841437339782715,3.0
3739,0.3277556002140045,3.0
3740,0.7652943730354309,5.0
3741,0.23354990780353546,2.0
3742,0.6461010575294495,4.0
3743,0.4366099536418915,3.0
3744,0.31663593649864197,3.0
3745,0.34677794575691223,3.0
3746,0.6465202569961548,4.0
3747,0.48909297585487366,3.0
3748,0.506761372089386,4.0
3749,0.5197305679321289,4.0
3750,0.684283435344696,4.0
3751,0.8384195566177368,5.0
3752,0.37648749351501465,3.0
3753,0.559255838394165,4.0
3754,0.4013475775718689,3.0
3755,0.6986870765686035,4.0
3756,0.6635094285011292,4.0
3757,0.5036262273788452,4.0
3758,0.4356420934200287,3.0
3759,0.3451150357723236,3.0
3760,0.38518407940864563,3.0
3761,0.8491863012313843,5.0
3762,0.27727821469306946,2.0
3763,0.7179449200630188,5.0
3764,0.39760422706604004,3.0
3765,0.6077110171318054,4.0
3766,0.3661086857318878,3.0
3767,0.5661501884460449,4.0
3768,0.9056670665740967,6.0
3769,0.4070657789707184,3.0
3770,0.6202559471130371,4.0
3771,0.5356783270835876,4.0
3772,0.40114423632621765,3.0
3773,0.4999949336051941,3.0
3774,0.5193604826927185,4.0
3775,0.6431928873062134,4.0
3776,0.5482824444770813,4.0
3777,0.569049596786499,4.0
3778,0.4919341206550598,3.0
3779,0.2331731617450714,2.0
3780,0.6989622712135315,4.0
3781,0.5034608840942383,4.0
3782,0.4519972503185272,3.0
3783,0.6112432479858398,4.0
3784,0.8585348129272461,5.0
3785,0.307364284992218,3.0
3786,0.43115320801734924,3.0
3787,0.41276466846466064,3.0
3788,0.6238571405410767,4.0
3789,0.451192170381546,3.0
3790,0.4055301249027252,3.0
3791,0.5174511075019836,4.0
3792,0.36984002590179443,3.0
3793,0.8514256477355957,5.0
3794,0.5961982011795044,4.0
3795,0.5548114776611328,4.0
3796,0.5691300630569458,4.0
3797,0.5495225787162781,4.0
3798,0.7856753468513489,5.0
3799,0.2986129820346832,2.0
3800,0.5043526291847229,4.0
3801,0.32027649879455566,3.0
3802,0.6005549430847168,4.0
3803,0.2888633608818054,2.0
3804,0.5622761845588684,4.0
3805,0.336948424577713,3.0
3806,0.6196352243423462,4.0
3807,0.5328992605209351,4.0
3808,0.38513249158859253,3.0
3809,0.7713621854782104,5.0
3810,0.41964030265808105,3.0
3811,0.5313965678215027,4.0
3812,0.48674511909484863,3.0
3813,0.4229428470134735,3.0
3814,0.4560285210609436,3.0
3815,0.4887542128562927,3.0
3816,0.4600309431552887,3.0
3817,0.1687043160200119,2.0
3818,0.4868679344654083,3.0
3819,0.7681208848953247,5.0
3820,0.5704627633094788,4.0
3821,0.48973795771598816,3.0
3822,0.5402659773826599,4.0
3823,0.4213621914386749,3.0
3824,0.6501873731613159,4.0
3825,0.5191423296928406,4.0
3826,0.7232099771499634,5.0
3827,0.7064968943595886,5.0
3828,0.4227854609489441,3.0
3829,0.6055716872215271,4.0
3830,0.4771322011947632,3.0
3831,0.4588584005832672,3.0
3832,0.5359837412834167,4.0
3833,0.6599254608154297,4.0
3834,0.4377266764640808,3.0
3835,0.5185369253158569,4.0
3836,0.6808990836143494,4.0
3837,0.4089806079864502,3.0
3838,0.45062631368637085,3.0
3839,0.40706223249435425,3.0
3840,0.8375852704048157,5.0
3841,0.29207536578178406,2.0
3842,0.4966578781604767,3.0
3843,0.6596770882606506,4.0
3844,0.6063467264175415,4.0
3845,0.23059117794036865,2.0
3846,0.6540557742118835,4.0
3847,0.7884330153465271,5.0
3848,0.6322633028030396,4.0
3849,0.7288992404937744,5.0
3850,0.2968611419200897,2.0
3851,0.5376462340354919,4.0
3852,0.5251958966255188,4.0
3853,0.41891974210739136,3.0
3854,0.4223421514034271,3.0
3855,0.4760873019695282,3.0
3856,0.4174003303050995,3.0
3857,0.6486803889274597,4.0
3858,0.5557032227516174,4.0
3859,0.6747588515281677,4.0
3860,0.5616286993026733,4.0
3861,0.32951149344444275,3.0
3862,0.8372988104820251,5.0
3863,0.5234948992729187,4.0
3864,0.5577337145805359,4.0
3865,0.4992520213127136,3.0
3866,0.3823144733905792,3.0
3867,0.505700945854187,4.0
3868,0.637147068977356,4.0
3869,0.6065598726272583,4.0
3870,0.4252345860004425,3.0
3871,0.658582866191864,4.0
3872,0.5718401670455933,4.0
3873,0.9299294352531433,6.0
3874,0.409037321805954,3.0
3875,0.8415996432304382,5.0
3876,0.7278830409049988,5.0
3877,0.5913403034210205,4.0
3878,0.45831358432769775,3.0
3879,0.11937329918146133,2.0
3880,0.32653844356536865,3.0
3881,0.6323654055595398,4.0
3882,0.2765589654445648,2.0
3883,0.17634692788124084,2.0
3884,0.48935502767562866,3.0
3885,0.5232618451118469,4.0
3886,0.602699875831604,4.0
3887,0.4158446192741394,3.0
3888,0.6566944122314453,4.0
3889,0.6930819153785706,4.0
3890,0.5888825058937073,4.0
3891,0.4757921099662781,3.0
3892,0.5242548584938049,4.0
3893,0.7631794810295105,5.0
3894,0.559989333152771,4.0
3895,0.4115985929965973,3.0
3896,0.7418901920318604,5.0
3897,0.4311610758304596,3.0
3898,0.6357713937759399,4.0
3899,0.5932772159576416,4.0
3900,0.4024149179458618,3.0
3901,0.5360857248306274,4.0
3902,0.6845057010650635,4.0
3903,0.20754240453243256,2.0
3904,0.669106125831604,4.0
3905,0.41487666964530945,3.0
3906,0.800610363483429,5.0
3907,0.5234469771385193,4.0
3908,0.7294780015945435,5.0
3909,0.5676702260971069,4.0
3910,0.5459528565406799,4.0
3911,0.5395943522453308,4.0
3912,0.5593826174736023,4.0
3913,0.44996747374534607,3.0
3914,0.5240697860717773,4.0
3915,0.6000348925590515,4.0
3916,0.48453667759895325,3.0
3917,0.5899941325187683,4.0
3918,0.7741639018058777,5.0
3919,0.6948758363723755,4.0
3920,0.794406533241272,5.0
3921,0.5632951855659485,4.0
3922,0.6262897253036499,4.0
3923,0.6457686424255371,4.0
3924,0.5300471186637878,4.0
3925,0.6791408658027649,4.0
3926,0.4621792137622833,3.0
3927,0.5043081045150757,4.0
3928,0.4268450438976288,3.0
3929,0.3860512375831604,3.0
3930,0.629143476486206,4.0
3931,0.529259443283081,4.0
3932,0.7303731441497803,5.0
3933,0.49999701976776123,3.0
3934,0.6060113906860352,4.0
3935,0.5230551958084106,4.0
3936,0.49144256114959717,3.0
3937,0.6796544194221497,4.0
3938,0.5481644868850708,4.0
3939,0.6052060723304749,4.0
3940,0.5461305379867554,4.0
3941,0.3210408687591553,3.0
3942,0.49667274951934814,3.0
3943,0.4639571011066437,3.0
3944,0.564089834690094,4.0
3945,0.5096779465675354,4.0
3946,0.4893580973148346,3.0
3947,0.5450838804244995,4.0
3948,0.4149865508079529,3.0
3949,0.6899210810661316,4.0
3950,0.48539888858795166,3.0
3951,0.9316200613975525,6.0
3952,0.29825660586357117,2.0
3953,0.6133485436439514,4.0
3954,0.6181135177612305,4.0
3955,0.5837290287017822,4.0
3956,0.8310933113098145,5.0
3957,0.3311666250228882,3.0
3958,0.6097317934036255,4.0
3959,0.6635195016860962,4.0
3960,0.5559422969818115,4.0
3961,0.8265626430511475,5.0
3962,0.7972484827041626,5.0
3963,0.566283643245697,4.0
3964,0.5143818855285645,4.0
3965,0.85860276222229,5.0
3966,0.2788796126842499,2.0
3967,0.375052809715271,3.0
3968,0.5500559210777283,4.0
3969,0.6052054166793823,4.0
3970,0.7832212448120117,5.0
3971,0.38521042466163635,3.0
3972,0.43258604407310486,3.0
3973,0.29845941066741943,2.0
3974,0.32141411304473877,3.0
3975,0.5265405178070068,4.0
3976,0.38238391280174255,3.0
3977,0.6742240190505981,4.0
3978,0.6945213079452515,4.0
3979,0.3931896388530731,3.0
3980,0.29115062952041626,2.0
3981,0.8392345905303955,5.0
3982,0.6517188549041748,4.0
3983,0.8484063148498535,5.0
3984,0.664577066898346,4.0
3985,0.36224332451820374,3.0
3986,0.7601512670516968,5.0
3987,0.40726396441459656,3.0
3988,0.566237211227417,4.0
3989,0.4522339105606079,3.0
3990,0.6491223573684692,4.0
3991,0.5501092076301575,4.0
3992,0.6790531873703003,4.0
3993,0.3260822594165802,3.0
3994,0.6562088131904602,4.0
3995,0.4873875379562378,3.0
3996,0.7090492248535156,5.0
3997,0.43924593925476074,3.0
3998,0.4984298348426819,3.0
3999,0.680855929851532,4.0
4000,0.3609824478626251,3.0
4001,0.4868258535861969,3.0
4002,0.44029945135116577,3.0
4003,0.5775300860404968,4.0
4004,0.21030953526496887,2.0
4005,0.5622162222862244,4.0
4006,0.4377608597278595,3.0
4007,0.438315212726593,3.0
4008,0.20460163056850433,2.0
4009,0.32811403274536133,3.0
4010,0.8281797766685486,5.0
4011,0.45951202511787415,3.0
4012,0.5540965795516968,4.0
4013,0.51809161901474,4.0
4014,0.6909803152084351,4.0
4015,0.74378901720047,5.0
4016,0.5697751641273499,4.0
4017,0.49448269605636597,3.0
4018,0.700877845287323,5.0
4019,0.670489490032196,4.0
4020,0.5461922883987427,4.0
4021,0.5618740320205688,4.0
4022,0.7428680658340454,5.0
4023,0.5565000176429749,4.0
4024,0.16855263710021973,2.0
4025,0.6150511503219604,4.0
4026,0.8675209879875183,5.0
4027,0.3051035702228546,3.0
4028,0.6967572569847107,4.0
4029,0.5742220878601074,4.0
4030,0.4722602665424347,3.0
4031,0.2770653963088989,2.0
4032,0.5294992923736572,4.0
4033,0.6929977536201477,4.0
4034,0.49712249636650085,3.0
4035,0.6047951579093933,4.0
4036,0.6005516648292542,4.0
4037,0.7263490557670593,5.0
4038,0.7770003080368042,5.0
4039,0.5576600432395935,4.0
4040,0.6867342591285706,4.0
4041,0.5924350619316101,4.0
4042,0.48113545775413513,3.0
4043,0.4537525177001953,3.0
4044,0.7821804881095886,5.0
4045,0.49665582180023193,3.0
4046,0.8813710808753967,5.0
4047,0.37313416600227356,3.0
4048,0.4239445626735687,3.0
4049,0.7182502150535583,5.0
4050,0.44131606817245483,3.0
4051,0.45673248171806335,3.0
4052,0.597346305847168,4.0
4053,0.5444739460945129,4.0
4054,0.41174519062042236,3.0
4055,0.7441970109939575,5.0
4056,0.4967716932296753,3.0
4057,0.7013415098190308,5.0
4058,0.5518360137939453,4.0
4059,0.5802716016769409,4.0
4060,0.7457060217857361,5.0
4061,0.7811470627784729,5.0
4062,0.6375553607940674,4.0
4063,0.5849756598472595,4.0
4064,0.39270898699760437,3.0
4065,0.37995797395706177,3.0
4066,0.6285141706466675,4.0
4067,0.5103059411048889,4.0
4068,0.4999423027038574,3.0
4069,0.4278689920902252,3.0
4070,0.4809516668319702,3.0
4071,0.42018547654151917,3.0
4072,0.7060091495513916,5.0
4073,0.6692396402359009,4.0
4074,0.749760627746582,5.0
4075,0.5436035394668579,4.0
4076,0.6702191829681396,4.0
4077,0.38881683349609375,3.0
4078,0.6629494428634644,4.0
4079,0.6651779413223267,4.0
4080,0.7690315842628479,5.0
4081,0.634756863117218,4.0
4082,0.6025418639183044,4.0
4083,0.5901308059692383,4.0
4084,0.6824668645858765,4.0
4085,0.483568400144577,3.0
4086,0.5039671063423157,4.0
4087,0.4714769124984741,3.0
4088,0.7628894448280334,5.0
4089,0.6366724967956543,4.0
4090,0.5011076331138611,4.0
4091,0.6290549039840698,4.0
4092,0.5964831709861755,4.0
4093,0.6890588998794556,4.0
4094,0.7345846891403198,5.0
4095,0.8082073330879211,5.0
4096,0.6682430505752563,4.0
4097,0.4750281870365143,3.0
4098,0.42626553773880005,3.0
4099,0.656033456325531,4.0
4100,0.37846022844314575,3.0
4101,0.7041500806808472,5.0
4102,0.44475483894348145,3.0
4103,0.5458072423934937,4.0
4104,0.41668713092803955,3.0
4105,0.484107106924057,3.0
4106,0.5050045847892761,4.0
4107,0.5423030257225037,4.0
4108,0.8743058443069458,5.0
4109,0.6400259733200073,4.0
4110,0.4854179322719574,3.0
4111,0.8058904409408569,5.0
4112,0.18142089247703552,2.0
4113,0.3718589246273041,3.0
4114,0.5190697908401489,4.0
4115,0.29963329434394836,2.0
4116,0.5448423027992249,4.0
4117,0.6589495539665222,4.0
4118,0.4676593542098999,3.0
4119,0.3135177791118622,3.0
4120,0.3823525905609131,3.0
4121,0.44796836376190186,3.0
4122,0.3836345970630646,3.0
4123,0.6898484230041504,4.0
4124,0.22655904293060303,2.0
4125,0.7436885833740234,5.0
4126,0.7092859148979187,5.0
4127,0.6259137988090515,4.0
4128,0.6385977268218994,4.0
4129,0.6494777798652649,4.0
4130,0.8700405359268188,5.0
4131,0.6692890524864197,4.0
4132,0.4738759398460388,3.0
4133,0.7638232707977295,5.0
4134,0.7906309962272644,5.0
4135,0.47649356722831726,3.0
4136,0.2862452268600464,2.0
4137,0.9154277443885803,6.0
4138,0.6807805299758911,4.0
4139,0.6642332673072815,4.0
4140,0.2622756361961365,2.0
4141,0.8263465166091919,5.0
4142,0.36832907795906067,3.0
4143,0.5618969202041626,4.0
4144,0.7446153163909912,5.0
4145,0.7276973128318787,5.0
4146,0.4854525327682495,3.0
4147,0.48517972230911255,3.0
4148,0.6539557576179504,4.0
4149,0.4843991696834564,3.0
4150,0.43693724274635315,3.0
4151,0.41030970215797424,3.0
4152,0.341824471950531,3.0
4153,0.3522540032863617,3.0
4154,0.5055748820304871,4.0
4155,0.36968961358070374,3.0
4156,0.40794724225997925,3.0
4157,0.46258974075317383,3.0
4158,0.6219857335090637,4.0
4159,0.33663123846054077,3.0
4160,0.6361234784126282,4.0
4161,0.4909816384315491,3.0
4162,0.8245684504508972,5.0
4163,0.32001468539237976,3.0
4164,0.47175294160842896,3.0
4165,0.7846405506134033,5.0
4166,0.5832624435424805,4.0
4167,0.3316560685634613,3.0
4168,0.46273040771484375,3.0
4169,0.667190432548523,4.0
4170,0.43532323837280273,3.0
4171,0.7310802936553955,5.0
4172,0.6677719354629517,4.0
4173,0.4987567663192749,3.0
4174,0.7506229281425476,5.0
4175,0.5094360709190369,4.0
4176,0.8917975425720215,5.0
4177,0.8274412155151367,5.0
4178,0.508542001247406,4.0
4179,0.4355866014957428,3.0
4180,0.5527089834213257,4.0
4181,0.4002542197704315,3.0
4182,0.48513492941856384,3.0
4183,0.789463460445404,5.0
4184,0.5816682577133179,4.0
4185,0.8022782206535339,5.0
4186,0.6301974654197693,4.0
4187,0.3825467824935913,3.0
4188,0.46575286984443665,3.0
4189,0.3835422694683075,3.0
4190,0.5964772701263428,4.0
4191,0.15263254940509796,2.0
4192,0.5785007476806641,4.0
4193,0.3892728090286255,3.0
4194,0.7302311062812805,5.0
4195,0.7412720322608948,5.0
4196,0.5585675835609436,4.0
4197,0.5753229856491089,4.0
4198,0.5234731435775757,4.0
4199,0.73314368724823,5.0
4200,0.3085903227329254,3.0
4201,0.712654173374176,5.0
4202,0.7811495661735535,5.0
4203,0.7248673439025879,5.0
4204,0.3245047926902771,3.0
4205,0.4430852234363556,3.0
4206,0.35863348841667175,3.0
4207,0.5651190280914307,4.0
4208,0.9249061346054077,6.0
4209,0.7168760895729065,5.0
4210,0.23805579543113708,2.0
4211,0.35172319412231445,3.0
4212,0.49566730856895447,3.0
4213,0.5592554211616516,4.0
4214,0.588003933429718,4.0
4215,0.3351145386695862,3.0
4216,0.3024546802043915,3.0
4217,0.9675979614257812,6.0
4218,0.4722244441509247,3.0
4219,0.8795855045318604,5.0
4220,0.6039644479751587,4.0
4221,0.3429378271102905,3.0
4222,0.8056780695915222,5.0
4223,0.47851046919822693,3.0
4224,0.4302554428577423,3.0
4225,0.6895207166671753,4.0
4226,0.8789299130439758,5.0
4227,0.5442503094673157,4.0
4228,0.5885132551193237,4.0
4229,0.6159362196922302,4.0
4230,0.7195504903793335,5.0
4231,0.23533271253108978,2.0
4232,0.7956048250198364,5.0
4233,0.511776328086853,4.0
4234,0.3459472060203552,3.0
4235,0.4599916338920593,3.0
4236,0.1680499166250229,2.0
4237,0.3366823196411133,3.0
4238,0.40463998913764954,3.0
4239,0.5208238959312439,4.0
4240,0.25692954659461975,2.0
4241,0.7715044617652893,5.0
4242,0.400102436542511,3.0
4243,0.37763211131095886,3.0
4244,0.6340829730033875,4.0
4245,0.3181169033050537,3.0
4246,0.6101883053779602,4.0
4247,0.40404748916625977,3.0
4248,0.5079795122146606,4.0
4249,0.48325756192207336,3.0
4250,0.8463611602783203,5.0
4251,0.4268612563610077,3.0
4252,0.6156755089759827,4.0
4253,0.3728707730770111,3.0
4254,0.896717369556427,5.0
4255,0.3648703694343567,3.0
4256,0.4892160892486572,3.0
4257,0.6158363223075867,4.0
4258,0.37409281730651855,3.0
4259,0.6150403618812561,4.0
4260,0.5845126509666443,4.0
4261,0.8302578330039978,5.0
4262,0.5919221043586731,4.0
4263,0.5589325428009033,4.0
4264,0.29228562116622925,2.0
4265,0.6434723734855652,4.0
4266,0.6017945408821106,4.0
4267,0.7497488856315613,5.0
4268,0.47302189469337463,3.0
4269,0.3485291302204132,3.0
4270,0.6200470924377441,4.0
4271,0.4828748404979706,3.0
4272,0.7221571207046509,5.0
4273,0.3948482275009155,3.0
4274,0.4166867733001709,3.0
4275,0.6334342360496521,4.0
4276,0.4146226942539215,3.0
4277,0.5604173541069031,4.0
4278,0.48821672797203064,3.0
4279,0.5364523530006409,4.0
4280,0.5098802447319031,4.0
4281,0.6966429352760315,4.0
4282,0.42137762904167175,3.0
4283,0.7234152555465698,5.0
4284,0.21543008089065552,2.0
4285,0.4237329065799713,3.0
4286,0.5870153307914734,4.0
4287,0.6113097667694092,4.0
4288,0.5048369765281677,4.0
4289,0.5263338685035706,4.0
4290,0.8017051219940186,5.0
4291,0.3885665237903595,3.0
4292,0.34526312351226807,3.0
4293,0.7904902100563049,5.0
4294,0.48691824078559875,3.0
4295,0.492626816034317,3.0
4296,0.5396053791046143,4.0
4297,0.5385387539863586,4.0
4298,0.45061424374580383,3.0
4299,0.380301833152771,3.0
4300,0.8281248807907104,5.0
4301,0.7021940350532532,5.0
4302,0.44030120968818665,3.0
4303,0.736892580986023,5.0
4304,0.46740201115608215,3.0
4305,0.689825177192688,4.0
4306,0.6036210656166077,4.0
4307,0.5149064660072327,4.0
4308,0.7672829627990723,5.0
4309,0.12358896434307098,2.0
4310,0.3004593551158905,3.0
4311,0.3047677278518677,3.0
4312,0.584583044052124,4.0
4313,0.5060009360313416,4.0
4314,0.45826607942581177,3.0
4315,0.4149487018585205,3.0
4316,0.3558356761932373,3.0
4317,0.34748926758766174,3.0
4318,0.5964083671569824,4.0
4319,0.30787017941474915,3.0
4320,0.3333139419555664,3.0
4321,0.5808237195014954,4.0
4322,0.3883455991744995,3.0
4323,0.4870377779006958,3.0
4324,0.2852807939052582,2.0
4325,0.6941119432449341,4.0
4326,0.47623148560523987,3.0
4327,0.3013281524181366,3.0
4328,0.4651436507701874,3.0
4329,0.7408296465873718,5.0
4330,0.4535323679447174,3.0
4331,0.44441667199134827,3.0
4332,0.685737669467926,4.0
4333,0.3110957145690918,3.0
4334,0.38409680128097534,3.0
4335,0.3112538456916809,3.0
4336,0.43657249212265015,3.0
4337,0.7579813003540039,5.0
4338,0.4692032039165497,3.0
4339,0.31114375591278076,3.0
4340,0.4569752514362335,3.0
4341,0.4947473108768463,3.0
4342,0.5313681960105896,4.0
4343,0.13714396953582764,2.0
4344,0.6702587604522705,4.0
4345,0.5918577909469604,4.0
4346,0.4105139672756195,3.0
4347,0.32354044914245605,3.0
4348,0.5003592371940613,4.0
4349,0.5342522263526917,4.0
4350,0.6440352201461792,4.0
4351,0.8549092411994934,5.0
4352,0.5087518095970154,4.0
4353,0.19440515339374542,2.0
4354,0.5326473712921143,4.0
4355,0.8966584205627441,5.0
4356,0.17779755592346191,2.0
4357,0.33870089054107666,3.0
4358,0.5434364676475525,4.0
4359,0.5979371666908264,4.0
4360,0.45061570405960083,3.0
4361,0.687191903591156,4.0
4362,0.2634154260158539,2.0
4363,0.5129175186157227,4.0
4364,0.26700228452682495,2.0
4365,0.673188328742981,4.0
4366,0.5684424638748169,4.0
4367,0.5865069031715393,4.0
4368,0.2897792458534241,2.0
4369,0.43301379680633545,3.0
4370,0.5899544358253479,4.0
4371,0.6568648219108582,4.0
4372,0.515731692314148,4.0
4373,0.42013588547706604,3.0
4374,0.2466975301504135,2.0
4375,0.6074735522270203,4.0
4376,0.6000897884368896,4.0
4377,0.5899552702903748,4.0
4378,0.5462284684181213,4.0
4379,0.770534336566925,5.0
4380,0.5964930057525635,4.0
4381,0.6335805058479309,4.0
4382,0.2856316566467285,2.0
4383,0.2872622609138489,2.0
4384,0.5779383778572083,4.0
4385,0.613530158996582,4.0
4386,0.5158203840255737,4.0
4387,0.28410035371780396,2.0
4388,0.7697295546531677,5.0
4389,0.4756351113319397,3.0
4390,0.45671308040618896,3.0
4391,0.5185860395431519,4.0
4392,0.8778692483901978,5.0
4393,0.6531255841255188,4.0
4394,0.4841998815536499,3.0
4395,0.39516758918762207,3.0
4396,0.48938682675361633,3.0
4397,0.4918161928653717,3.0
4398,0.7768581509590149,5.0
4399,0.4448927640914917,3.0
4400,0.4455133378505707,3.0
4401,0.9069069623947144,6.0
4402,0.5435741543769836,4.0
4403,0.608379602432251,4.0
4404,0.6756905913352966,4.0
4405,0.6752653121948242,4.0
4406,0.5838590860366821,4.0
4407,0.4501132667064667,3.0
4408,0.47186222672462463,3.0
4409,0.5465612411499023,4.0
4410,0.7778919339179993,5.0
4411,0.6767066121101379,4.0
4412,0.5367650985717773,4.0
4413,0.6279675364494324,4.0
4414,0.768987238407135,5.0
4415,0.4994674026966095,3.0
4416,0.6317360997200012,4.0
4417,0.9404522180557251,6.0
4418,0.49414315819740295,3.0
4419,0.8703835010528564,5.0
4420,0.8136017322540283,5.0
4421,0.5307868719100952,4.0
4422,0.5310586094856262,4.0
4423,0.4161425530910492,3.0
4424,0.14168918132781982,2.0
4425,0.6425456404685974,4.0
4426,0.5611645579338074,4.0
4427,0.6177539229393005,4.0
4428,0.7717611193656921,5.0
4429,0.7015339136123657,5.0
4430,0.8194645643234253,5.0
4431,0.2992689609527588,2.0
4432,0.43026137351989746,3.0
4433,0.7943792343139648,5.0
4434,0.5903069972991943,4.0
4435,0.5250159502029419,4.0
4436,0.4926929473876953,3.0
4437,0.5017538666725159,4.0
4438,0.4378737807273865,3.0
4439,0.7806634902954102,5.0
4440,0.6191893815994263,4.0
4441,0.5627314448356628,4.0
4442,0.5870046019554138,4.0
4443,0.5261324048042297,4.0
4444,0.2996681332588196,2.0
4445,0.7281555533409119,5.0
4446,0.3298584222793579,3.0
4447,0.6555339097976685,4.0
4448,0.8652836084365845,5.0
4449,0.651910126209259,4.0
4450,0.26831918954849243,2.0
4451,0.7116159200668335,5.0
4452,0.5504896640777588,4.0
4453,0.5566816329956055,4.0
4454,0.13866284489631653,2.0
4455,0.773739755153656,5.0
4456,0.5282092094421387,4.0
4457,0.479401558637619,3.0
4458,0.7366818785667419,5.0
4459,0.6610903739929199,4.0
4460,0.6430373191833496,4.0
4461,0.5392515659332275,4.0
4462,0.8650068640708923,5.0
4463,0.778158962726593,5.0
4464,0.26607444882392883,2.0
4465,0.561112105846405,4.0
4466,0.2988477945327759,2.0
4467,0.3925177752971649,3.0
4468,0.5087026357650757,4.0
4469,0.6318554878234863,4.0
4470,0.3766995668411255,3.0
4471,0.6689844727516174,4.0
4472,0.39304888248443604,3.0
4473,0.44917210936546326,3.0
4474,0.6774383783340454,4.0
4475,0.1536213457584381,2.0
4476,0.4339733123779297,3.0
4477,0.586668074131012,4.0
4478,0.594865083694458,4.0
4479,0.6377683877944946,4.0
4480,0.5746404528617859,4.0
4481,0.6133012175559998,4.0
4482,0.32821303606033325,3.0
4483,0.6123973727226257,4.0
4484,0.5932739973068237,4.0
4485,0.736629843711853,5.0
4486,0.6066884398460388,4.0
4487,0.5171476006507874,4.0
4488,0.43516653776168823,3.0
4489,0.565302848815918,4.0
4490,0.45827537775039673,3.0
4491,0.6158963441848755,4.0
4492,0.33541223406791687,3.0
4493,0.7139416337013245,5.0
4494,0.49071604013442993,3.0
4495,0.5190353989601135,4.0
4496,0.523602306842804,4.0
4497,0.6407858729362488,4.0
4498,0.6303114295005798,4.0
4499,0.7088330984115601,5.0
4500,0.3292182683944702,3.0
4501,0.5706009268760681,4.0
4502,0.5108358860015869,4.0
4503,0.8835371136665344,5.0
4504,0.43438443541526794,3.0
4505,0.3994220793247223,3.0
4506,0.5261635780334473,4.0
4507,0.2650054693222046,2.0
4508,0.5604891180992126,4.0
4509,0.14749906957149506,2.0
4510,0.5613230466842651,4.0
4511,0.6776918768882751,4.0
4512,0.44457870721817017,3.0
4513,0.6129872798919678,4.0
4514,0.7274751663208008,5.0
4515,0.4231104552745819,3.0
4516,0.4204972982406616,3.0
4517,0.45987367630004883,3.0
4518,0.4466537833213806,3.0
4519,0.6436703205108643,4.0
4520,0.5917234420776367,4.0
4521,0.5911699533462524,4.0
4522,0.3232768177986145,3.0
4523,0.6967689990997314,4.0
4524,0.40626662969589233,3.0
4525,0.40684473514556885,3.0
4526,0.4172620177268982,3.0
4527,0.8100294470787048,5.0
4528,0.5778750777244568,4.0
4529,0.45617714524269104,3.0
4530,0.34961646795272827,3.0
4531,0.5263615846633911,4.0
4532,0.5066670179367065,4.0
4533,0.5113821625709534,4.0
4534,0.7517487406730652,5.0
4535,0.4501788914203644,3.0
4536,0.5940119624137878,4.0
4537,0.7411966919898987,5.0
4538,0.583879292011261,4.0
4539,0.545184850692749,4.0
4540,0.7111150622367859,5.0
4541,0.851451575756073,5.0
4542,0.68687903881073,4.0
4543,0.6724258065223694,4.0
4544,0.5023209452629089,4.0
4545,0.5429832339286804,4.0
4546,0.6833806037902832,4.0
4547,0.1978454291820526,2.0
4548,0.4041191339492798,3.0
4549,0.5525890588760376,4.0
4550,0.3846137523651123,3.0
4551,0.4664972722530365,3.0
4552,0.4874590039253235,3.0
4553,0.6724552512168884,4.0
4554,0.48306983709335327,3.0
4555,0.33238741755485535,3.0
4556,0.4934449791908264,3.0
4557,0.5407103300094604,4.0
4558,0.5600927472114563,4.0
4559,0.7288737893104553,5.0
4560,0.1393260657787323,2.0
4561,0.49038878083229065,3.0
4562,0.7875102758407593,5.0
4563,0.46411702036857605,3.0
4564,0.6397296190261841,4.0
4565,0.5703114867210388,4.0
4566,0.5016656517982483,4.0
4567,0.7417845129966736,5.0
4568,0.5773758292198181,4.0
4569,0.5326292514801025,4.0
4570,0.4384089410305023,3.0
4571,0.5732850432395935,4.0
4572,0.16532780230045319,2.0
4573,0.5280477404594421,4.0
4574,0.6748983860015869,4.0
4575,0.46400442719459534,3.0
4576,0.8663153648376465,5.0
4577,0.8463488817214966,5.0
4578,0.3994951844215393,3.0
4579,0.7658981680870056,5.0
4580,0.26651251316070557,2.0
4581,0.5745888948440552,4.0
4582,0.2638452351093292,2.0
4583,0.4894927740097046,3.0
4584,0.8131161332130432,5.0
4585,0.6751713752746582,4.0
4586,0.6565552949905396,4.0
4587,0.34140220284461975,3.0
4588,0.8149961829185486,5.0
4589,0.455611914396286,3.0
4590,0.2948833107948303,2.0
4591,0.6574592590332031,4.0
4592,0.45401522517204285,3.0
4593,0.5049031376838684,4.0
4594,0.7580626010894775,5.0
4595,0.34655168652534485,3.0
4596,0.3195003271102905,3.0
4597,0.39286282658576965,3.0
4598,0.37621036171913147,3.0
4599,0.3719823658466339,3.0
4600,0.6940327882766724,4.0
4601,0.8062891960144043,5.0
4602,0.8154051303863525,5.0
4603,0.45899584889411926,3.0
4604,0.5523048639297485,4.0
4605,0.4454621374607086,3.0
4606,0.4542642831802368,3.0
4607,0.27848824858665466,2.0
4608,0.3449520170688629,3.0
4609,0.5880180597305298,4.0
4610,0.3673369586467743,3.0
4611,0.696505606174469,4.0
4612,0.7687289118766785,5.0
4613,0.814023494720459,5.0
4614,0.48591798543930054,3.0
4615,0.495056688785553,3.0
4616,0.6375683546066284,4.0
4617,0.6242784261703491,4.0
4618,0.4133428633213043,3.0
4619,0.4895535707473755,3.0
4620,0.5271458625793457,4.0
4621,0.5511510372161865,4.0
4622,0.206843301653862,2.0
4623,0.5579864978790283,4.0
4624,0.864445149898529,5.0
4625,0.45848777890205383,3.0
4626,0.48671087622642517,3.0
4627,0.5312964916229248,4.0
4628,0.233676016330719,2.0
4629,0.7844095826148987,5.0
4630,0.5180954933166504,4.0
4631,0.40816259384155273,3.0
4632,0.8683789372444153,5.0
4633,0.6431311368942261,4.0
4634,0.8675884008407593,5.0
4635,0.46771880984306335,3.0
4636,0.4100143313407898,3.0
4637,0.4343997836112976,3.0
4638,0.36707526445388794,3.0
4639,0.535790205001831,4.0
4640,0.43196120858192444,3.0
4641,0.25501763820648193,2.0
4642,0.5105096697807312,4.0
4643,0.5086703300476074,4.0
4644,0.5581167936325073,4.0
4645,0.532694399356842,4.0
4646,0.29637113213539124,2.0
4647,0.6877791285514832,4.0
4648,0.6474580764770508,4.0
4649,0.6484466195106506,4.0
4650,0.4017835855484009,3.0
4651,0.4211961030960083,3.0
4652,0.703549861907959,5.0
4653,0.409821480512619,3.0
4654,0.3896329700946808,3.0
4655,0.5041729807853699,4.0
4656,0.5470148324966431,4.0
4657,0.22235777974128723,2.0
4658,0.31520745158195496,3.0
4659,0.4667970538139343,3.0
4660,0.39582347869873047,3.0
4661,0.692626953125,4.0
4662,0.5006937384605408,4.0
4663,0.8652498126029968,5.0
4664,0.3377844989299774,3.0
4665,0.2638876736164093,2.0
4666,0.653799831867218,4.0
4667,0.7983414530754089,5.0
4668,0.39652493596076965,3.0
4669,0.7463518381118774,5.0
4670,0.5267917513847351,4.0
4671,0.6550478935241699,4.0
4672,0.32953011989593506,3.0
4673,0.39013710618019104,3.0
4674,0.6042189002037048,4.0
4675,0.3190106749534607,3.0
4676,0.28917092084884644,2.0
4677,0.7494034767150879,5.0
4678,0.4090340733528137,3.0
4679,0.5774070620536804,4.0
4680,0.49348700046539307,3.0
4681,0.39664706587791443,3.0
4682,0.4527757465839386,3.0
4683,0.3393494188785553,3.0
4684,0.5196943283081055,4.0
4685,0.8675801157951355,5.0
4686,0.7498164772987366,5.0
4687,0.48079344630241394,3.0
4688,0.546504557132721,4.0
4689,0.5133610963821411,4.0
4690,0.4415658414363861,3.0
4691,0.5031232237815857,4.0
4692,0.6555275321006775,4.0
4693,0.4041387736797333,3.0
4694,0.4380940794944763,3.0
4695,0.8578277826309204,5.0
4696,0.4311411380767822,3.0
4697,0.6326767802238464,4.0
4698,0.7985299229621887,5.0
4699,0.4930565655231476,3.0
4700,0.7881855964660645,5.0
4701,0.36561328172683716,3.0
4702,0.46851637959480286,3.0
4703,0.4885764718055725,3.0
4704,0.588308572769165,4.0
4705,0.7001150250434875,5.0
4706,0.4147931635379791,3.0
4707,0.5318516492843628,4.0
4708,0.743448793888092,5.0
4709,0.42793649435043335,3.0
4710,0.4365715980529785,3.0
4711,0.6314634680747986,4.0
4712,0.467437744140625,3.0
4713,0.47266602516174316,3.0
4714,0.34015101194381714,3.0
4715,0.7115875482559204,5.0
4716,0.18194885551929474,2.0
4717,0.24976204335689545,2.0
4718,0.6614662408828735,4.0
4719,0.9252230525016785,6.0
4720,0.748201847076416,5.0
4721,0.5870722532272339,4.0
4722,0.3506772518157959,3.0
4723,0.7876487374305725,5.0
4724,0.4062722325325012,3.0
4725,0.639918863773346,4.0
4726,0.7102019190788269,5.0
4727,0.462442547082901,3.0
4728,0.5363339185714722,4.0
4729,0.5726118087768555,4.0
4730,0.5641282796859741,4.0
4731,0.2326839119195938,2.0
4732,0.5327216386795044,4.0
4733,0.5995937585830688,4.0
4734,0.48735523223876953,3.0
4735,0.3139609694480896,3.0
4736,0.318870484828949,3.0
4737,0.23611518740653992,2.0
4738,0.49824848771095276,3.0
4739,0.5618962049484253,4.0
4740,0.5882704854011536,4.0
4741,0.42071035504341125,3.0
4742,0.6104081273078918,4.0
4743,0.7295604348182678,5.0
4744,0.2562078833580017,2.0
4745,0.5778369307518005,4.0
4746,0.6170311570167542,4.0
4747,0.6243496537208557,4.0
4748,0.560023307800293,4.0
4749,0.3585599362850189,3.0
4750,0.2678452432155609,2.0
4751,0.8309907913208008,5.0
4752,0.5259499549865723,4.0
4753,0.7734808325767517,5.0
4754,0.8257152438163757,5.0
4755,0.7323190569877625,5.0
4756,0.7093746066093445,5.0
4757,0.5522183775901794,4.0
4758,0.601292073726654,4.0
4759,0.3798796832561493,3.0
4760,0.6321232318878174,4.0
4761,0.45222553610801697,3.0
4762,0.58235102891922,4.0
4763,0.3151278793811798,3.0
4764,0.6036234498023987,4.0
4765,0.7242557406425476,5.0
4766,0.7911264300346375,5.0
4767,0.43817079067230225,3.0
4768,0.7838677763938904,5.0
4769,0.8325226306915283,5.0
4770,0.6650326251983643,4.0
4771,0.48200806975364685,3.0
4772,0.4066857099533081,3.0
4773,0.33879923820495605,3.0
4774,0.44309335947036743,3.0
4775,0.24296636879444122,2.0
4776,0.6009709239006042,4.0
4777,0.6636918187141418,4.0
5978,0.43100735545158386,1.0
5979,0.8419332504272461,3.0
5980,0.55128014087677,2.0
5981,0.5091809034347534,2.0
5982,0.686637282371521,2.0
5983,0.5729082822799683,2.0
5984,0.36298441886901855,1.0
5985,0.5105078816413879,2.0
5986,0.5718057155609131,2.0
5987,0.7697193026542664,2.0
5988,0.7817777395248413,2.0
5989,0.4987013638019562,1.0
5990,0.6941071152687073,2.0
5991,0.5984170436859131,2.0
5992,0.5535867810249329,2.0
5993,0.6727619171142578,2.0
5994,0.5990065932273865,2.0
5995,0.599132776260376,2.0
5996,0.4901180565357208,1.0
5997,0.6094359755516052,2.0
5998,0.40725117921829224,1.0
5999,0.24942940473556519,1.0
6000,0.7233601212501526,2.0
6001,0.3743082284927368,1.0
6002,0.6208540201187134,2.0
6003,0.8242201805114746,2.0
6004,0.26807940006256104,1.0
6005,0.8139494061470032,2.0
6006,0.5310468673706055,2.0
6007,0.6980742812156677,2.0
6008,0.6608487367630005,2.0
6010,0.5232187509536743,2.0
6011,0.2565690577030182,1.0
6012,0.4061868488788605,1.0
6013,0.39954596757888794,1.0
6014,0.7832684516906738,2.0
6015,0.6362648010253906,2.0
6016,0.8570269346237183,3.0
6017,0.41038036346435547,1.0
6018,0.4230383336544037,1.0
6019,0.4437110126018524,1.0
6020,0.708751380443573,2.0
6021,0.4269260764122009,1.0
6022,0.6840271353721619,2.0
6023,0.7219048738479614,2.0
6024,0.5179470181465149,2.0
6025,0.3315752446651459,1.0
6026,0.8657469153404236,3.0
6027,0.8692874312400818,3.0
6028,0.4721604287624359,1.0
6029,0.5897138714790344,2.0
6030,0.8228394389152527,2.0
6031,0.8752768039703369,3.0
6032,0.48375535011291504,1.0
6033,0.8467725515365601,3.0
6034,0.7049410343170166,2.0
6035,0.4492025673389435,1.0
6036,0.6612683534622192,2.0
6037,0.5517739057540894,2.0
6038,0.7565521001815796,2.0
6039,0.6380963325500488,2.0
6040,0.5035083889961243,2.0
6041,0.3534087538719177,1.0
6042,0.6353353261947632,2.0
6043,0.5267131328582764,2.0
6044,0.3555009663105011,1.0
6045,0.6521776914596558,2.0
6046,0.5616534948348999,2.0
6047,0.41370293498039246,1.0
6048,0.6911286115646362,2.0
6049,0.5057324171066284,2.0
6050,0.9589354395866394,3.0
6051,0.7115156054496765,2.0
6052,0.7185041308403015,2.0
6053,0.4559671878814697,1.0
6054,0.3852910101413727,1.0
6055,0.5424269437789917,2.0
6056,0.6369426250457764,2.0
6057,0.7526916265487671,2.0
6058,0.671186089515686,2.0
6059,0.46044307947158813,1.0
6060,0.33682185411453247,1.0
6061,0.8565446138381958,3.0
6062,0.5434608459472656,2.0
6063,0.6085262298583984,2.0
6064,0.5794711112976074,2.0
6065,0.6672101020812988,2.0
6066,0.4514966905117035,1.0
6067,0.48145973682403564,1.0
6068,0.45019036531448364,1.0
6069,0.7173211574554443,2.0
6070,0.5690117478370667,2.0
6071,0.6096438765525818,2.0
6072,0.5709657073020935,2.0
6073,0.7959682941436768,2.0
6074,0.507344126701355,2.0
6075,0.8991930484771729,3.0
6076,0.8324471116065979,2.0
6077,0.6089370846748352,2.0
6078,0.5206009745597839,2.0
6079,0.6188436150550842,2.0
6080,0.6329532265663147,2.0
6081,0.35976243019104004,1.0
6082,0.5440983772277832,2.0
6083,0.3562341630458832,1.0
6084,0.6629740595817566,2.0
6085,0.8538613319396973,3.0
6086,0.4686039090156555,1.0
6087,0.49824070930480957,1.0
6088,0.7227581143379211,2.0
6089,0.7482373118400574,2.0
6090,0.5195649266242981,2.0
6091,0.6913275718688965,2.0
6092,0.3678548038005829,1.0
6093,0.35479170083999634,1.0
6094,0.6884946823120117,2.0
6095,0.9014166593551636,3.0
6096,0.6889585256576538,2.0
6097,0.3714953064918518,1.0
6098,0.6624929308891296,2.0
6099,0.39526650309562683,1.0
6100,0.7893393635749817,2.0
6101,0.6853359937667847,2.0
6102,0.6732343435287476,2.0
6103,0.701882541179657,2.0
6104,0.3190523684024811,1.0
6105,0.8826557993888855,3.0
6106,0.5724785327911377,2.0
6107,0.6976216435432434,2.0
6108,0.42632415890693665,1.0
6109,0.5968149900436401,2.0
6110,0.6278930902481079,2.0
6111,0.6165764331817627,2.0
6112,0.44814810156822205,1.0
6113,0.7897284626960754,2.0
6114,0.25608474016189575,1.0
6115,0.2998042404651642,1.0
6116,0.6855811476707458,2.0
6117,0.6502557992935181,2.0
6118,0.7578979134559631,2.0
6119,0.4723089933395386,1.0
6120,0.5918455123901367,2.0
6121,0.7250032424926758,2.0
6122,0.6215496063232422,2.0
6123,0.7657780051231384,2.0
6124,0.7320694327354431,2.0
6125,0.5159801244735718,2.0
6126,0.5483150482177734,2.0
6127,0.8061750531196594,2.0
6128,0.7771580219268799,2.0
6129,0.6316266059875488,2.0
6130,0.5790064930915833,2.0
6131,0.4712839424610138,1.0
6132,0.6272262334823608,2.0
6133,0.4298078119754791,1.0
6134,0.7577309012413025,2.0
6135,0.5004843473434448,2.0
6136,0.4523483216762543,1.0
6137,0.681025505065918,2.0
6138,0.6393932700157166,2.0
6139,0.5779727697372437,2.0
6140,0.6903017163276672,2.0
6141,0.5605644583702087,2.0
6142,0.6993237137794495,2.0
6143,0.7386602759361267,2.0
6144,0.7708823084831238,2.0
6145,0.7755468487739563,2.0
6146,0.7676142454147339,2.0
6147,0.4192546606063843,1.0
6148,0.41056710481643677,1.0
6149,0.6558051109313965,2.0
6150,0.6636316776275635,2.0
6151,0.6724501252174377,2.0
6152,0.6978366374969482,2.0
6153,0.45087504386901855,1.0
6154,0.3575347661972046,1.0
6155,0.5566853284835815,2.0
6156,0.6017718315124512,2.0
6157,0.8174052238464355,2.0
6158,0.8135089874267578,2.0
6159,0.6156033873558044,2.0
6160,0.6676325798034668,2.0
6161,0.5900058150291443,2.0
6162,0.7976670265197754,2.0
6163,0.34150028228759766,1.0
6164,0.6427416801452637,2.0
6165,0.7885503172874451,2.0
6166,0.29365432262420654,1.0
6167,0.3106991946697235,1.0
6168,0.5477870106697083,2.0
6169,0.8268296718597412,2.0
6170,0.6823245286941528,2.0
6171,0.7945318222045898,2.0
6172,0.6347104907035828,2.0
6173,0.4903786778450012,1.0
6174,0.48841193318367004,1.0
6175,0.49489039182662964,1.0
6176,0.45616012811660767,1.0
6177,0.8095301389694214,2.0
6178,0.6247603893280029,2.0
6179,0.2438129186630249,1.0
6180,0.9000117182731628,3.0
6181,0.6530615091323853,2.0
6182,0.8111922740936279,2.0
6183,0.7589507102966309,2.0
6184,0.514651894569397,2.0
6185,0.6078317165374756,2.0
6186,0.4175724387168884,1.0
6187,0.4781121015548706,1.0
6188,0.2991204559803009,1.0
6189,0.4548302888870239,1.0
6190,0.8339404463768005,3.0
6191,0.7165041565895081,2.0
6192,0.7585274577140808,2.0
6193,0.5289410352706909,2.0
6194,0.8932161331176758,3.0
6195,0.7505042552947998,2.0
6196,0.40009206533432007,1.0
6197,0.6982007622718811,2.0
6198,0.807284414768219,2.0
6199,0.4187348484992981,1.0
6200,0.8066845536231995,2.0
6201,0.3755180239677429,1.0
6202,0.32618364691734314,1.0
6203,0.8330652713775635,2.0
6204,0.8106750845909119,2.0
6205,0.3436407744884491,1.0
6206,0.479831725358963,1.0
6207,0.35237523913383484,1.0
6208,0.7080925107002258,2.0
6209,0.47524043917655945,1.0
6210,0.6612073183059692,2.0
6211,0.5227397084236145,2.0
6212,0.6335195899009705,2.0
6213,0.44643402099609375,1.0
6214,0.5539291501045227,2.0
6215,0.45094025135040283,1.0
6216,0.6952012181282043,2.0
6217,0.4005158841609955,1.0
6218,0.6222485303878784,2.0
6219,0.7546785473823547,2.0
6220,0.7800164222717285,2.0
6221,0.6700766682624817,2.0
6222,0.48380735516548157,1.0
6223,0.793411135673523,2.0
6224,0.34899580478668213,1.0
6225,0.7342612743377686,2.0
6226,0.5983821749687195,2.0
6227,0.4780072271823883,1.0
6228,0.8431599736213684,3.0
6229,0.350547730922699,1.0
6230,0.38860753178596497,1.0
6231,0.6229732036590576,2.0
6232,0.63522869348526,2.0
6233,0.35236188769340515,1.0
6234,0.42365822196006775,1.0
6235,0.3617580533027649,1.0
6236,0.6638901233673096,2.0
6237,0.7022084593772888,2.0
6238,0.23992754518985748,1.0
6239,0.8061760067939758,2.0
6240,0.7092593908309937,2.0
6241,0.3668116331100464,1.0
6242,0.18586809933185577,1.0
6243,0.7088676691055298,2.0
6244,0.4892362952232361,1.0
6245,0.7538112998008728,2.0
6246,0.6601204872131348,2.0
6247,0.623668909072876,2.0
6248,0.4910908639431,1.0
6249,0.8294983506202698,2.0
6250,0.8787431716918945,3.0
6251,0.3986014127731323,1.0
6252,0.4918518364429474,1.0
6253,0.7276092171669006,2.0
6254,0.7974205017089844,2.0
6255,0.35609057545661926,1.0
6256,0.3211648166179657,1.0
6257,0.3231516182422638,1.0
6258,0.3203689754009247,1.0
6259,0.48877233266830444,1.0
6260,0.5341906547546387,2.0
6261,0.5159236788749695,2.0
6262,0.798258900642395,2.0
6263,0.8160329461097717,2.0
6264,0.9282127022743225,3.0
6265,0.5613476634025574,2.0
6266,0.369760125875473,1.0
6267,0.8442937731742859,3.0
6268,0.834894061088562,3.0
6269,0.38141629099845886,1.0
6270,0.7549905776977539,2.0
6271,0.5345624685287476,2.0
6272,0.7205169200897217,2.0
6273,0.5150853395462036,2.0
6274,0.4889358580112457,1.0
6275,0.40963560342788696,1.0
6276,0.7693377733230591,2.0
6277,0.34268802404403687,1.0
6278,0.5024547576904297,2.0
6279,0.7018172740936279,2.0
6280,0.48392531275749207,1.0
6281,0.859312891960144,3.0
6282,0.8208897113800049,2.0
6283,0.26341331005096436,1.0
6284,0.797613263130188,2.0
6285,0.6914902329444885,2.0
6286,0.822223424911499,2.0
6287,0.6981211304664612,2.0
6288,0.5512197017669678,2.0
6289,0.4712637662887573,1.0
6290,0.42642271518707275,1.0
6291,0.5394605398178101,2.0
6292,0.8810215592384338,3.0
6293,0.7298446893692017,2.0
6294,0.6870893836021423,2.0
6295,0.4424416124820709,1.0
6296,0.33370789885520935,1.0
6297,0.5656577944755554,2.0
6298,0.3862075209617615,1.0
6299,0.6517994403839111,2.0
6300,0.8013037443161011,2.0
6301,0.8355292081832886,3.0
6302,0.5145524740219116,2.0
6303,0.40806204080581665,1.0
6304,0.4985453486442566,1.0
6305,0.6514691114425659,2.0
6306,0.4738425016403198,1.0
6307,0.6481913328170776,2.0
6308,0.842109739780426,3.0
6309,0.39083024859428406,1.0
6310,0.7332687377929688,2.0
6311,0.4662320911884308,1.0
6312,0.6609106063842773,2.0
6313,0.7752809524536133,2.0
6314,0.40743938088417053,1.0
6315,0.38535818457603455,1.0
6316,0.592403769493103,2.0
6317,0.8211961388587952,2.0
6318,0.5164335370063782,2.0
6319,0.5715715885162354,2.0
6320,0.4954759478569031,1.0
6321,0.4280771315097809,1.0
6322,0.5325871109962463,2.0
6323,0.37839969992637634,1.0
6324,0.2932799458503723,1.0
6325,0.41638875007629395,1.0
6326,0.2767550051212311,1.0
6327,0.6652397513389587,2.0
6328,0.7160630822181702,2.0
6329,0.5385394096374512,2.0
6330,0.7539339661598206,2.0
6331,0.8486478328704834,3.0
6332,0.28067100048065186,1.0
6333,0.6249561905860901,2.0
6334,0.587029755115509,2.0
6335,0.7728765606880188,2.0
6336,0.833197295665741,2.0
6337,0.6294450163841248,2.0
6338,0.8351381421089172,3.0
6339,0.6364096403121948,2.0
6340,0.7829391956329346,2.0
6341,0.6085905432701111,2.0
6342,0.4150838851928711,1.0
6343,0.6858971118927002,2.0
6344,0.6130339503288269,2.0
6345,0.5424632430076599,2.0
6346,0.5752967000007629,2.0
6347,0.5006944537162781,2.0
6348,0.4424550533294678,1.0
6349,0.7314364910125732,2.0
6350,0.7048317790031433,2.0
6351,0.6889108419418335,2.0
6352,0.664537250995636,2.0
6353,0.7631609439849854,2.0
6354,0.366149365901947,1.0
6355,0.5333953499794006,2.0
6356,0.38526973128318787,1.0
6357,0.3991137146949768,1.0
6358,0.5148179531097412,2.0
6359,0.47792965173721313,1.0
6360,0.6652221083641052,2.0
6361,0.6596783399581909,2.0
6362,0.5695807933807373,2.0
6363,0.8700642585754395,3.0
6364,0.6489520072937012,2.0
6365,0.5125347375869751,2.0
6366,0.9385461211204529,3.0
6367,0.4411182999610901,1.0
6368,0.3601146340370178,1.0
6369,0.37090471386909485,1.0
6370,0.36565065383911133,1.0
6371,0.8349012732505798,3.0
6372,0.4710947871208191,1.0
6373,0.5126173496246338,2.0
6374,0.6350069642066956,2.0
6375,0.49987027049064636,1.0
6376,0.5732675790786743,2.0
6377,0.867469072341919,3.0
6378,0.729482114315033,2.0
6379,0.8049768209457397,2.0
6380,0.5307760238647461,2.0
6381,0.761006772518158,2.0
6382,0.3663664758205414,1.0
6383,0.5813573002815247,2.0
6384,0.7020258903503418,2.0
6385,0.5685880184173584,2.0
6386,0.8052884340286255,2.0
6387,0.6944718360900879,2.0
6388,0.7827802300453186,2.0
6389,0.6668219566345215,2.0
6390,0.5744563341140747,2.0
6391,0.500913143157959,2.0
6392,0.8244430422782898,2.0
6393,0.40142980217933655,1.0
6394,0.22724851965904236,1.0
6395,0.40856680274009705,1.0
6396,0.837470293045044,3.0
6397,0.5502346754074097,2.0
6398,0.57648104429245,2.0
6399,0.4453604519367218,1.0
6400,0.47340211272239685,1.0
6401,0.4186529517173767,1.0
6402,0.466789573431015,1.0
6403,0.19924944639205933,1.0
6404,0.5601109266281128,2.0
6405,0.5158930420875549,2.0
6406,0.76734858751297,2.0
6407,0.5355648994445801,2.0
6408,0.8602883219718933,3.0
6409,0.4930828809738159,1.0
6410,0.8451758027076721,3.0
6411,0.2788478136062622,1.0
6412,0.6048807501792908,2.0
6413,0.5352148413658142,2.0
6414,0.5208130478858948,2.0
6415,0.6229239702224731,2.0
6416,0.27005916833877563,1.0
6417,0.8580074310302734,3.0
6418,0.7324079871177673,2.0
6419,0.8252612948417664,2.0
6420,0.4420948326587677,1.0
6421,0.3676307201385498,1.0
6422,0.2994611859321594,1.0
6423,0.5893427729606628,2.0
6424,0.7323201894760132,2.0
6425,0.35462960600852966,1.0
6426,0.6140913367271423,2.0
6427,0.5023440718650818,2.0
6428,0.4161308705806732,1.0
6429,0.5154096484184265,2.0
6430,0.5491679310798645,2.0
6431,0.4015790820121765,1.0
6432,0.8094707727432251,2.0
6433,0.711918294429779,2.0
6434,0.6413121223449707,2.0
6435,0.5252833366394043,2.0
6436,0.49543148279190063,1.0
6437,0.3684057295322418,1.0
6438,0.35158851742744446,1.0
6439,0.540423572063446,2.0
6440,0.43743473291397095,1.0
6441,0.7301356792449951,2.0
6442,0.3681204617023468,1.0
6443,0.63088059425354,2.0
6444,0.6926774382591248,2.0
6445,0.7521113753318787,2.0
6446,0.6264037489891052,2.0
6447,0.5860351324081421,2.0
6448,0.6712484359741211,2.0
6449,0.12855082750320435,0.0
6450,0.5257019400596619,2.0
6451,0.4114738404750824,1.0
6452,0.3986947536468506,1.0
6453,0.522987961769104,2.0
6454,0.3110063970088959,1.0
6455,0.8714734315872192,3.0
6456,0.38650134205818176,1.0
6457,0.6777255535125732,2.0
6458,0.46617984771728516,1.0
6459,0.45512324571609497,1.0
6460,0.8077224493026733,2.0
6461,0.4816857874393463,1.0
6462,0.4469417631626129,1.0
6463,0.6386328339576721,2.0
6464,0.36363208293914795,1.0
6465,0.5736289024353027,2.0
6466,0.6309422254562378,2.0
6467,0.5286343097686768,2.0
6468,0.5338951349258423,2.0
6469,0.3845355808734894,1.0
6470,0.5778018236160278,2.0
6471,0.3972013592720032,1.0
6472,0.8867020010948181,3.0
6473,0.4487510323524475,1.0
6474,0.8279591202735901,2.0
6475,0.34018847346305847,1.0
6476,0.7567756175994873,2.0
6477,0.554314911365509,2.0
6478,0.8139591217041016,2.0
6479,0.25153428316116333,1.0
6480,0.7596959471702576,2.0
6481,0.2712373733520508,1.0
6482,0.2523861229419708,1.0
6483,0.9154005646705627,3.0
6484,0.8273593187332153,2.0
6485,0.8847107291221619,3.0
6486,0.4962499439716339,1.0
6487,0.715022623538971,2.0
6488,0.41030046343803406,1.0
6489,0.5094466209411621,2.0
6490,0.3528779149055481,1.0
6491,0.7821018695831299,2.0
6492,0.6410991549491882,2.0
6493,0.6499414443969727,2.0
6494,0.41164448857307434,1.0
6495,0.46165940165519714,1.0
6496,0.4347694218158722,1.0
6497,0.5584736466407776,2.0
6498,0.4960150718688965,1.0
6499,0.32146286964416504,1.0
6500,0.45549967885017395,1.0
6501,0.4038599729537964,1.0
6502,0.5941195487976074,2.0
6503,0.45876288414001465,1.0
6504,0.5709963440895081,2.0
6505,0.691466748714447,2.0
6506,0.3290930688381195,1.0
6507,0.7770038843154907,2.0
6508,0.6441060304641724,2.0
6509,0.3954426944255829,1.0
6510,0.5159821510314941,2.0
6511,0.670497715473175,2.0
6512,0.7957485914230347,2.0
6513,0.5913276076316833,2.0
6514,0.44981300830841064,1.0
6515,0.515525221824646,2.0
6516,0.8352342844009399,3.0
6517,0.4992237389087677,1.0
6518,0.46747949719429016,1.0
6519,0.7556565403938293,2.0
6520,0.7341392636299133,2.0
6521,0.5400617122650146,2.0
6522,0.4908880889415741,1.0
6523,0.6579415798187256,2.0
6524,0.5461320877075195,2.0
6525,0.4524438679218292,1.0
6526,0.37282490730285645,1.0
6527,0.4814892113208771,1.0
6528,0.4688636362552643,1.0
6529,0.6535044312477112,2.0
6530,0.9270737171173096,3.0
6531,0.2880859673023224,1.0
6532,0.7402499318122864,2.0
6533,0.576384961605072,2.0
6534,0.4615572988986969,1.0
6535,0.7704787254333496,2.0
6536,0.7374491095542908,2.0
6537,0.33682453632354736,1.0
6538,0.4315953552722931,1.0
6539,0.31740131974220276,1.0
6540,0.3552526533603668,1.0
6541,0.6607682704925537,2.0
6542,0.6466726660728455,2.0
6543,0.6916151642799377,2.0
6544,0.5622237324714661,2.0
6545,0.3638097643852234,1.0
6546,0.4700043797492981,1.0
6547,0.4258110225200653,1.0
6548,0.3328823149204254,1.0
6549,0.8716577291488647,3.0
6550,0.313850462436676,1.0
6551,0.6407281756401062,2.0
6552,0.3382400572299957,1.0
6553,0.7749354243278503,2.0
6554,0.714064359664917,2.0
6555,0.3963421583175659,1.0
6556,0.40634846687316895,1.0
6557,0.4882134199142456,1.0
6558,0.41355636715888977,1.0
6559,0.3694509267807007,1.0
6560,0.35544538497924805,1.0
6561,0.744335949420929,2.0
6562,0.40898483991622925,1.0
6563,0.821019172668457,2.0
6564,0.8021016716957092,2.0
6565,0.6662954688072205,2.0
6566,0.7231565713882446,2.0
6567,0.6052576899528503,2.0
6568,0.37590038776397705,1.0
6569,0.5368274450302124,2.0
6570,0.6122868657112122,2.0
6571,0.7722474336624146,2.0
6572,0.7264535427093506,2.0
6573,0.3601357042789459,1.0
6575,0.7727517485618591,2.0
6576,0.5282877087593079,2.0
6577,0.454697847366333,1.0
6578,0.6154691576957703,2.0
6579,0.7123336791992188,2.0
6580,0.6793559193611145,2.0
6581,0.5304012298583984,2.0
6582,0.6514438986778259,2.0
6583,0.608509361743927,2.0
6584,0.7305892109870911,2.0
6585,0.32244592905044556,1.0
6586,0.7181474566459656,2.0
6587,0.48213228583335876,1.0
6588,0.2994450330734253,1.0
6589,0.5604329109191895,2.0
6590,0.5088385939598083,2.0
6591,0.6322648525238037,2.0
6592,0.6274355053901672,2.0
6593,0.44316214323043823,1.0
6594,0.5872656106948853,2.0
6595,0.4926683008670807,1.0
6596,0.5920650959014893,2.0
6597,0.7710102796554565,2.0
6598,0.3633890748023987,1.0
6599,0.6906978487968445,2.0
6600,0.6516486406326294,2.0
6601,0.6660871505737305,2.0
6602,0.3097839653491974,1.0
6603,0.4470125436782837,1.0
6604,0.3540016710758209,1.0
6605,0.2957167327404022,1.0
6606,0.5235661864280701,2.0
6607,0.4497745633125305,1.0
6608,0.5433687567710876,2.0
6609,0.5550153255462646,2.0
6610,0.4199957251548767,1.0
6611,0.5330350399017334,2.0
6612,0.3318215608596802,1.0
6613,0.4020998179912567,1.0
6614,0.21509648859500885,1.0
6615,0.5895736813545227,2.0
6616,0.2477916032075882,1.0
6617,0.5744802951812744,2.0
6618,0.4872460961341858,1.0
6619,0.6937530636787415,2.0
6620,0.4426637887954712,1.0
6621,0.46479102969169617,1.0
6622,0.37354588508605957,1.0
6623,0.7318739295005798,2.0
6624,0.47640013694763184,1.0
6625,0.5381147861480713,2.0
6626,0.6566920876502991,2.0
6627,0.7123157382011414,2.0
6628,0.40997371077537537,1.0
6629,0.3917326331138611,1.0
6630,0.33789798617362976,1.0
6631,0.5970970392227173,2.0
6632,0.47399768233299255,1.0
6633,0.8165780901908875,2.0
6634,0.42616960406303406,1.0
6635,0.5550669431686401,2.0
6636,0.7905091643333435,2.0
6637,0.7422640323638916,2.0
6638,0.5948567390441895,2.0
6639,0.5284807682037354,2.0
6640,0.48613858222961426,1.0
6641,0.40215155482292175,1.0
6642,0.4418501555919647,1.0
6643,0.674051821231842,2.0
6644,0.5453890562057495,2.0
6645,0.7691976428031921,2.0
6646,0.778876543045044,2.0
6647,0.43548816442489624,1.0
6648,0.6340584754943848,2.0
6649,0.3396577537059784,1.0
6650,0.45476657152175903,1.0
6651,0.7829749584197998,2.0
6652,0.6609395742416382,2.0
6653,0.6570671200752258,2.0
6654,0.6681802868843079,2.0
6655,0.7513979077339172,2.0
6656,0.4824528396129608,1.0
6657,0.7397779226303101,2.0
6658,0.5508397817611694,2.0
6659,0.6457394957542419,2.0
6660,0.8620579242706299,3.0
6661,0.719559371471405,2.0
6662,0.7099387049674988,2.0
6663,0.4904855787754059,1.0
6664,0.6391218304634094,2.0
6665,0.5366240739822388,2.0
6666,0.7095018625259399,2.0
6667,0.37457606196403503,1.0
6668,0.4458921253681183,1.0
6669,0.6296057105064392,2.0
6670,0.2896483242511749,1.0
6671,0.31783974170684814,1.0
6672,0.8275304436683655,2.0
6673,0.25141897797584534,1.0
6674,0.321056991815567,1.0
6675,0.5153266191482544,2.0
6676,0.616937518119812,2.0
6677,0.7528603672981262,2.0
6678,0.6648693084716797,2.0
6679,0.6877079606056213,2.0
6680,0.8340720534324646,3.0
6681,0.7485666871070862,2.0
6682,0.824241042137146,2.0
6683,0.6793504953384399,2.0
6684,0.488520085811615,1.0
6685,0.49320778250694275,1.0
6686,0.42878520488739014,1.0
6687,0.6135859489440918,2.0
6688,0.35839390754699707,1.0
6689,0.38689249753952026,1.0
6690,0.7688300609588623,2.0
6691,0.43408286571502686,1.0
6692,0.5831778645515442,2.0
6693,0.6225398778915405,2.0
6694,0.7576389908790588,2.0
6695,0.44861453771591187,1.0
6696,0.8487604856491089,3.0
6697,0.5792679190635681,2.0
6698,0.4361291825771332,1.0
6699,0.5988016724586487,2.0
6700,0.516518235206604,2.0
6701,0.8143734931945801,2.0
6702,0.3017614781856537,1.0
6703,0.5907483100891113,2.0
6704,0.6452102661132812,2.0
6705,0.9137969017028809,3.0
6706,0.7292683720588684,2.0
6707,0.7164349555969238,2.0
6708,0.25451457500457764,1.0
6709,0.6843673586845398,2.0
6710,0.37266555428504944,1.0
6711,0.5651245713233948,2.0
6712,0.7599555850028992,2.0
6713,0.4872933626174927,1.0
6714,0.63556969165802,2.0
6715,0.3562653958797455,1.0
6716,0.8336015939712524,3.0
6717,0.771357536315918,2.0
6718,0.5492008328437805,2.0
6719,0.3278374671936035,1.0
6720,0.4446374177932739,1.0
6721,0.6710091829299927,2.0
6722,0.3213461637496948,1.0
6723,0.36075347661972046,1.0
6724,0.5786159038543701,2.0
6725,0.3979283273220062,1.0
6726,0.7037250995635986,2.0
6727,0.7493094801902771,2.0
6728,0.6379761695861816,2.0
6729,0.5945420861244202,2.0
6730,0.5961633324623108,2.0
6731,0.23374947905540466,1.0
6732,0.7549898624420166,2.0
6733,0.868074893951416,3.0
6734,0.3598381578922272,1.0
6735,0.6864839196205139,2.0
6736,0.5256399512290955,2.0
6737,0.4638623893260956,1.0
6738,0.5156718492507935,2.0
6739,0.6487286686897278,2.0
6740,0.7586167454719543,2.0
6741,0.7872885465621948,2.0
6742,0.726776659488678,2.0
6743,0.49569565057754517,1.0
6744,0.8002030849456787,2.0
6745,0.5816077589988708,2.0
6746,0.43902072310447693,1.0
6747,0.573727548122406,2.0
6748,0.7821353673934937,2.0
6749,0.5624632835388184,2.0
6750,0.33106541633605957,1.0
6751,0.7603965401649475,2.0
6752,0.7515599727630615,2.0
6753,0.3689684271812439,1.0
6754,0.49634990096092224,1.0
6755,0.6157296299934387,2.0
6756,0.5777473449707031,2.0
6757,0.7813562750816345,2.0
6758,0.6930297613143921,2.0
6759,0.3177698850631714,1.0
6760,0.775076150894165,2.0
6761,0.40509623289108276,1.0
6762,0.81365567445755,2.0
6763,0.5834203958511353,2.0
6764,0.6612805128097534,2.0
6765,0.7303759455680847,2.0
6766,0.36492225527763367,1.0
6767,0.650874137878418,2.0
6768,0.3751743733882904,1.0
6769,0.5624145269393921,2.0
6770,0.7817561030387878,2.0
6771,0.687408983707428,2.0
6772,0.705932080745697,2.0
6773,0.48606011271476746,1.0
6774,0.4293553829193115,1.0
6775,0.5740765929222107,2.0
6776,0.4758918881416321,1.0
6777,0.4203299582004547,1.0
6778,0.5206450819969177,2.0
6779,0.7741028666496277,2.0
6780,0.7678217887878418,2.0
6781,0.7974950671195984,2.0
6782,0.26062995195388794,1.0
6783,0.5866203904151917,2.0
6784,0.42975640296936035,1.0
6785,0.3425639271736145,1.0
6786,0.8578577041625977,3.0
6787,0.4636906385421753,1.0
6788,0.4798634350299835,1.0
6789,0.6714267134666443,2.0
6790,0.6004088521003723,2.0
6791,0.7103552222251892,2.0
6792,0.6448314189910889,2.0
6793,0.42646870017051697,1.0
6794,0.4105447232723236,1.0
6795,0.46526309847831726,1.0
6796,0.3710326850414276,1.0
6797,0.44096770882606506,1.0
6798,0.8059386610984802,2.0
6799,0.35842984914779663,1.0
6800,0.698687732219696,2.0
6801,0.33223971724510193,1.0
6802,0.6438586711883545,2.0
6803,0.5043377876281738,2.0
6804,0.8274849653244019,2.0
6805,0.8378217220306396,3.0
6806,0.6141261458396912,2.0
6807,0.4349275529384613,1.0
6808,0.6997236609458923,2.0
6809,0.7495457530021667,2.0
6810,0.8000462651252747,2.0
6811,0.7769586443901062,2.0
6812,0.449500173330307,1.0
6813,0.5377405285835266,2.0
6814,0.43517810106277466,1.0
6815,0.7505645155906677,2.0
6816,0.7543026208877563,2.0
6817,0.5433049201965332,2.0
6818,0.6783877611160278,2.0
6819,0.44663408398628235,1.0
6820,0.4624728262424469,1.0
6821,0.2491031140089035,1.0
6822,0.8076419830322266,2.0
6823,0.4516897201538086,1.0
6824,0.34485507011413574,1.0
6825,0.6255716681480408,2.0
6826,0.6095201969146729,2.0
6827,0.5283709764480591,2.0
6828,0.3613068759441376,1.0
6829,0.46300873160362244,1.0
6830,0.6949669122695923,2.0
6831,0.7904717326164246,2.0
6832,0.5276442170143127,2.0
6833,0.40913891792297363,1.0
6834,0.477349191904068,1.0
6835,0.37644580006599426,1.0
6836,0.5900928378105164,2.0
6837,0.6059302091598511,2.0
6838,0.7549290060997009,2.0
6839,0.4566020965576172,1.0
6840,0.6854603886604309,2.0
6841,0.47159960865974426,1.0
6842,0.4558528959751129,1.0
6843,0.686582088470459,2.0
6844,0.6091362833976746,2.0
6845,0.8022390604019165,2.0
6846,0.5446538329124451,2.0
6847,0.5926229953765869,2.0
6848,0.5327387452125549,2.0
6849,0.8222237825393677,2.0
6850,0.5309878587722778,2.0
6851,0.6007801294326782,2.0
6852,0.7463823556900024,2.0
6853,0.7406325936317444,2.0
6854,0.8276212215423584,2.0
6855,0.5139684081077576,2.0
6856,0.4573363959789276,1.0
6857,0.7846462726593018,2.0
6858,0.6568542718887329,2.0
6859,0.4787248373031616,1.0
6860,0.7455093264579773,2.0
6861,0.48543983697891235,1.0
6862,0.44551220536231995,1.0
6863,0.7751508951187134,2.0
6864,0.22746501863002777,1.0
6865,0.4210604429244995,1.0
6866,0.6609753966331482,2.0
6867,0.45237526297569275,1.0
6868,0.7465991973876953,2.0
6869,0.706971287727356,2.0
6870,0.5832733511924744,2.0
6871,0.6497609615325928,2.0
6872,0.870851457118988,3.0
6873,0.684734582901001,2.0
6874,0.3908993601799011,1.0
6875,0.4684467911720276,1.0
6876,0.542231023311615,2.0
6877,0.7755970358848572,2.0
6878,0.5814709663391113,2.0
6879,0.6299008727073669,2.0
6880,0.6623865962028503,2.0
6881,0.6054935455322266,2.0
6882,0.536020815372467,2.0
6883,0.4348963499069214,1.0
6884,0.6297056674957275,2.0
6885,0.2863257825374603,1.0
6886,0.7585921287536621,2.0
6887,0.3865233063697815,1.0
6888,0.7784278392791748,2.0
6889,0.6574693322181702,2.0
6890,0.41799700260162354,1.0
6891,0.5717458128929138,2.0
6892,0.585885226726532,2.0
6893,0.479031503200531,1.0
6894,0.7292311191558838,2.0
6895,0.6620741486549377,2.0
6896,0.6117779612541199,2.0
6897,0.800937831401825,2.0
6898,0.8122703433036804,2.0
6899,0.8133513927459717,2.0
6900,0.573827862739563,2.0
6901,0.527533769607544,2.0
6902,0.41449370980262756,1.0
6903,0.8104546070098877,2.0
6904,0.8634835481643677,3.0
6905,0.39628592133522034,1.0
6907,0.23894549906253815,1.0
6908,0.6101884245872498,2.0
6909,0.35240498185157776,1.0
6910,0.7133054733276367,2.0
6911,0.5113202333450317,2.0
6912,0.5978820323944092,2.0
6913,0.6394861340522766,2.0
6914,0.3966097831726074,1.0
6915,0.7572128176689148,2.0
6916,0.45621904730796814,1.0
6917,0.6693881154060364,2.0
6918,0.4654883146286011,1.0
6919,0.7467875480651855,2.0
6920,0.725422203540802,2.0
6921,0.836273729801178,3.0
6922,0.37933650612831116,1.0
6923,0.68804931640625,2.0
6924,0.7551599144935608,2.0
6925,0.4138718545436859,1.0
6926,0.8801766633987427,3.0
6927,0.49588295817375183,1.0
6928,0.4302593469619751,1.0
6929,0.625382661819458,2.0
6930,0.8624162077903748,3.0
6931,0.8022049069404602,2.0
6932,0.6507306694984436,2.0
6933,0.7534463405609131,2.0
6934,0.3860093951225281,1.0
6935,0.5021183490753174,2.0
6936,0.5827206969261169,2.0
6937,0.7192387580871582,2.0
6938,0.6517565250396729,2.0
6939,0.5392892956733704,2.0
6940,0.8462377190589905,3.0
6941,0.675212025642395,2.0
6942,0.4138488173484802,1.0
6943,0.5770372152328491,2.0
6944,0.7003610134124756,2.0
6945,0.6208704710006714,2.0
6946,0.7896990180015564,2.0
6947,0.43745219707489014,1.0
6948,0.2924249470233917,1.0
6949,0.6304873824119568,2.0
6950,0.5543023943901062,2.0
6951,0.20509906113147736,1.0
6952,0.5113474130630493,2.0
6953,0.46302372217178345,1.0
6954,0.19508647918701172,1.0
6955,0.47473713755607605,1.0
6956,0.24785488843917847,1.0
6957,0.7584330439567566,2.0
6958,0.6711969375610352,2.0
6959,0.8282692432403564,2.0
6960,0.5886807441711426,2.0
6961,0.768774151802063,2.0
6962,0.307730108499527,1.0
6963,0.6147611141204834,2.0
6964,0.47475990653038025,1.0
6965,0.7526400089263916,2.0
6966,0.4103294909000397,1.0
6967,0.8114264607429504,2.0
6968,0.7324972152709961,2.0
6969,0.7203261256217957,2.0
6970,0.7023962736129761,2.0
6971,0.642271876335144,2.0
6972,0.5827783346176147,2.0
6973,0.4701760411262512,1.0
6974,0.7868895530700684,2.0
6975,0.4798997938632965,1.0
6976,0.3346107304096222,1.0
6977,0.3617772161960602,1.0
6978,0.3061186969280243,1.0
6979,0.7251737117767334,2.0
6980,0.43104392290115356,1.0
6981,0.6778569221496582,2.0
6982,0.7373756170272827,2.0
6983,0.4345240294933319,1.0
6984,0.7779361605644226,2.0
6985,0.4542631208896637,1.0
6986,0.5832251906394958,2.0
6987,0.35378292202949524,1.0
6988,0.7455865740776062,2.0
6989,0.7701631784439087,2.0
6990,0.37002167105674744,1.0
6991,0.6570827960968018,2.0
6992,0.468134343624115,1.0
6993,0.4216844439506531,1.0
6994,0.4680587947368622,1.0
6995,0.541245698928833,2.0
6996,0.535178542137146,2.0
6997,0.5735998153686523,2.0
6998,0.2696513533592224,1.0
6999,0.386741578578949,1.0
7000,0.6705983281135559,2.0
7001,0.5931527614593506,2.0
7002,0.6388505697250366,2.0
7003,0.8696854114532471,3.0
7004,0.6360900402069092,2.0
7005,0.322033554315567,1.0
7006,0.453000545501709,1.0
7007,0.716825008392334,2.0
7008,0.6858292818069458,2.0
7009,0.4055260419845581,1.0
7010,0.6255859136581421,2.0
7011,0.4278736412525177,1.0
7012,0.38702812790870667,1.0
7013,0.4976552426815033,1.0
7014,0.5868040323257446,2.0
7015,0.45110219717025757,1.0
7016,0.5056902766227722,2.0
7017,0.7473157644271851,2.0
7018,0.5465326309204102,2.0
7019,0.5815045833587646,2.0
7020,0.7874624729156494,2.0
7021,0.7504835724830627,2.0
7022,0.5433762073516846,2.0
7023,0.5387274026870728,2.0
7024,0.25309786200523376,1.0
7025,0.51201993227005,2.0
7026,0.7369397282600403,2.0
7027,0.7719998955726624,2.0
7028,0.6688766479492188,2.0
7029,0.8085757493972778,2.0
7030,0.4993668496608734,1.0
7031,0.5721191763877869,2.0
7032,0.7257320284843445,2.0
7033,0.7209246158599854,2.0
7034,0.8296308517456055,2.0
7035,0.611737847328186,2.0
7036,0.8832815885543823,3.0
7037,0.329306960105896,1.0
7038,0.4651142358779907,1.0
7039,0.5046660900115967,2.0
7040,0.8789436221122742,3.0
7041,0.7940455675125122,2.0
7042,0.5674733519554138,2.0
7043,0.6358007788658142,2.0
7044,0.3530183434486389,1.0
7045,0.38556966185569763,1.0
7046,0.29256150126457214,1.0
7047,0.6506484746932983,2.0
7048,0.33004245162010193,1.0
7049,0.7476736307144165,2.0
7050,0.7783951163291931,2.0
7051,0.4356677234172821,1.0
7052,0.5363977551460266,2.0
7053,0.8411526679992676,3.0
7054,0.6911888122558594,2.0
7055,0.5252508521080017,2.0
7056,0.5981134176254272,2.0
7057,0.7578432559967041,2.0
7058,0.43436354398727417,1.0
7059,0.6598250269889832,2.0
7060,0.5334311723709106,2.0
7061,0.5644934773445129,2.0
7062,0.49069300293922424,1.0
7063,0.7387500405311584,2.0
7064,0.5271071195602417,2.0
7065,0.7529957890510559,2.0
7066,0.6810862421989441,2.0
7067,0.40068307518959045,1.0
7068,0.5671631097793579,2.0
7069,0.7186679244041443,2.0
7070,0.5455806851387024,2.0
7071,0.3996888995170593,1.0
7072,0.5720096230506897,2.0
7073,0.7055850625038147,2.0
7074,0.46286675333976746,1.0
7075,0.7032259106636047,2.0
7076,0.6587101817131042,2.0
7077,0.3394211232662201,1.0
7078,0.46002039313316345,1.0
7079,0.7508082389831543,2.0
7080,0.7318171858787537,2.0
7081,0.5911977887153625,2.0
7082,0.8143672347068787,2.0
7083,0.5897383689880371,2.0
7084,0.46793869137763977,1.0
7085,0.7768727540969849,2.0
7086,0.47766590118408203,1.0
7087,0.5198930501937866,2.0
7088,0.6231860518455505,2.0
7089,0.8170248866081238,2.0
7090,0.32225629687309265,1.0
7091,0.3248090147972107,1.0
7092,0.48291319608688354,1.0
7093,0.46630746126174927,1.0
7094,0.5069025158882141,2.0
7095,0.5388451814651489,2.0
7096,0.726477861404419,2.0
7097,0.40149614214897156,1.0
7098,0.27172791957855225,1.0
7099,0.7961106300354004,2.0
7100,0.31495851278305054,1.0
7101,0.44815537333488464,1.0
7102,0.5155107378959656,2.0
7103,0.7139613032341003,2.0
7104,0.5272976756095886,2.0
7105,0.4043905735015869,1.0
7106,0.5910213589668274,2.0
7107,0.8377165794372559,3.0
7108,0.5195959806442261,2.0
7109,0.6911470890045166,2.0
7110,0.5967868566513062,2.0
7111,0.7879254221916199,2.0
7112,0.2083492875099182,1.0
7113,0.6809622645378113,2.0
7114,0.41815507411956787,1.0
7115,0.74689120054245,2.0
7116,0.512600839138031,2.0
7117,0.49178391695022583,1.0
7118,0.5174813270568848,2.0
7119,0.40675869584083557,1.0
7120,0.629631757736206,2.0
7121,0.4422386884689331,1.0
7122,0.5111601948738098,2.0
7123,0.22143498063087463,1.0
7124,0.6488212943077087,2.0
7125,0.8729390501976013,3.0
7126,0.6469951868057251,2.0
7127,0.5359624624252319,2.0
7128,0.7085134983062744,2.0
7129,0.8522334694862366,3.0
7130,0.6448351740837097,2.0
7131,0.7614758014678955,2.0
7132,0.3660547733306885,1.0
7133,0.6310267448425293,2.0
7134,0.43798795342445374,1.0
7135,0.4095381200313568,1.0
7136,0.6699317097663879,2.0
7137,0.38762417435646057,1.0
7138,0.4962993264198303,1.0
7139,0.8867101669311523,3.0
7140,0.532720685005188,2.0
7141,0.33506542444229126,1.0
7142,0.6148467063903809,2.0
7143,0.27174612879753113,1.0
7144,0.7268105745315552,2.0
7145,0.4452882409095764,1.0
7146,0.6090198755264282,2.0
7147,0.8205527067184448,2.0
7148,0.5565441250801086,2.0
7149,0.7514946460723877,2.0
7150,0.3383278548717499,1.0
7151,0.8671723008155823,3.0
7152,0.5848981738090515,2.0
7153,0.9166848659515381,3.0
7154,0.6797107458114624,2.0
7155,0.7059244513511658,2.0
7156,0.3498242497444153,1.0
7157,0.5179308652877808,2.0
7158,0.47726839780807495,1.0
7159,0.7247687578201294,2.0
7160,0.7221249938011169,2.0
7161,0.3157920837402344,1.0
7162,0.6831316947937012,2.0
7163,0.517179012298584,2.0
7164,0.746160626411438,2.0
7165,0.6981776356697083,2.0
7166,0.6642178297042847,2.0
7167,0.7662712335586548,2.0
7168,0.5115954875946045,2.0
7169,0.6182242631912231,2.0
7170,0.364499568939209,1.0
7171,0.5720430612564087,2.0
7172,0.5011135339736938,2.0
7173,0.7161294221878052,2.0
7174,0.7153211832046509,2.0
7175,0.5215744972229004,2.0
7176,0.4945482313632965,1.0
7177,0.6400479674339294,2.0
7178,0.5103293657302856,2.0
7179,0.5012429356575012,2.0
7180,0.4144391417503357,1.0
7181,0.8728324174880981,3.0
7182,0.7665223479270935,2.0
7183,0.9153258204460144,3.0
7184,0.7606454491615295,2.0
7185,0.7870955467224121,2.0
7186,0.8227145075798035,2.0
7187,0.7245677709579468,2.0
7188,0.6954035758972168,2.0
7189,0.40550342202186584,1.0
7190,0.7882920503616333,2.0
7191,0.5281639695167542,2.0
7192,0.30035433173179626,1.0
7193,0.4474725127220154,1.0
7194,0.29318374395370483,1.0
7195,0.2598130702972412,1.0
7196,0.5867038369178772,2.0
7197,0.7839215993881226,2.0
7198,0.6165615916252136,2.0
7199,0.40512821078300476,1.0
7200,0.6793914437294006,2.0
7201,0.44192659854888916,1.0
7202,0.8232725262641907,2.0
7203,0.2449696958065033,1.0
7204,0.7654056549072266,2.0
7205,0.3875930905342102,1.0
7206,0.5929154753684998,2.0
7207,0.6265233159065247,2.0
7208,0.3193921744823456,1.0
7209,0.6785193085670471,2.0
7210,0.6029037237167358,2.0
7211,0.48916754126548767,1.0
7212,0.9222264885902405,3.0
7213,0.5532353520393372,2.0
7214,0.4108625650405884,1.0
7215,0.8086792826652527,2.0
7216,0.7006819844245911,2.0
7217,0.7486724257469177,2.0
7218,0.759154736995697,2.0
7219,0.5602449774742126,2.0
7220,0.45337367057800293,1.0
7221,0.4332871437072754,1.0
7222,0.6661606431007385,2.0
7223,0.28931984305381775,1.0
7224,0.7277178168296814,2.0
7225,0.47097069025039673,1.0
7226,0.546261191368103,2.0
7227,0.432070791721344,1.0
7228,0.5715333223342896,2.0
7229,0.8286736607551575,2.0
7230,0.4313388466835022,1.0
7231,0.9040846228599548,3.0
7232,0.31125590205192566,1.0
7233,0.4411836564540863,1.0
7234,0.4292607307434082,1.0
7235,0.5438734889030457,2.0
7236,0.3711754381656647,1.0
7237,0.43087583780288696,1.0
7238,0.4818328619003296,1.0
7239,0.6592749357223511,2.0
7240,0.8069532513618469,2.0
7241,0.5740505456924438,2.0
7242,0.6430741548538208,2.0
7243,0.6855517625808716,2.0
7244,0.8280944228172302,2.0
7245,0.4428228735923767,1.0
7246,0.724801778793335,2.0
7247,0.5105276107788086,2.0
7248,0.8174098134040833,2.0
7249,0.6121711730957031,2.0
7250,0.5912729501724243,2.0
7251,0.4462701678276062,1.0
7253,0.6142087578773499,2.0
7254,0.17777709662914276,1.0
7255,0.6755929589271545,2.0
7256,0.8552438616752625,3.0
7257,0.3368435502052307,1.0
7258,0.42707347869873047,1.0
7259,0.6567986011505127,2.0
7260,0.43457695841789246,1.0
7261,0.750544548034668,2.0
7262,0.2766384482383728,1.0
7263,0.6255801320075989,2.0
7264,0.5473616123199463,2.0
7265,0.7618858218193054,2.0
7266,0.5776379704475403,2.0
7267,0.4843592345714569,1.0
7268,0.6344088315963745,2.0
7269,0.5570228695869446,2.0
7270,0.34463122487068176,1.0
7271,0.8234715461730957,2.0
7272,0.8287858963012695,2.0
7273,0.542019784450531,2.0
7274,0.40515953302383423,1.0
7275,0.6487993001937866,2.0
7276,0.8036028742790222,2.0
7277,0.5001921057701111,2.0
7278,0.8215365409851074,2.0
7279,0.3804156482219696,1.0
7280,0.7511604428291321,2.0
7281,0.49525338411331177,1.0
7282,0.27595841884613037,1.0
7283,0.4072514772415161,1.0
7284,0.780691921710968,2.0
7285,0.7143493890762329,2.0
7286,0.4164910614490509,1.0
7287,0.6924207210540771,2.0
7288,0.35294803977012634,1.0
7289,0.5477724671363831,2.0
7290,0.479519248008728,1.0
7291,0.6823886632919312,2.0
7292,0.6723360419273376,2.0
7293,0.4918980002403259,1.0
7294,0.5243517756462097,2.0
7295,0.6898516416549683,2.0
7296,0.5212400555610657,2.0
7297,0.4332776963710785,1.0
7298,0.714751124382019,2.0
7299,0.3196087181568146,1.0
7300,0.7152730226516724,2.0
7301,0.7931771874427795,2.0
7302,0.5608615875244141,2.0
7303,0.5844349265098572,2.0
7304,0.40117746591567993,1.0
7305,0.20470218360424042,1.0
7306,0.40072035789489746,1.0
7307,0.88565993309021,3.0
7308,0.3236468732357025,1.0
7309,0.7117424607276917,2.0
7310,0.6251961588859558,2.0
7311,0.4318247139453888,1.0
7312,0.4433264136314392,1.0
7313,0.7424818277359009,2.0
7314,0.6672835350036621,2.0
7315,0.8916411399841309,3.0
7316,0.8156563639640808,2.0
7317,0.6324172616004944,2.0
7318,0.5018690824508667,2.0
7319,0.7437332272529602,2.0
7320,0.6075246930122375,2.0
7321,0.7089576125144958,2.0
7322,0.3090817630290985,1.0
7323,0.44714489579200745,1.0
7324,0.42226871848106384,1.0
7325,0.39573878049850464,1.0
7326,0.6171450018882751,2.0
7327,0.6810780763626099,2.0
7328,0.5161887407302856,2.0
7329,0.24770933389663696,1.0
7330,0.7535802125930786,2.0
7331,0.3474305272102356,1.0
7332,0.4714229702949524,1.0
7333,0.5035715699195862,2.0
7334,0.6889603137969971,2.0
7335,0.9142229557037354,3.0
7336,0.6710988283157349,2.0
7337,0.48285460472106934,1.0
7338,0.42337489128112793,1.0
7339,0.6960142850875854,2.0
7340,0.5095502734184265,2.0
7341,0.3997461795806885,1.0
7342,0.3328236937522888,1.0
7343,0.28252604603767395,1.0
7344,0.8908424377441406,3.0
7345,0.42170262336730957,1.0
7346,0.6128295660018921,2.0
7347,0.4726830720901489,1.0
7348,0.26267796754837036,1.0
7349,0.44031184911727905,1.0
7350,0.46657323837280273,1.0
7351,0.6536452174186707,2.0
7352,0.6306529641151428,2.0
7353,0.7980602383613586,2.0
7354,0.6935743093490601,2.0
7355,0.897589921951294,3.0
7356,0.5428196787834167,2.0
7357,0.4923158884048462,1.0
7358,0.4610520601272583,1.0
7359,0.27501270174980164,1.0
7360,0.7341266870498657,2.0
7361,0.6858327388763428,2.0
7362,0.4270321726799011,1.0
7363,0.41410207748413086,1.0
7364,0.6892682313919067,2.0
7365,0.5278692245483398,2.0
7366,0.6738678812980652,2.0
7367,0.39589905738830566,1.0
7368,0.4789496660232544,1.0
7369,0.5310090184211731,2.0
7370,0.6536006927490234,2.0
7371,0.7487109899520874,2.0
7372,0.7946856617927551,2.0
7373,0.7920913100242615,2.0
7374,0.4566137492656708,1.0
7375,0.6803882122039795,2.0
7376,0.5134532451629639,2.0
7377,0.6223627328872681,2.0
7378,0.6392679214477539,2.0
7379,0.481294721364975,1.0
7380,0.7796650528907776,2.0
7381,0.846248209476471,3.0
7382,0.7176669239997864,2.0
7383,0.4536525011062622,1.0
7384,0.7083273530006409,2.0
7385,0.4156631529331207,1.0
7386,0.3469562828540802,1.0
7387,0.775904655456543,2.0
7388,0.6312172412872314,2.0
7389,0.8377875685691833,3.0
7390,0.36949411034584045,1.0
7391,0.7736546993255615,2.0
7392,0.6727568507194519,2.0
7393,0.6628178358078003,2.0
7394,0.4640143811702728,1.0
7395,0.4875280261039734,1.0
7396,0.729265570640564,2.0
7397,0.5188064575195312,2.0
7398,0.4847354590892792,1.0
7399,0.4625278115272522,1.0
7400,0.3610580265522003,1.0
7401,0.6907883882522583,2.0
7402,0.5994246602058411,2.0
7403,0.6269143223762512,2.0
7404,0.5591215491294861,2.0
7405,0.8543912172317505,3.0
7406,0.44995787739753723,1.0
7407,0.8169587850570679,2.0
7408,0.8704575300216675,3.0
7409,0.7600797414779663,2.0
7410,0.7000465393066406,2.0
7411,0.4364205002784729,1.0
7412,0.5149707198143005,2.0
7413,0.7147945165634155,2.0
7414,0.4113275408744812,1.0
7415,0.8356213569641113,3.0
7416,0.5359430909156799,2.0
7417,0.8099179863929749,2.0
7418,0.6763913035392761,2.0
7419,0.7192619442939758,2.0
7420,0.6669942736625671,2.0
7421,0.3698488771915436,1.0
7422,0.4142152667045593,1.0
7423,0.31481772661209106,1.0
7424,0.889792799949646,3.0
7425,0.4319136440753937,1.0
7426,0.420850932598114,1.0
7427,0.4362947642803192,1.0
7428,0.9073922634124756,3.0
7429,0.8309537768363953,2.0
7430,0.29461777210235596,1.0
7431,0.5303460359573364,2.0
7432,0.29282888770103455,1.0
7433,0.6535043716430664,2.0
7434,0.42131882905960083,1.0
7435,0.8822071552276611,3.0
7436,0.5385072231292725,2.0
7437,0.7430781722068787,2.0
7438,0.28389668464660645,1.0
7439,0.5123821496963501,2.0
7440,0.48347097635269165,1.0
7441,0.2407844364643097,1.0
7442,0.4683223068714142,1.0
7443,0.5886993408203125,2.0
7444,0.8556087613105774,3.0
7445,0.4416500926017761,1.0
7447,0.5359490513801575,2.0
7448,0.5935395956039429,2.0
7449,0.6832508444786072,2.0
7450,0.5671959519386292,2.0
7451,0.26745420694351196,1.0
7452,0.5884031057357788,2.0
7453,0.7234635949134827,2.0
7454,0.7282335162162781,2.0
7455,0.7584588527679443,2.0
7456,0.9081223011016846,3.0
7457,0.27803537249565125,1.0
7458,0.42276954650878906,1.0
7459,0.48827117681503296,1.0
7460,0.37117740511894226,1.0
7461,0.6707653403282166,2.0
7462,0.5685080289840698,2.0
7463,0.4124213457107544,1.0
7464,0.8445376753807068,3.0
7465,0.3984179198741913,1.0
7466,0.32586362957954407,1.0
7467,0.9021791815757751,3.0
7468,0.6603413224220276,2.0
7469,0.7009137272834778,2.0
7470,0.6295143365859985,2.0
7471,0.37520140409469604,1.0
7472,0.5564292669296265,2.0
7473,0.6932532787322998,2.0
7474,0.6251209378242493,2.0
7475,0.7843849658966064,2.0
7476,0.8082590699195862,2.0
7477,0.3288393020629883,1.0
7478,0.8462802171707153,3.0
7479,0.42853549122810364,1.0
7480,0.8211562037467957,2.0
7481,0.46923884749412537,1.0
7482,0.6203101277351379,2.0
7483,0.4292244017124176,1.0
7484,0.3820609748363495,1.0
7485,0.5739670395851135,2.0
7486,0.5655767917633057,2.0
7487,0.7650817036628723,2.0
7488,0.3860929608345032,1.0
7489,0.43032166361808777,1.0
7490,0.6255059838294983,2.0
7491,0.8261019587516785,2.0
7492,0.7633191347122192,2.0
7493,0.8394774198532104,3.0
7494,0.42429742217063904,1.0
7495,0.5872619152069092,2.0
7496,0.3368120789527893,1.0
7497,0.28764963150024414,1.0
7498,0.5806002020835876,2.0
7499,0.3729371428489685,1.0
7500,0.4701274335384369,1.0
7501,0.6017845869064331,2.0
7502,0.8678238987922668,3.0
7503,0.8554084300994873,3.0
7504,0.9020798206329346,3.0
7505,0.8040140271186829,2.0
7506,0.4662659764289856,1.0
7507,0.5550011992454529,2.0
7508,0.43965113162994385,1.0
7509,0.4864296615123749,1.0
7510,0.605793833732605,2.0
7511,0.32084181904792786,1.0
7512,0.5197433233261108,2.0
7513,0.38844621181488037,1.0
7514,0.7266174554824829,2.0
7515,0.7889431715011597,2.0
7516,0.7417179942131042,2.0
7517,0.3431408107280731,1.0
7518,0.4330517053604126,1.0
7519,0.7065114974975586,2.0
7520,0.3107612431049347,1.0
7521,0.7427152395248413,2.0
7522,0.6844863891601562,2.0
7523,0.697563648223877,2.0
7524,0.41579288244247437,1.0
7525,0.5786095857620239,2.0
7526,0.6182935237884521,2.0
7527,0.27226051688194275,1.0
7528,0.6940106749534607,2.0
7529,0.38559475541114807,1.0
7530,0.8438068628311157,3.0
7531,0.5825055241584778,2.0
7532,0.5602315068244934,2.0
7533,0.6334459781646729,2.0
7534,0.8609340190887451,3.0
7535,0.4937076270580292,1.0
7536,0.4657539129257202,1.0
7537,0.5644427537918091,2.0
7538,0.5838724970817566,2.0
7539,0.8005494475364685,2.0
7540,0.45779159665107727,1.0
7541,0.6015759110450745,2.0
7542,0.7669194340705872,2.0
7543,0.8138337135314941,2.0
7544,0.7324391603469849,2.0
7545,0.7791702747344971,2.0
7546,0.8667635917663574,3.0
7547,0.7434291243553162,2.0
7548,0.7164275646209717,2.0
7549,0.6932532787322998,2.0
7550,0.3734339773654938,1.0
7551,0.7018139958381653,2.0
7552,0.5166156888008118,2.0
7553,0.6819424629211426,2.0
7554,0.9030508399009705,3.0
7555,0.4460901618003845,1.0
7556,0.506047248840332,2.0
7557,0.364197701215744,1.0
7558,0.4503859579563141,1.0
7559,0.32100909948349,1.0
7560,0.5027987957000732,2.0
7561,0.7916802167892456,2.0
7562,0.506422221660614,2.0
7563,0.8500965237617493,3.0
7564,0.48767760396003723,1.0
7565,0.4195660352706909,1.0
7566,0.440310537815094,1.0
7567,0.5306932926177979,2.0
7568,0.6344133615493774,2.0
7569,0.5287510752677917,2.0
7570,0.6232551336288452,2.0
7571,0.7639685273170471,2.0
7572,0.7482510209083557,2.0
7573,0.41193410754203796,1.0
7574,0.7294542193412781,2.0
7575,0.5754339098930359,2.0
7576,0.5718387365341187,2.0
7577,0.3943251073360443,1.0
7578,0.7139368057250977,2.0
7579,0.7552911639213562,2.0
7580,0.41617292165756226,1.0
7581,0.3921273648738861,1.0
7582,0.5627123713493347,2.0
7583,0.8293452858924866,2.0
7584,0.5782138705253601,2.0
7585,0.458018958568573,1.0
7586,0.5251017212867737,2.0
7587,0.5104995369911194,2.0
7588,0.7543131709098816,2.0
7589,0.47262734174728394,1.0
7590,0.8919033408164978,3.0
7591,0.8366205096244812,3.0
7592,0.4694931209087372,1.0
7593,0.3220478594303131,1.0
7594,0.46071529388427734,1.0
7595,0.5027180314064026,2.0
7596,0.7690563201904297,2.0
7597,0.40768569707870483,1.0
7598,0.7389241456985474,2.0
7599,0.9803336262702942,3.0
7600,0.6228430271148682,2.0
7601,0.6574131846427917,2.0
7602,0.5765656232833862,2.0
7603,0.45447269082069397,1.0
7604,0.6261935830116272,2.0
7605,0.6546552181243896,2.0
7606,0.8098528385162354,2.0
7607,0.6944456696510315,2.0
7608,0.7402598857879639,2.0
7609,0.7066172361373901,2.0
7610,0.5217336416244507,2.0
7611,0.6931732296943665,2.0
7612,0.5206858515739441,2.0
7613,0.8834075331687927,3.0
7614,0.6519856452941895,2.0
7615,0.538962185382843,2.0
7616,0.7796621918678284,2.0
7617,0.48987096548080444,1.0
7618,0.45982834696769714,1.0
7619,0.8780112266540527,3.0
7620,0.5069875121116638,2.0
7621,0.23691117763519287,1.0
7622,0.7268972396850586,2.0
7623,0.7979413866996765,2.0
7624,0.934371292591095,3.0
7625,0.743557333946228,2.0
7626,0.6061035990715027,2.0
7627,0.49497827887535095,1.0
7628,0.6442025899887085,2.0
7629,0.3191635310649872,1.0
7630,0.5112839937210083,2.0
7631,0.4720911383628845,1.0
7632,0.6065682768821716,2.0
7633,0.2951047122478485,1.0
7634,0.43922701478004456,1.0
7635,0.6436617374420166,2.0
7636,0.48505324125289917,1.0
7637,0.6179624795913696,2.0
7638,0.5641588568687439,2.0
7639,0.47809886932373047,1.0
7640,0.5076647996902466,2.0
7641,0.6575403213500977,2.0
7642,0.8707974553108215,3.0
7643,0.5485897064208984,2.0
7644,0.401044636964798,1.0
7645,0.6192004680633545,2.0
7646,0.3265058100223541,1.0
7647,0.45072099566459656,1.0
7648,0.395795077085495,1.0
7649,0.7004831433296204,2.0
7650,0.3590496778488159,1.0
7651,0.49950677156448364,1.0
7652,0.5756778717041016,2.0
7653,0.5660489201545715,2.0
7654,0.6015229225158691,2.0
7655,0.4391132891178131,1.0
7656,0.40923354029655457,1.0
7657,0.7428129315376282,2.0
7658,0.6422185301780701,2.0
7659,0.7412438988685608,2.0
7660,0.5902698636054993,2.0
7661,0.5923576354980469,2.0
7662,0.6641696095466614,2.0
7663,0.7343159914016724,2.0
7664,0.5937976837158203,2.0
7665,0.5534814596176147,2.0
7666,0.6526533961296082,2.0
7667,0.6302541494369507,2.0
7668,0.6671129465103149,2.0
7669,0.669358491897583,2.0
7670,0.4635763168334961,1.0
7671,0.26316145062446594,1.0
7672,0.8676537275314331,3.0
7673,0.2442668378353119,1.0
7674,0.7017698884010315,2.0
7675,0.5920204520225525,2.0
7676,0.5667005777359009,2.0
7677,0.8172749280929565,2.0
7678,0.3711548149585724,1.0
7679,0.6100800633430481,2.0
7680,0.8287689685821533,2.0
7681,0.807718813419342,2.0
7682,0.591783881187439,2.0
7683,0.5492815375328064,2.0
7684,0.7111663222312927,2.0
7685,0.6650256514549255,2.0
7686,0.7112938165664673,2.0
7687,0.6661617755889893,2.0
7688,0.7842264175415039,2.0
7689,0.772652804851532,2.0
7690,0.5815045833587646,2.0
7691,0.527170717716217,2.0
7692,0.7445808053016663,2.0
7693,0.8753315806388855,3.0
7694,0.7837006449699402,2.0
7695,0.43537309765815735,1.0
7696,0.8085889220237732,2.0
7697,0.6021507382392883,2.0
7698,0.6015464067459106,2.0
7699,0.45380327105522156,1.0
7700,0.7887706756591797,2.0
7701,0.3168832063674927,1.0
7702,0.6390908360481262,2.0
7703,0.6952347159385681,2.0
7704,0.5329968929290771,2.0
7705,0.42892035841941833,1.0
7706,0.6401487588882446,2.0
7707,0.7182613015174866,2.0
7708,0.6032577753067017,2.0
8863,0.4322550594806671,1.0
8864,0.3769468069076538,1.0
8865,0.7415805459022522,2.0
8866,0.5154491662979126,2.0
8867,0.7255738973617554,2.0
8868,0.4898532032966614,1.0
8869,0.5777456760406494,2.0
8870,0.5134927034378052,2.0
8871,0.33108875155448914,1.0
8872,0.6122519373893738,2.0
8873,0.7615329623222351,2.0
8874,0.3044745922088623,1.0
8875,0.3903181552886963,1.0
8876,0.8566787838935852,3.0
8877,0.45619651675224304,1.0
8878,0.3825801610946655,1.0
8879,0.542026162147522,2.0
8880,0.3725905418395996,1.0
8881,0.7668901681900024,2.0
8882,0.39679914712905884,1.0
8883,0.5711249709129333,2.0
8884,0.3053768277168274,1.0
8885,0.7545315623283386,2.0
8886,0.40191641449928284,1.0
8887,0.5238227844238281,2.0
8888,0.813630223274231,2.0
8889,0.5702921748161316,2.0
8890,0.6440521478652954,2.0
8891,0.6793952584266663,2.0
8892,0.5589432716369629,2.0
8893,0.42718571424484253,1.0
8894,0.46230125427246094,1.0
8895,0.7917751669883728,2.0
8896,0.6592577695846558,2.0
8897,0.5322316288948059,2.0
8898,0.5780842900276184,2.0
8899,0.33593955636024475,1.0
8900,0.679136335849762,2.0
8901,0.3476148843765259,1.0
8902,0.7319274544715881,2.0
8903,0.7567741870880127,2.0
8904,0.6722803711891174,2.0
8905,0.7482772469520569,2.0
8906,0.6667433977127075,2.0
8907,0.3855188488960266,1.0
8908,0.6012369990348816,2.0
8909,0.6003947257995605,2.0
8910,0.44465312361717224,1.0
8911,0.7894173860549927,2.0
8912,0.47919589281082153,1.0
8913,0.4570194184780121,1.0
8914,0.8292617797851562,2.0
8915,0.4967995882034302,1.0
8916,0.6298877596855164,2.0
8917,0.476265549659729,1.0
8918,0.5896207690238953,2.0
8919,0.6041231155395508,2.0
8920,0.36459824442863464,1.0
8921,0.6979420781135559,2.0
8922,0.6871626377105713,2.0
8923,0.8434491753578186,3.0
8924,0.5766449570655823,2.0
8925,0.4947410821914673,1.0
8926,0.37024590373039246,1.0
8927,0.4142798185348511,1.0
8928,0.5014392733573914,2.0
8929,0.4824446141719818,1.0
8930,0.5179110765457153,2.0
8931,0.44052016735076904,1.0
8932,0.33614975214004517,1.0
8933,0.6603596210479736,2.0
8934,0.4023002088069916,1.0
8935,0.7739790081977844,2.0
8936,0.3856961131095886,1.0
8937,0.5665203928947449,2.0
8938,0.3821820914745331,1.0
8939,0.7875667810440063,2.0
8940,0.6970540285110474,2.0
8941,0.8744878768920898,3.0
8942,0.37852582335472107,1.0
8943,0.441194623708725,1.0
8944,0.5896798372268677,2.0
8945,0.5518023371696472,2.0
8946,0.6038981676101685,2.0
8947,0.46620699763298035,1.0
8948,0.765305757522583,2.0
8949,0.3650059700012207,1.0
8950,0.6644048094749451,2.0
8951,0.5379638671875,2.0
8952,0.4964384138584137,1.0
8953,0.3955252766609192,1.0
8954,0.7051776051521301,2.0
8955,0.6853736042976379,2.0
8956,0.421234667301178,1.0
8957,0.613906741142273,2.0
8958,0.31201010942459106,1.0
8959,0.7415560483932495,2.0
8960,0.5317577123641968,2.0
8961,0.5586305260658264,2.0
8962,0.589352011680603,2.0
8963,0.4111326038837433,1.0
8964,0.30935198068618774,1.0
8965,0.6160669326782227,2.0
8966,0.41116341948509216,1.0
8967,0.490217387676239,1.0
8968,0.4249200224876404,1.0
8969,0.7927513718605042,2.0
8970,0.4904750883579254,1.0
8971,0.5502731800079346,2.0
8972,0.6626641154289246,2.0
8973,0.8160342574119568,2.0
8974,0.6674843430519104,2.0
8975,0.27063751220703125,1.0
8976,0.4327642023563385,1.0
8977,0.6557955741882324,2.0
8978,0.44465455412864685,1.0
8979,0.8601925373077393,3.0
8980,0.4463176429271698,1.0
8981,0.8702637553215027,3.0
8982,0.41072553396224976,1.0
8983,0.6714573502540588,2.0
8984,0.3884968161582947,1.0
8985,0.5304514765739441,2.0
8986,0.637523889541626,2.0
8987,0.5489710569381714,2.0
8988,0.7785952687263489,2.0
8989,0.26952314376831055,1.0
8990,0.8136892914772034,2.0
8991,0.2842533588409424,1.0
8992,0.33527305722236633,1.0
8993,0.42625895142555237,1.0
8994,0.3462558090686798,1.0
8995,0.6116607785224915,2.0
8996,0.7930055856704712,2.0
8997,0.33469313383102417,1.0
8998,0.5863766074180603,2.0
8999,0.4278353154659271,1.0
9000,0.3420534133911133,1.0
9001,0.8381478786468506,3.0
9002,0.46468573808670044,1.0
9003,0.8408659100532532,3.0
9004,0.7531088590621948,2.0
9005,0.6331430673599243,2.0
9006,0.632010817527771,2.0
9007,0.7382344007492065,2.0
9008,0.6575722098350525,2.0
9009,0.5716546773910522,2.0
9010,0.5227380394935608,2.0
9011,0.6799762845039368,2.0
9012,0.5771054029464722,2.0
9013,0.4407188892364502,1.0
9014,0.7830266356468201,2.0
9015,0.49687543511390686,1.0
9016,0.7575846910476685,2.0
9017,0.5630488395690918,2.0
9018,0.560234010219574,2.0
9019,0.8077137470245361,2.0
9020,0.30068325996398926,1.0
9021,0.6037631630897522,2.0
9022,0.5971783399581909,2.0
9023,0.42975112795829773,1.0
9024,0.4295910894870758,1.0
9025,0.28862059116363525,1.0
9026,0.5776351094245911,2.0
9027,0.8786464333534241,3.0
9028,0.38072991371154785,1.0
9029,0.781079888343811,2.0
9030,0.4254412055015564,1.0
9031,0.5516611337661743,2.0
9032,0.3121098279953003,1.0
9033,0.6995565891265869,2.0
9034,0.7572386264801025,2.0
9035,0.8685775995254517,3.0
9036,0.4725329875946045,1.0
9037,0.7093982100486755,2.0
9038,0.3659763038158417,1.0
9039,0.7060849070549011,2.0
9040,0.7213271260261536,2.0
9041,0.38827547430992126,1.0
9042,0.6881844401359558,2.0
9043,0.5377253890037537,2.0
9044,0.9023774266242981,3.0
9045,0.4209403097629547,1.0
9046,0.5503339171409607,2.0
9047,0.3854513168334961,1.0
9048,0.3022990822792053,1.0
9049,0.597778856754303,2.0
9050,0.4376426935195923,1.0
9051,0.7308545112609863,2.0
9052,0.6326538324356079,2.0
9053,0.5485820770263672,2.0
9054,0.4834342896938324,1.0
9055,0.5271636843681335,2.0
9056,0.48286154866218567,1.0
9057,0.5527783632278442,2.0
9058,0.74344402551651,2.0
9059,0.4076036512851715,1.0
9060,0.8122579455375671,2.0
9061,0.8706033229827881,3.0
9062,0.2620321810245514,1.0
9063,0.35662224888801575,1.0
9064,0.6122645139694214,2.0
9065,0.37564343214035034,1.0
9066,0.6600111126899719,2.0
9067,0.49142172932624817,1.0
9068,0.36394748091697693,1.0
9069,0.7655600905418396,2.0
9070,0.3394153416156769,1.0
9071,0.5807902812957764,2.0
9072,0.4510852098464966,1.0
9073,0.5217092633247375,2.0
9074,0.8153982758522034,2.0
9075,0.724599301815033,2.0
9076,0.26826193928718567,1.0
9077,0.4440036416053772,1.0
9078,0.39615052938461304,1.0
9079,0.7857735753059387,2.0
9080,0.4727345407009125,1.0
9081,0.4980381429195404,1.0
9082,0.6032976508140564,2.0
9083,0.7214322090148926,2.0
9084,0.6742831468582153,2.0
9085,0.7369233965873718,2.0
9086,0.2664245069026947,1.0
9087,0.4722089469432831,1.0
9088,0.6421964764595032,2.0
9089,0.6495898962020874,2.0
9090,0.38497406244277954,1.0
9091,0.6258562803268433,2.0
9092,0.23113957047462463,1.0
9093,0.5291315317153931,2.0
9094,0.3229628801345825,1.0
9095,0.6388795375823975,2.0
9096,0.6117627024650574,2.0
9097,0.4422275722026825,1.0
9098,0.7519599199295044,2.0
9099,0.3458594083786011,1.0
9100,0.5096993446350098,2.0
9101,0.37177574634552,1.0
9102,0.4272231161594391,1.0
9103,0.658104419708252,2.0
9104,0.717597484588623,2.0
9105,0.4715479016304016,1.0
9106,0.712560772895813,2.0
9107,0.46811479330062866,1.0
9108,0.28547242283821106,1.0
9109,0.49498793482780457,1.0
9110,0.8041446208953857,2.0
9111,0.5452933311462402,2.0
9112,0.6624331474304199,2.0
9113,0.5380679965019226,2.0
9114,0.8408042192459106,3.0
9115,0.6513879299163818,2.0
9116,0.6958029866218567,2.0
9117,0.6701618432998657,2.0
9118,0.7195804119110107,2.0
9119,0.42293423414230347,1.0
9121,0.5983529686927795,2.0
9122,0.7344949841499329,2.0
9123,0.5152827501296997,2.0
9124,0.4496299624443054,1.0
9125,0.518546462059021,2.0
9126,0.3727659583091736,1.0
9127,0.635024905204773,2.0
9128,0.6425493359565735,2.0
9129,0.23815494775772095,1.0
9130,0.35827016830444336,1.0
9131,0.5040971040725708,2.0
9132,0.8384325504302979,3.0
9133,0.8364497423171997,3.0
9134,0.7860918641090393,2.0
9135,0.5676347613334656,2.0
9136,0.42378175258636475,1.0
9137,0.2876891791820526,1.0
9138,0.6692845225334167,2.0
9139,0.4990978538990021,1.0
9140,0.5970615148544312,2.0
9141,0.40044331550598145,1.0
9142,0.47109198570251465,1.0
9143,0.37175169587135315,1.0
9144,0.5289233326911926,2.0
9145,0.7351405024528503,2.0
9146,0.5282303094863892,2.0
9147,0.6893410682678223,2.0
9148,0.43404045701026917,1.0
9149,0.7649591565132141,2.0
9150,0.4359540045261383,1.0
9151,0.459063857793808,1.0
9152,0.5982487201690674,2.0
9153,0.6047179102897644,2.0
9154,0.4893209934234619,1.0
9155,0.3655407726764679,1.0
9156,0.4196552634239197,1.0
9157,0.3182968497276306,1.0
9158,0.8443856835365295,3.0
9159,0.5084205269813538,2.0
9160,0.5545997619628906,2.0
9161,0.7025253176689148,2.0
9162,0.41032928228378296,1.0
9163,0.7882336378097534,2.0
9164,0.7414554953575134,2.0
9165,0.6150000691413879,2.0
9166,0.64908766746521,2.0
9167,0.7941247820854187,2.0
9168,0.5962552428245544,2.0
9169,0.42516934871673584,1.0
9170,0.9047120809555054,3.0
9171,0.706142008304596,2.0
9172,0.3737392723560333,1.0
9173,0.22465813159942627,1.0
9174,0.5194900035858154,2.0
9175,0.7641336917877197,2.0
9176,0.26573410630226135,1.0
9177,0.5303354263305664,2.0
9178,0.5727565884590149,2.0
9179,0.31716227531433105,1.0
9180,0.557153046131134,2.0
9181,0.5450587868690491,2.0
9182,0.549792468547821,2.0
9183,0.35584744811058044,1.0
9184,0.4865438640117645,1.0
9185,0.44148802757263184,1.0
9186,0.4194221794605255,1.0
9187,0.4875364601612091,1.0
9188,0.7924168705940247,2.0
9189,0.29054883122444153,1.0
9190,0.76398104429245,2.0
9191,0.5362658500671387,2.0
9192,0.4671596884727478,1.0
9193,0.44041910767555237,1.0
9194,0.5175313949584961,2.0
9195,0.6004242897033691,2.0
9196,0.5183897614479065,2.0
9197,0.5073458552360535,2.0
9198,0.8722094893455505,3.0
9199,0.7630187273025513,2.0
9200,0.48825377225875854,1.0
9201,0.5598781704902649,2.0
9202,0.434837281703949,1.0
9203,0.3169204890727997,1.0
9204,0.568559467792511,2.0
9205,0.5591351389884949,2.0
9206,0.44777435064315796,1.0
9207,0.24275000393390656,1.0
9208,0.681298553943634,2.0
9209,0.29253995418548584,1.0
9210,0.3352268934249878,1.0
9211,0.7455145120620728,2.0
9212,0.6546043157577515,2.0
9213,0.3974233865737915,1.0
9214,0.6819676160812378,2.0
9215,0.7078549265861511,2.0
9216,0.4495649039745331,1.0
9217,0.8173888921737671,2.0
9218,0.33133506774902344,1.0
9219,0.6811427474021912,2.0
9220,0.7266748547554016,2.0
9221,0.3473600745201111,1.0
9222,0.8911827802658081,3.0
9223,0.8088076710700989,2.0
9224,0.5873953104019165,2.0
9225,0.4659644663333893,1.0
9226,0.2838335931301117,1.0
9227,0.6101474165916443,2.0
9228,0.5457225441932678,2.0
9229,0.5362183451652527,2.0
9230,0.5288635492324829,2.0
9231,0.3015245497226715,1.0
9232,0.5476669073104858,2.0
9233,0.508712112903595,2.0
9234,0.3966941237449646,1.0
9235,0.6105242967605591,2.0
9236,0.6638302803039551,2.0
9237,0.6688843965530396,2.0
9238,0.6515247225761414,2.0
9239,0.5380921959877014,2.0
9240,0.5313241481781006,2.0
9241,0.4047268033027649,1.0
9242,0.4780205190181732,1.0
9243,0.6842067241668701,2.0
9244,0.5902250409126282,2.0
9245,0.3718733787536621,1.0
9246,0.34535694122314453,1.0
9247,0.8130926489830017,2.0
9248,0.7140941619873047,2.0
9249,0.7185992002487183,2.0
9250,0.39103391766548157,1.0
9251,0.7047688364982605,2.0
9252,0.3762338161468506,1.0
9253,0.41588082909584045,1.0
9254,0.7689467668533325,2.0
9255,0.7978266477584839,2.0
9256,0.5752540826797485,2.0
9257,0.8005648255348206,2.0
9258,0.7568972706794739,2.0
9259,0.47827064990997314,1.0
9260,0.8106091022491455,2.0
9261,0.36971524357795715,1.0
9262,0.4045465588569641,1.0
9263,0.7993897199630737,2.0
9264,0.7784441113471985,2.0
9265,0.4450716972351074,1.0
9266,0.29748526215553284,1.0
9267,0.5749074816703796,2.0
9268,0.2908906936645508,1.0
9269,0.6573476791381836,2.0
9270,0.28896039724349976,1.0
9271,0.5628714561462402,2.0
9272,0.24566742777824402,1.0
9273,0.5516603589057922,2.0
9274,0.5161129236221313,2.0
9275,0.33023306727409363,1.0
9276,0.5746265053749084,2.0
9277,0.7349979877471924,2.0
9278,0.5065696835517883,2.0
9279,0.8446130156517029,3.0
9280,0.465105265378952,1.0
9281,0.671360433101654,2.0
9282,0.5897225737571716,2.0
9283,0.5085232853889465,2.0
9284,0.3426668643951416,1.0
9285,0.6064056158065796,2.0
9286,0.48715871572494507,1.0
9287,0.6928166747093201,2.0
9288,0.7783176302909851,2.0
9289,0.35580962896347046,1.0
9290,0.5290237069129944,2.0
9291,0.6535770893096924,2.0
9292,0.8532727360725403,3.0
9293,0.735493540763855,2.0
9294,0.5756633877754211,2.0
9295,0.5091647505760193,2.0
9296,0.3710642457008362,1.0
9297,0.49818697571754456,1.0
9298,0.5213766098022461,2.0
9299,0.29906165599823,1.0
9300,0.5198267102241516,2.0
9301,0.9060106873512268,3.0
9302,0.8015734553337097,2.0
9303,0.26716509461402893,1.0
9304,0.6127328872680664,2.0
9305,0.6479170918464661,2.0
9306,0.5884040594100952,2.0
9307,0.6547607183456421,2.0
9308,0.437130331993103,1.0
9309,0.5496216416358948,2.0
9310,0.5564268231391907,2.0
9311,0.3466092348098755,1.0
9312,0.8136667609214783,2.0
9313,0.4260062277317047,1.0
9314,0.29910480976104736,1.0
9315,0.7171533703804016,2.0
9316,0.7502971887588501,2.0
9317,0.6933698654174805,2.0
9318,0.2852080166339874,1.0
9319,0.856645941734314,3.0
9320,0.43877583742141724,1.0
9321,0.4304963946342468,1.0
9322,0.36442604660987854,1.0
9323,0.35890698432922363,1.0
9324,0.334491491317749,1.0
9325,0.8219435811042786,2.0
9326,0.4723913371562958,1.0
9327,0.8575119376182556,3.0
9328,0.40384605526924133,1.0
9329,0.7462578415870667,2.0
9330,0.7759864330291748,2.0
9331,0.7192361354827881,2.0
9332,0.5905398726463318,2.0
9333,0.2645055651664734,1.0
9334,0.32848048210144043,1.0
9335,0.6064541339874268,2.0
9336,0.599601149559021,2.0
9337,0.3793286681175232,1.0
9338,0.3211784064769745,1.0
9339,0.6144155263900757,2.0
9340,0.5563623309135437,2.0
9341,0.7344702482223511,2.0
9342,0.668677568435669,2.0
9343,0.4286428689956665,1.0
9344,0.5820321440696716,2.0
9345,0.2586055397987366,1.0
9346,0.8074742555618286,2.0
9347,0.6576270461082458,2.0
9348,0.5209110379219055,2.0
9349,0.5711183547973633,2.0
9350,0.4313960373401642,1.0
9351,0.3601266145706177,1.0
9352,0.5953536629676819,2.0
9353,0.5165032148361206,2.0
9354,0.7257924675941467,2.0
9355,0.4736255705356598,1.0
9356,0.41417595744132996,1.0
9357,0.6267769932746887,2.0
9358,0.4839246869087219,1.0
9359,0.29680052399635315,1.0
9360,0.4397742748260498,1.0
9361,0.5731520652770996,2.0
9362,0.6577185392379761,2.0
9363,0.5210391283035278,2.0
9364,0.6334473490715027,2.0
9365,0.6707581877708435,2.0
9366,0.572268009185791,2.0
9367,0.6584348678588867,2.0
9368,0.57875657081604,2.0
9369,0.453941285610199,1.0
9370,0.47917160391807556,1.0
9371,0.5174482464790344,2.0
9372,0.4188120663166046,1.0
9373,0.36481890082359314,1.0
9374,0.4502980709075928,1.0
9375,0.565796971321106,2.0
9376,0.4513566195964813,1.0
9377,0.32950225472450256,1.0
9378,0.4893854558467865,1.0
9379,0.48268768191337585,1.0
9380,0.6777924299240112,2.0
9381,0.5291085839271545,2.0
9382,0.6064906716346741,2.0
9383,0.6335418224334717,2.0
9384,0.5166432857513428,2.0
9385,0.44409292936325073,1.0
9386,0.6709990501403809,2.0
9387,0.7674667239189148,2.0
9388,0.531944751739502,2.0
9389,0.8334245681762695,3.0
9390,0.3870939314365387,1.0
9391,0.7472372651100159,2.0
9392,0.6844931244850159,2.0
9393,0.3924959897994995,1.0
9394,0.3598126173019409,1.0
9395,0.3809610903263092,1.0
9396,0.3358016908168793,1.0
9397,0.5308049321174622,2.0
9398,0.6316075325012207,2.0
9399,0.6005248427391052,2.0
9400,0.3782787621021271,1.0
9401,0.8454689979553223,3.0
9402,0.7359747290611267,2.0
9403,0.620477557182312,2.0
9404,0.3298761248588562,1.0
9405,0.6279517412185669,2.0
9406,0.5468854308128357,2.0
9407,0.7754725813865662,2.0
9408,0.47025224566459656,1.0
9409,0.5444571375846863,2.0
9410,0.4548783302307129,1.0
9411,0.46304088830947876,1.0
9412,0.28694644570350647,1.0
9413,0.28495508432388306,1.0
9414,0.3821485936641693,1.0
9415,0.33865275979042053,1.0
9416,0.6626314520835876,2.0
9417,0.555323600769043,2.0
9418,0.5536768436431885,2.0
9419,0.636357307434082,2.0
9420,0.7568730115890503,2.0
9421,0.666792631149292,2.0
9422,0.7358384132385254,2.0
9423,0.8608598113059998,3.0
9424,0.42438122630119324,1.0
9425,0.7193987965583801,2.0
9426,0.7070176601409912,2.0
9427,0.5089708566665649,2.0
9428,0.724820077419281,2.0
9429,0.5678427219390869,2.0
9430,0.7699040174484253,2.0
9431,0.48902884125709534,1.0
9432,0.5517022013664246,2.0
9434,0.39285141229629517,1.0
9435,0.3806245028972626,1.0
9436,0.6943533420562744,2.0
9437,0.38812971115112305,1.0
9438,0.7145342230796814,2.0
9439,0.6302981972694397,2.0
9440,0.5850738883018494,2.0
9441,0.785783052444458,2.0
9442,0.9288526177406311,3.0
9443,0.5188726782798767,2.0
9444,0.5149229764938354,2.0
9445,0.39831358194351196,1.0
9446,0.39839503169059753,1.0
9447,0.27498507499694824,1.0
9448,0.5283188223838806,2.0
9449,0.6918877959251404,2.0
9450,0.38660281896591187,1.0
9451,0.4604071378707886,1.0
9452,0.5621500611305237,2.0
9453,0.548801600933075,2.0
9454,0.4241984188556671,1.0
9455,0.3030036985874176,1.0
9456,0.3369903862476349,1.0
9457,0.7156925201416016,2.0
9458,0.5227429866790771,2.0
9459,0.6443244218826294,2.0
9460,0.8109650611877441,2.0
9461,0.5118820667266846,2.0
9462,0.7955611944198608,2.0
9463,0.3255750834941864,1.0
9464,0.30632779002189636,1.0
9465,0.7625868916511536,2.0
9466,0.8831506967544556,3.0
9467,0.6443727612495422,2.0
9468,0.4929444491863251,1.0
9469,0.5668833255767822,2.0
9470,0.6316151022911072,2.0
9471,0.3828398585319519,1.0
9472,0.6121962070465088,2.0
9473,0.7595453262329102,2.0
9474,0.4879336357116699,1.0
9475,0.4963649809360504,1.0
9476,0.8769528269767761,3.0
9477,0.4691482484340668,1.0
9478,0.6331319212913513,2.0
9479,0.43619439005851746,1.0
9480,0.3278515636920929,1.0
9481,0.4875612258911133,1.0
9482,0.8504180908203125,3.0
9483,0.7895919680595398,2.0
9484,0.47451022267341614,1.0
9485,0.6749943494796753,2.0
9486,0.22357437014579773,1.0
9487,0.6628719568252563,2.0
9488,0.33150455355644226,1.0
9489,0.7103139758110046,2.0
9490,0.34159302711486816,1.0
9491,0.39184680581092834,1.0
9492,0.4642051160335541,1.0
9493,0.6915959715843201,2.0
9494,0.5563246607780457,2.0
9495,0.40476104617118835,1.0
9496,0.421033650636673,1.0
9497,0.5145261287689209,2.0
9498,0.3804123103618622,1.0
9499,0.35253775119781494,1.0
9500,0.6949585676193237,2.0
9501,0.6630898714065552,2.0
9502,0.544721782207489,2.0
9503,0.6518852710723877,2.0
9504,0.618129551410675,2.0
9505,0.6303285956382751,2.0
9506,0.5270882248878479,2.0
9507,0.66993248462677,2.0
9508,0.6624020338058472,2.0
9509,0.4655645787715912,1.0
9510,0.5747543573379517,2.0
9511,0.4392530024051666,1.0
9512,0.47529441118240356,1.0
9513,0.8379353284835815,3.0
9514,0.6069903373718262,2.0
9515,0.8838244080543518,3.0
9516,0.4686887562274933,1.0
9517,0.42702269554138184,1.0
9518,0.47878628969192505,1.0
9519,0.48563462495803833,1.0
9520,0.4740171730518341,1.0
9521,0.5538937449455261,2.0
9522,0.610968291759491,2.0
9523,0.625324010848999,2.0
9524,0.4670534133911133,1.0
9525,0.7523130774497986,2.0
9526,0.4673577547073364,1.0
9527,0.7385129928588867,2.0
9528,0.3612033426761627,1.0
9529,0.4428941309452057,1.0
9530,0.6544986367225647,2.0
9531,0.4117985665798187,1.0
9532,0.3245481848716736,1.0
9533,0.3066447377204895,1.0
9534,0.6497880220413208,2.0
9535,0.43737512826919556,1.0
9536,0.6517722010612488,2.0
9537,0.31909435987472534,1.0
9538,0.6467026472091675,2.0
9539,0.5748811960220337,2.0
9540,0.45641574263572693,1.0
9541,0.6222018003463745,2.0
9542,0.30146902799606323,1.0
9543,0.42874962091445923,1.0
9544,0.22161419689655304,1.0
9545,0.3504458963871002,1.0
9546,0.34451091289520264,1.0
9547,0.5480881333351135,2.0
9548,0.48229360580444336,1.0
9549,0.4437282085418701,1.0
9550,0.6777012348175049,2.0
9551,0.7597247958183289,2.0
9552,0.7537401914596558,2.0
9553,0.6016603112220764,2.0
9554,0.5010807514190674,2.0
9555,0.5315096378326416,2.0
9556,0.7598645091056824,2.0
9557,0.4900389313697815,1.0
9558,0.8687375783920288,3.0
9559,0.6591543555259705,2.0
9560,0.4586939513683319,1.0
9561,0.6164300441741943,2.0
9562,0.6984947323799133,2.0
9563,0.3883654475212097,1.0
9564,0.5128338932991028,2.0
9565,0.33304381370544434,1.0
9566,0.48959317803382874,1.0
9567,0.7790210247039795,2.0
9568,0.2911079525947571,1.0
9569,0.7125567197799683,2.0
9570,0.5148912668228149,2.0
9571,0.797440230846405,2.0
9572,0.5458650588989258,2.0
9573,0.5015688538551331,2.0
9574,0.7928880453109741,2.0
9575,0.5377528071403503,2.0
9576,0.6182913780212402,2.0
9577,0.30410298705101013,1.0
9578,0.6975588798522949,2.0
9579,0.44462233781814575,1.0
9580,0.4800322651863098,1.0
9581,0.35394927859306335,1.0
9582,0.33185210824012756,1.0
9583,0.36194536089897156,1.0
9584,0.49002039432525635,1.0
9585,0.32736557722091675,1.0
9586,0.3560768663883209,1.0
9587,0.5782749056816101,2.0
9588,0.6300773024559021,2.0
9589,0.6997063755989075,2.0
9590,0.6312681436538696,2.0
9591,0.507519543170929,2.0
9592,0.5158135294914246,2.0
9593,0.4909299314022064,1.0
9594,0.9016140103340149,3.0
9595,0.7672032713890076,2.0
9596,0.629183292388916,2.0
9597,0.5080254673957825,2.0
9598,0.5237959623336792,2.0
9599,0.4152660369873047,1.0
9600,0.6234561800956726,2.0
9601,0.4610060453414917,1.0
9602,0.43135493993759155,1.0
9603,0.7207183241844177,2.0
9604,0.5009957551956177,2.0
9605,0.37076008319854736,1.0
9606,0.770047128200531,2.0
9607,0.8253421187400818,2.0
9608,0.7182040214538574,2.0
9609,0.6244539022445679,2.0
9610,0.6875486373901367,2.0
9611,0.43783625960350037,1.0
9612,0.36423444747924805,1.0
9613,0.8161386847496033,2.0
9614,0.28359708189964294,1.0
9615,0.6572054624557495,2.0
9616,0.5310319662094116,2.0
9617,0.5986295938491821,2.0
9618,0.8802245855331421,3.0
9619,0.7345673441886902,2.0
9620,0.33417460322380066,1.0
9621,0.6013075113296509,2.0
9622,0.6142041683197021,2.0
9623,0.41297826170921326,1.0
9624,0.783326268196106,2.0
9625,0.7131882905960083,2.0
9626,0.35627439618110657,1.0
9627,0.7911726832389832,2.0
9628,0.6577324271202087,2.0
9629,0.6031454205513,2.0
9630,0.6214408874511719,2.0
9631,0.6484588980674744,2.0
9632,0.46871671080589294,1.0
9633,0.48745113611221313,1.0
9634,0.31570032238960266,1.0
9635,0.4161147475242615,1.0
9636,0.5480025410652161,2.0
9637,0.2652271091938019,1.0
9638,0.511622428894043,2.0
9639,0.4153708219528198,1.0
9640,0.501656711101532,2.0
9641,0.507205069065094,2.0
9642,0.5565468668937683,2.0
9643,0.621877133846283,2.0
9644,0.5915208458900452,2.0
9645,0.6321378350257874,2.0
9646,0.37146157026290894,1.0
9647,0.6722590327262878,2.0
9648,0.7891933917999268,2.0
9649,0.6087977290153503,2.0
9650,0.5923197865486145,2.0
9651,0.5759210586547852,2.0
9652,0.7450255155563354,2.0
9653,0.24873079359531403,1.0
9654,0.43055641651153564,1.0
9655,0.3894597887992859,1.0
9656,0.4457227289676666,1.0
9657,0.32917356491088867,1.0
9658,0.6222504377365112,2.0
9659,0.6571305394172668,2.0
9660,0.7416244745254517,2.0
9661,0.5067728161811829,2.0
9662,0.34593886137008667,1.0
9663,0.6086875796318054,2.0
9664,0.2861800789833069,1.0
9665,0.3295409083366394,1.0
9666,0.5209805369377136,2.0
9667,0.6494773626327515,2.0
9668,0.3088914155960083,1.0
9669,0.9032254815101624,3.0
9670,0.7814235091209412,2.0
9671,0.7832862734794617,2.0
9672,0.4984429180622101,1.0
9674,0.8759759068489075,3.0
9675,0.47095775604248047,1.0
9676,0.40310513973236084,1.0
9677,0.4205971360206604,1.0
9678,0.41243720054626465,1.0
9679,0.372929185628891,1.0
9680,0.442643940448761,1.0
9681,0.32001152634620667,1.0
9682,0.5731504559516907,2.0
9683,0.7592426538467407,2.0
9684,0.4738802909851074,1.0
9685,0.3933681845664978,1.0
9686,0.3952242434024811,1.0
9687,0.541985034942627,2.0
9688,0.4441911280155182,1.0
9689,0.4929755628108978,1.0
9690,0.3978860676288605,1.0
9691,0.3564712703227997,1.0
9692,0.35956278443336487,1.0
9693,0.34777769446372986,1.0
9694,0.42886003851890564,1.0
9695,0.44040292501449585,1.0
9696,0.28601527214050293,1.0
9697,0.32275721430778503,1.0
9698,0.5642836689949036,2.0
9699,0.7291468381881714,2.0
9700,0.806195080280304,2.0
9701,0.46700987219810486,1.0
9702,0.5036253929138184,2.0
9703,0.23159167170524597,1.0
9704,0.81828773021698,2.0
9705,0.7918757796287537,2.0
9706,0.3124665319919586,1.0
9707,0.7010764479637146,2.0
9708,0.8258963823318481,2.0
9709,0.8306535482406616,2.0
9710,0.6191142201423645,2.0
9711,0.6731173992156982,2.0
9712,0.3857237696647644,1.0
9713,0.5479976534843445,2.0
9714,0.6492210030555725,2.0
9715,0.6704808473587036,2.0
9716,0.44756829738616943,1.0
9717,0.755601167678833,2.0
9718,0.6135897636413574,2.0
9719,0.604908287525177,2.0
9720,0.467119038105011,1.0
9721,0.37715697288513184,1.0
9722,0.5580286383628845,2.0
9723,0.6507650017738342,2.0
9724,0.7371768355369568,2.0
9725,0.5750670433044434,2.0
9726,0.6909847855567932,2.0
9727,0.8654351234436035,3.0
9728,0.5107255578041077,2.0
9729,0.5937132835388184,2.0
9730,0.6531365513801575,2.0
9731,0.4547019898891449,1.0
9732,0.4306429624557495,1.0
9733,0.6241676211357117,2.0
9734,0.6232773065567017,2.0
9735,0.33615875244140625,1.0
9736,0.5157343149185181,2.0
9737,0.411965548992157,1.0
9738,0.8512629270553589,3.0
9739,0.7785612344741821,2.0
9740,0.4859333336353302,1.0
9741,0.7535425424575806,2.0
9742,0.4314514994621277,1.0
9743,0.67266446352005,2.0
9744,0.8257380127906799,2.0
9745,0.4916057884693146,1.0
9746,0.5626572370529175,2.0
9747,0.38755130767822266,1.0
9748,0.5457600951194763,2.0
9749,0.36420467495918274,1.0
9750,0.5839775204658508,2.0
9751,0.5345431566238403,2.0
9752,0.5308197140693665,2.0
9753,0.6183714270591736,2.0
9754,0.6506035923957825,2.0
9755,0.8826080560684204,3.0
9756,0.21656274795532227,1.0
9757,0.4391227662563324,1.0
9758,0.6957136392593384,2.0
9759,0.4048023819923401,1.0
9760,0.818925678730011,2.0
9761,0.6313485503196716,2.0
9762,0.7887665629386902,2.0
9763,0.4646395444869995,1.0
9764,0.4996766746044159,1.0
9765,0.368099182844162,1.0
9766,0.5176339745521545,2.0
9767,0.7529320120811462,2.0
9768,0.4871881306171417,1.0
9769,0.3181973099708557,1.0
9770,0.4892594814300537,1.0
9771,0.5770228505134583,2.0
9772,0.5146035552024841,2.0
9773,0.4820556342601776,1.0
9774,0.7018953561782837,2.0
9775,0.27760037779808044,1.0
9776,0.45660966634750366,1.0
9777,0.5486207604408264,2.0
9778,0.3150092661380768,1.0
9779,0.3772846758365631,1.0
9780,0.6898778080940247,2.0
9781,0.5506467819213867,2.0
9782,0.649350643157959,2.0
9783,0.6930406093597412,2.0
9784,0.7529885768890381,2.0
9785,0.4652870297431946,1.0
9786,0.46522995829582214,1.0
9787,0.5512125492095947,2.0
9788,0.6374598145484924,2.0
9789,0.7560808062553406,2.0
9790,0.44361087679862976,1.0
9791,0.7233939170837402,2.0
9792,0.5007283091545105,2.0
9793,0.40449708700180054,1.0
9794,0.5644227862358093,2.0
9795,0.5390788316726685,2.0
9796,0.5415639877319336,2.0
9797,0.5366060137748718,2.0
9798,0.6136494278907776,2.0
9799,0.5564034581184387,2.0
9800,0.4571325480937958,1.0
9801,0.6322430968284607,2.0
9802,0.30152055621147156,1.0
9803,0.5869575142860413,2.0
9804,0.41379514336586,1.0
9805,0.5354546308517456,2.0
9806,0.4143199324607849,1.0
9807,0.34674322605133057,1.0
9808,0.357812762260437,1.0
9809,0.5651282072067261,2.0
9810,0.607332706451416,2.0
9811,0.7552762031555176,2.0
9812,0.65864497423172,2.0
9813,0.663372278213501,2.0
9814,0.4214969873428345,1.0
9815,0.46578359603881836,1.0
9816,0.6757498979568481,2.0
9817,0.5891491770744324,2.0
9818,0.8415025472640991,3.0
9819,0.5209805369377136,2.0
9820,0.6300809383392334,2.0
9821,0.8635222911834717,3.0
9822,0.7150155901908875,2.0
9823,0.46926555037498474,1.0
9824,0.582594633102417,2.0
9825,0.33969300985336304,1.0
9826,0.7696669101715088,2.0
9827,0.7207357287406921,2.0
9828,0.6872047185897827,2.0
9829,0.9278770685195923,3.0
9830,0.7955839037895203,2.0
9831,0.5948809385299683,2.0
9832,0.6919497847557068,2.0
9833,0.7743625640869141,2.0
9834,0.36889585852622986,1.0
9835,0.4831961393356323,1.0
9836,0.5958325266838074,2.0
9837,0.307555615901947,1.0
9838,0.6725754141807556,2.0
9839,0.4631785452365875,1.0
9840,0.4181722402572632,1.0
9841,0.7440772652626038,2.0
9842,0.39299073815345764,1.0
9843,0.6022393107414246,2.0
9844,0.4947567284107208,1.0
9845,0.41845330595970154,1.0
9846,0.6066483855247498,2.0
9847,0.7822345495223999,2.0
9848,0.6100236773490906,2.0
9849,0.5694643259048462,2.0
9850,0.5203598737716675,2.0
9851,0.4219404458999634,1.0
9852,0.7244319915771484,2.0
9853,0.5149776339530945,2.0
9854,0.3149353563785553,1.0
9855,0.5643048882484436,2.0
9856,0.6878100037574768,2.0
9857,0.3390234708786011,1.0
9858,0.37430453300476074,1.0
9859,0.6712336540222168,2.0
9860,0.745046854019165,2.0
9861,0.6888368129730225,2.0
9862,0.29723626375198364,1.0
9863,0.4161960482597351,1.0
9864,0.4736068546772003,1.0
9865,0.7165079712867737,2.0
9866,0.35467618703842163,1.0
9867,0.41493192315101624,1.0
9868,0.5507808923721313,2.0
9869,0.338417112827301,1.0
9870,0.32785871624946594,1.0
9871,0.3865416646003723,1.0
9872,0.7101563215255737,2.0
9873,0.6829134225845337,2.0
9874,0.5539045929908752,2.0
9875,0.8067260980606079,2.0
9876,0.3486284017562866,1.0
9877,0.3685797154903412,1.0
9878,0.6425327658653259,2.0
9879,0.3701123595237732,1.0
9880,0.6420792937278748,2.0
9881,0.5885652303695679,2.0
9882,0.555340588092804,2.0
9883,0.47051802277565,1.0
9884,0.7044909000396729,2.0
9885,0.3475787043571472,1.0
9886,0.43226730823516846,1.0
9887,0.396196186542511,1.0
9888,0.46980011463165283,1.0
9889,0.4954690933227539,1.0
9890,0.3468567430973053,1.0
9891,0.608899712562561,2.0
9892,0.5145726799964905,2.0
9893,0.5662830471992493,2.0
9894,0.4824671447277069,1.0
9895,0.3676004111766815,1.0
9896,0.45550650358200073,1.0
9897,0.3928551971912384,1.0
9898,0.6151062250137329,2.0
9899,0.5219278335571289,2.0
9900,0.6127434372901917,2.0
9901,0.6313955783843994,2.0
9902,0.28619322180747986,1.0
9903,0.7180054187774658,2.0
9904,0.7898157835006714,2.0
9905,0.3700293302536011,1.0
9906,0.6630595922470093,2.0
9907,0.600431501865387,2.0
9908,0.5668708086013794,2.0
9909,0.6279211640357971,2.0
9910,0.6659297347068787,2.0
9911,0.7608449459075928,2.0
9912,0.6248498558998108,2.0
9913,0.3305690288543701,1.0
9914,0.8255053758621216,2.0
9915,0.3890281021595001,1.0
9916,0.3062826097011566,1.0
9917,0.8143618106842041,2.0
9918,0.3779198229312897,1.0
9919,0.6990709900856018,2.0
9920,0.598402738571167,2.0
9921,0.4294899106025696,1.0
9922,0.46332424879074097,1.0
9923,0.3979909420013428,1.0
9924,0.42914828658103943,1.0
9925,0.718381941318512,2.0
9926,0.601371169090271,2.0
9927,0.6242170333862305,2.0
9928,0.7830224633216858,2.0
9929,0.4385593831539154,1.0
9930,0.41720229387283325,1.0
9931,0.2650775909423828,1.0
9932,0.6703757047653198,2.0
9933,0.5557286143302917,2.0
9934,0.6368663907051086,2.0
9935,0.705665647983551,2.0
9936,0.4289134740829468,1.0
9937,0.8127830624580383,2.0
9938,0.6154267191886902,2.0
9939,0.6350923180580139,2.0
9940,0.4847409427165985,1.0
9941,0.336662620306015,1.0
9942,0.7899776101112366,2.0
9943,0.5001331567764282,2.0
9944,0.3641502261161804,1.0
9945,0.555370032787323,2.0
9946,0.5636242032051086,2.0
9947,0.4854692816734314,1.0
9948,0.5304298400878906,2.0
9949,0.45099174976348877,1.0
9950,0.5043724775314331,2.0
9951,0.5425509214401245,2.0
9952,0.7367372512817383,2.0
9953,0.7452854514122009,2.0
9954,0.5968686938285828,2.0
9955,0.40127548575401306,1.0
9956,0.5250477194786072,2.0
9957,0.7288338541984558,2.0
9958,0.6391912698745728,2.0
9959,0.3932628929615021,1.0
9960,0.5003900527954102,2.0
9961,0.6199493408203125,2.0
9962,0.6146523952484131,2.0
9963,0.7692841291427612,2.0
9964,0.6567023992538452,2.0
9965,0.541523814201355,2.0
9966,0.4941885769367218,1.0
9967,0.877568781375885,3.0
9968,0.6925294399261475,2.0
9969,0.6839873194694519,2.0
9970,0.505618155002594,2.0
9971,0.3182336688041687,1.0
9972,0.6150161623954773,2.0
9973,0.35881173610687256,1.0
9974,0.3900354504585266,1.0
9975,0.7216174602508545,2.0
9976,0.7244136929512024,2.0
9977,0.2686203718185425,1.0
9978,0.2699926495552063,1.0
9979,0.5236343741416931,2.0
9980,0.3747777044773102,1.0
9981,0.7693206667900085,2.0
9982,0.6304821372032166,2.0
9983,0.8028953671455383,2.0
9984,0.4264829754829407,1.0
9985,0.38331639766693115,1.0
9986,0.8572966456413269,3.0
9987,0.3012087047100067,1.0
9988,0.5603375434875488,2.0
9989,0.2994803488254547,1.0
9990,0.6393694281578064,2.0
9991,0.6148157715797424,2.0
9992,0.41203123331069946,1.0
9993,0.5727528929710388,2.0
9994,0.4925534725189209,1.0
9995,0.7101474404335022,2.0
9996,0.26965802907943726,1.0
9997,0.35602158308029175,1.0
9998,0.5301556587219238,2.0
9999,0.7349057793617249,2.0
10000,0.2831515371799469,1.0
10001,0.3279544413089752,1.0
10002,0.7290579676628113,2.0
10003,0.6505096554756165,2.0
10004,0.8407832384109497,3.0
10005,0.6821057796478271,2.0
10006,0.4902227818965912,1.0
10007,0.5020010471343994,2.0
10008,0.45314159989356995,1.0
10009,0.4868755638599396,1.0
10010,0.4809226095676422,1.0
10011,0.3955431580543518,1.0
10012,0.5643333196640015,2.0
10013,0.790521502494812,2.0
10014,0.38313040137290955,1.0
10015,0.5374658107757568,2.0
10016,0.6334577202796936,2.0
10017,0.41338884830474854,1.0
10018,0.46908774971961975,1.0
10019,0.30720055103302,1.0
10020,0.6023001670837402,2.0
10021,0.4644351005554199,1.0
10022,0.3012697994709015,1.0
10023,0.3907375931739807,1.0
10024,0.4290195107460022,1.0
10025,0.7032856345176697,2.0
10026,0.5594420433044434,2.0
10027,0.6260107755661011,2.0
10028,0.5540953278541565,2.0
10029,0.45666614174842834,1.0
10030,0.3270893096923828,1.0
10031,0.7449255585670471,2.0
10032,0.6646634340286255,2.0
10033,0.3673131465911865,1.0
10034,0.6844955682754517,2.0
10035,0.4422217905521393,1.0
10036,0.4425467550754547,1.0
10037,0.5765410661697388,2.0
10038,0.40859320759773254,1.0
10039,0.49746203422546387,1.0
10040,0.7382742166519165,2.0
10041,0.4612419903278351,1.0
10042,0.4757273495197296,1.0
10043,0.806549608707428,2.0
10044,0.2834853529930115,1.0
10045,0.46172139048576355,1.0
10046,0.4959344267845154,1.0
10047,0.582753598690033,2.0
10048,0.6348981261253357,2.0
10049,0.3724510669708252,1.0
10050,0.6737698912620544,2.0
10051,0.35643234848976135,1.0
10052,0.6214901208877563,2.0
10053,0.49744948744773865,1.0
10054,0.7776625156402588,2.0
10055,0.4188326299190521,1.0
10056,0.38383787870407104,1.0
10057,0.2547301650047302,1.0
10058,0.7864105105400085,2.0
10059,0.5062164664268494,2.0
10060,0.6166219711303711,2.0
10061,0.40810689330101013,1.0
10062,0.2662467360496521,1.0
10063,0.6857383847236633,2.0
10064,0.4039265811443329,1.0
10065,0.5952826142311096,2.0
10066,0.8747286796569824,3.0
10067,0.7204673290252686,2.0
10068,0.7105460166931152,2.0
10069,0.33604636788368225,1.0
10070,0.33961325883865356,1.0
10071,0.37577542662620544,1.0
10072,0.6458063125610352,2.0
10073,0.3887006640434265,1.0
10074,0.46436819434165955,1.0
10075,0.6868307590484619,2.0
10076,0.5757882595062256,2.0
10077,0.3093547821044922,1.0
10078,0.6021434664726257,2.0
10079,0.5846384167671204,2.0
10080,0.5887689590454102,2.0
10081,0.6356454491615295,2.0
10082,0.5932905077934265,2.0
10083,0.845795214176178,3.0
10084,0.8568559885025024,3.0
10085,0.5486828684806824,2.0
10086,0.4812908172607422,1.0
10087,0.5486381649971008,2.0
10088,0.7539303302764893,2.0
10089,0.44357940554618835,1.0
10090,0.8357712626457214,3.0
10091,0.812313973903656,2.0
10092,0.8800491094589233,3.0
10093,0.7646870613098145,2.0
10094,0.3848443031311035,1.0
10095,0.683326005935669,2.0
10096,0.44514068961143494,1.0
10097,0.7353388071060181,2.0
10098,0.6181264519691467,2.0
10099,0.5106876492500305,2.0
10100,0.5081648826599121,2.0
10101,0.9123042225837708,3.0
10102,0.6341890692710876,2.0
10103,0.3332664668560028,1.0
10104,0.5802084803581238,2.0
10105,0.6315022706985474,2.0
10106,0.3248665928840637,1.0
10107,0.4407660663127899,1.0
10108,0.7798071503639221,2.0
10109,0.6286789774894714,2.0
10110,0.5474518537521362,2.0
10111,0.3435560166835785,1.0
10112,0.46264925599098206,1.0
10113,0.3267706036567688,1.0
10114,0.4030182957649231,1.0
10115,0.5387240052223206,2.0
10116,0.42195698618888855,1.0
10117,0.45897021889686584,1.0
10118,0.5935739278793335,2.0
10119,0.22926554083824158,1.0
10120,0.5238769054412842,2.0
10121,0.7097517251968384,2.0
10122,0.5529727935791016,2.0
10123,0.39264413714408875,1.0
10124,0.39131468534469604,1.0
10125,0.49451178312301636,1.0
10126,0.3514949381351471,1.0
10127,0.9755245447158813,3.0
10128,0.6700076460838318,2.0
10129,0.4152935743331909,1.0
10130,0.7325791120529175,2.0
10131,0.26781001687049866,1.0
10132,0.8751351237297058,3.0
10133,0.4383772015571594,1.0
10134,0.6653470993041992,2.0
10135,0.7675470113754272,2.0
10136,0.6780396699905396,2.0
10137,0.4812973141670227,1.0
10138,0.34081077575683594,1.0
10139,0.8261668086051941,2.0
10140,0.2658838629722595,1.0
10141,0.5734695792198181,2.0
10142,0.6101775765419006,2.0
10143,0.47888895869255066,1.0
10144,0.4904457628726959,1.0
10146,0.26858943700790405,1.0
10147,0.7394453883171082,2.0
10148,0.546099841594696,2.0
10149,0.2829476594924927,1.0
10150,0.46124735474586487,1.0
10151,0.7908899784088135,2.0
10152,0.7822179198265076,2.0
10154,0.5308471322059631,2.0
10155,0.747471034526825,2.0
10156,0.583514392375946,2.0
10157,0.8137661814689636,2.0
10158,0.6678012609481812,2.0
10159,0.5179438591003418,2.0
10160,0.8203335404396057,2.0
10161,0.33381137251853943,1.0
10162,0.6982432007789612,2.0
10163,0.6761898994445801,2.0
10164,0.46467137336730957,1.0
10165,0.42237162590026855,1.0
10166,0.5991906523704529,2.0
10167,0.4906139671802521,1.0
10168,0.29081884026527405,1.0
10169,0.6246185302734375,2.0
10170,0.4424338638782501,1.0
10171,0.5188668370246887,2.0
10172,0.6118291616439819,2.0
10173,0.5011991858482361,2.0
10174,0.4491267502307892,1.0
10175,0.46242037415504456,1.0
10176,0.3846856355667114,1.0
10177,0.35577911138534546,1.0
10178,0.6646993160247803,2.0
10179,0.5161134600639343,2.0
10180,0.4621726870536804,1.0
10181,0.7655007243156433,2.0
10182,0.4138345420360565,1.0
10183,0.5800723433494568,2.0
10184,0.8254135847091675,2.0
10185,0.6732005476951599,2.0
10186,0.610165536403656,2.0
10187,0.7780117988586426,2.0
10188,0.6579567790031433,2.0
10189,0.8435585498809814,3.0
10190,0.4815055727958679,1.0
10191,0.6565864086151123,2.0
10192,0.5014857053756714,2.0
10193,0.3675486445426941,1.0
10194,0.7359569072723389,2.0
10195,0.3994119465351105,1.0
10196,0.4449647068977356,1.0
10197,0.49110421538352966,1.0
10198,0.5517318844795227,2.0
10199,0.4519742727279663,1.0
10200,0.8057683706283569,2.0
10201,0.6505247950553894,2.0
10202,0.4493643641471863,1.0
10203,0.7124436497688293,2.0
10204,0.8284024596214294,2.0
10205,0.7658244967460632,2.0
10206,0.3706424832344055,1.0
10207,0.7065255641937256,2.0
10208,0.7511040568351746,2.0
10209,0.41129955649375916,1.0
10210,0.47132042050361633,1.0
10211,0.8663448095321655,3.0
10212,0.4230786859989166,1.0
10213,0.371742844581604,1.0
10214,0.6673376560211182,2.0
10215,0.7568214535713196,2.0
10216,0.6880706548690796,2.0
10217,0.5098039507865906,2.0
10218,0.462345689535141,1.0
10219,0.6194828152656555,2.0
10220,0.28771665692329407,1.0
10221,0.7110646963119507,2.0
10222,0.5186776518821716,2.0
10223,0.5666158199310303,2.0
10224,0.5878817439079285,2.0
10225,0.5140324831008911,2.0
10226,0.4580422043800354,1.0
10227,0.5453691482543945,2.0
10228,0.8276349902153015,2.0
10229,0.6848579049110413,2.0
10230,0.3470707833766937,1.0
10231,0.4087372124195099,1.0
10232,0.28527045249938965,1.0
10233,0.40708497166633606,1.0
10234,0.36600980162620544,1.0
10235,0.5242283344268799,2.0
10236,0.7730671167373657,2.0
10237,0.7160348892211914,2.0
10238,0.40699633955955505,1.0
10239,0.7224010825157166,2.0
10240,0.35788437724113464,1.0
10241,0.4281807541847229,1.0
10242,0.35509222745895386,1.0
10243,0.8581796288490295,3.0
10244,0.5675072073936462,2.0
10245,0.43387091159820557,1.0
10246,0.5596903562545776,2.0
10247,0.5364512801170349,2.0
10248,0.2842533588409424,1.0
10249,0.44807353615760803,1.0
10250,0.48167455196380615,1.0
10251,0.8119157552719116,2.0
10252,0.2705191969871521,1.0
10253,0.424706369638443,1.0
10254,0.33809447288513184,1.0
10255,0.35461896657943726,1.0
10256,0.3516359031200409,1.0
10257,0.909902036190033,3.0
10258,0.8366213440895081,3.0
10259,0.6451441645622253,2.0
10260,0.38023218512535095,1.0
10261,0.4657610356807709,1.0
10262,0.3157004117965698,1.0
10263,0.5915772318840027,2.0
10264,0.7821305394172668,2.0
10265,0.927853524684906,3.0
10266,0.6529499292373657,2.0
10267,0.7001410126686096,2.0
10268,0.35975489020347595,1.0
10269,0.43410173058509827,1.0
10270,0.8417157530784607,3.0
10271,0.7224488258361816,2.0
10272,0.40283647179603577,1.0
10273,0.4760936498641968,1.0
10274,0.43860796093940735,1.0
10275,0.6640906929969788,2.0
10276,0.6306285262107849,2.0
10277,0.7276611924171448,2.0
10278,0.6400263905525208,2.0
10279,0.636473536491394,2.0
10280,0.6861196160316467,2.0
10281,0.7167373299598694,2.0
10282,0.3075050413608551,1.0
10283,0.692054808139801,2.0
10284,0.7059069275856018,2.0
10285,0.21716731786727905,1.0
10286,0.7751255035400391,2.0
10287,0.4371355175971985,1.0
10288,0.8206387758255005,2.0
10289,0.43238726258277893,1.0
10290,0.36213046312332153,1.0
10291,0.5508962273597717,2.0
10292,0.6055835485458374,2.0
10293,0.7613316774368286,2.0
10294,0.507502555847168,2.0
10295,0.5493540167808533,2.0
10296,0.38967037200927734,1.0
10297,0.3429741859436035,1.0
10298,0.7691377401351929,2.0
10299,0.3693346083164215,1.0
10300,0.39545395970344543,1.0
10301,0.3961656391620636,1.0
10302,0.7657692432403564,2.0
10303,0.5802905559539795,2.0
10304,0.4913492500782013,1.0
10305,0.8370758295059204,3.0
10306,0.3425925672054291,1.0
10307,0.707994818687439,2.0
10308,0.7507337927818298,2.0
10309,0.4387882351875305,1.0
10310,0.5713988542556763,2.0
10311,0.44155141711235046,1.0
10312,0.35856112837791443,1.0
10313,0.4401465952396393,1.0
10314,0.619976818561554,2.0
10315,0.487026184797287,1.0
10316,0.4257136881351471,1.0
10317,0.48134493827819824,1.0
10318,0.5947679281234741,2.0
10319,0.7850525379180908,2.0
10320,0.7902141809463501,2.0
10321,0.7213748097419739,2.0
10322,0.6329830884933472,2.0
10323,0.7232882976531982,2.0
10324,0.8257505297660828,2.0
10325,0.5139417052268982,2.0
10326,0.392913818359375,1.0
10327,0.8599233031272888,3.0
10328,0.31818345189094543,1.0
10329,0.5250334739685059,2.0
10330,0.42987850308418274,1.0
10331,0.23965413868427277,1.0
10332,0.5803318023681641,2.0
10333,0.5026774406433105,2.0
10334,0.619161069393158,2.0
10335,0.7326439023017883,2.0
10336,0.6050583124160767,2.0
10337,0.6339194774627686,2.0
10338,0.7362274527549744,2.0
10339,0.42033854126930237,1.0
10340,0.47298386693000793,1.0
10341,0.3182239532470703,1.0
10342,0.30863121151924133,1.0
10343,0.5142731070518494,2.0
10344,0.6721580028533936,2.0
10345,0.4012575149536133,1.0
10346,0.5130658745765686,2.0
10347,0.49386945366859436,1.0
10348,0.3234671950340271,1.0
10349,0.478532612323761,1.0
10350,0.7160407304763794,2.0
10351,0.8086649775505066,2.0
10352,0.48571428656578064,1.0
10353,0.4419225752353668,1.0
10354,0.575555145740509,2.0
10355,0.3848233222961426,1.0
10356,0.7325356006622314,2.0
10357,0.6975682377815247,2.0
10358,0.45556381344795227,1.0
10359,0.36682775616645813,1.0
10360,0.4335525929927826,1.0
10361,0.7178899645805359,2.0
10362,0.4600614607334137,1.0
10363,0.47248050570487976,1.0
10364,0.5867148041725159,2.0
10365,0.4436194598674774,1.0
10366,0.5335200428962708,2.0
10367,0.7326183915138245,2.0
10368,0.5840380787849426,2.0
10369,0.3866335153579712,1.0
10370,0.5757704973220825,2.0
10371,0.7152201533317566,2.0
10372,0.8698928356170654,3.0
10373,0.4117289185523987,1.0
10374,0.4350307285785675,1.0
10375,0.6509134769439697,2.0
10376,0.35199570655822754,1.0
10377,0.6538969874382019,2.0
10378,0.6363372802734375,2.0
10379,0.8793132305145264,3.0
10380,0.568733811378479,2.0
10381,0.492963045835495,1.0
10382,0.5908688306808472,2.0
10383,0.6296454668045044,2.0
10384,0.4482029676437378,1.0
10385,0.3161829113960266,1.0
10386,0.9139677286148071,3.0
10387,0.6202619075775146,2.0
10388,0.48138394951820374,1.0
10389,0.6541594862937927,2.0
10390,0.38684502243995667,1.0
10391,0.3506888747215271,1.0
10392,0.7897064685821533,2.0
10393,0.26847073435783386,1.0
10394,0.21114936470985413,1.0
10395,0.6584977507591248,2.0
10396,0.6576277613639832,2.0
10397,0.8903823494911194,3.0
10398,0.43825584650039673,1.0
10399,0.5915132761001587,2.0
10400,0.46264511346817017,1.0
10401,0.35769766569137573,1.0
10402,0.44579002261161804,1.0
10403,0.45589160919189453,1.0
10404,0.8766348361968994,3.0
10405,0.32490766048431396,1.0
10406,0.6730848550796509,2.0
10407,0.7943546772003174,2.0
10408,0.2926793396472931,1.0
10409,0.8022617697715759,2.0
10410,0.5407907366752625,2.0
10411,0.8460031747817993,3.0
10412,0.6097216606140137,2.0
10413,0.2938823103904724,1.0
10414,0.3203352987766266,1.0
10415,0.3237074613571167,1.0
10416,0.7616567015647888,2.0
10417,0.47320204973220825,1.0
10418,0.6954221725463867,2.0
10420,0.42953380942344666,1.0
10421,0.4453655481338501,1.0
10422,0.8110014200210571,2.0
10423,0.6089571118354797,2.0
10424,0.7639647722244263,2.0
10425,0.5793263912200928,2.0
10426,0.4232300817966461,1.0
10427,0.6833423376083374,2.0
10428,0.6952438950538635,2.0
10429,0.942552387714386,3.0
10430,0.6020757555961609,2.0
10431,0.4904232323169708,1.0
10432,0.4005371034145355,1.0
10433,0.3483212888240814,1.0
10434,0.69779372215271,2.0
10435,0.45838385820388794,1.0
10436,0.7783026099205017,2.0
10437,0.31947559118270874,1.0
10438,0.34696164727211,1.0
10439,0.4607011079788208,1.0
10440,0.3967008590698242,1.0
10441,0.5045691132545471,2.0
10442,0.4128188490867615,1.0
10443,0.37115493416786194,1.0
10444,0.6550130248069763,2.0
10445,0.5484080910682678,2.0
10446,0.7053725719451904,2.0
10447,0.6868740916252136,2.0
10448,0.4396345913410187,1.0
10449,0.6312972903251648,2.0
10450,0.702396810054779,2.0
10451,0.6716911792755127,2.0
10452,0.751787006855011,2.0
10453,0.7257672548294067,2.0
10454,0.3397105932235718,1.0
10455,0.5386174321174622,2.0
10456,0.5663217306137085,2.0
10457,0.43865638971328735,1.0
10458,0.3295174837112427,1.0
10459,0.35638564825057983,1.0
10460,0.4385560154914856,1.0
10461,0.5420486330986023,2.0
10462,0.2801641821861267,1.0
10463,0.3664722442626953,1.0
10464,0.447822242975235,1.0
10465,0.6479753255844116,2.0
10466,0.719872772693634,2.0
10467,0.8352824449539185,3.0
10468,0.4048023819923401,1.0
10469,0.27664992213249207,1.0
10470,0.4685608744621277,1.0
10471,0.5582025647163391,2.0
10472,0.3325555622577667,1.0
10473,0.7991170883178711,2.0
10474,0.6926102042198181,2.0
10475,0.7292218804359436,2.0
10476,0.38693884015083313,1.0
10477,0.7201897501945496,2.0
10478,0.43995749950408936,1.0
10479,0.8409675359725952,3.0
10480,0.2653091549873352,1.0
10481,0.3624305725097656,1.0
10482,0.3529340326786041,1.0
10483,0.5898851156234741,2.0
10484,0.6057632565498352,2.0
10485,0.5279113054275513,2.0
10486,0.30753234028816223,1.0
10487,0.7790945172309875,2.0
10488,0.4694354236125946,1.0
10489,0.534135639667511,2.0
10490,0.2946740984916687,1.0
10491,0.4601300060749054,1.0
10492,0.4028819501399994,1.0
10493,0.4703611433506012,1.0
10494,0.43267038464546204,1.0
10495,0.38405221700668335,1.0
10496,0.5216180086135864,2.0
10497,0.8551822304725647,3.0
10498,0.5155583024024963,2.0
10499,0.33969104290008545,1.0
10500,0.24386665225028992,1.0
10501,0.5395896434783936,2.0
10502,0.5424563884735107,2.0
10503,0.6553033590316772,2.0
10504,0.6387259364128113,2.0
10505,0.6502249240875244,2.0
10506,0.350318968296051,1.0
10507,0.531790018081665,2.0
10508,0.8483641147613525,3.0
10509,0.3981671631336212,1.0
10510,0.7175922989845276,2.0
10511,0.541305661201477,2.0
10512,0.49854499101638794,1.0
10513,0.5376847982406616,2.0
10514,0.3885120749473572,1.0
10515,0.6651272773742676,2.0
10517,0.7619956731796265,2.0
10518,0.9027048945426941,3.0
10519,0.8867368698120117,3.0
10520,0.654758870601654,2.0
10521,0.593534529209137,2.0
10522,0.7145178914070129,2.0
10523,0.658561646938324,2.0
10524,0.5054967999458313,2.0
10525,0.57671058177948,2.0
10526,0.4913489520549774,1.0
10527,0.28609007596969604,1.0
10528,0.7417412400245667,2.0
10529,0.6301310062408447,2.0
10530,0.6327658295631409,2.0
10531,0.294534832239151,1.0
10532,0.6086322665214539,2.0
10533,0.3934706151485443,1.0
10535,0.3835705518722534,1.0
10536,0.7910686731338501,2.0
10537,0.3095759153366089,1.0
10538,0.3179737627506256,1.0
10539,0.7051202058792114,2.0
10540,0.6809433698654175,2.0
10541,0.4214304983615875,1.0
10542,0.520815372467041,2.0
10543,0.546488881111145,2.0
10544,0.3777662217617035,1.0
10545,0.7842064499855042,2.0
10546,0.6201601624488831,2.0
10547,0.8105294108390808,2.0
10548,0.7586330771446228,2.0
10549,0.336826890707016,1.0
10550,0.42747679352760315,1.0
10551,0.5186914205551147,2.0
10552,0.2135000377893448,1.0
10553,0.7283073663711548,2.0
10554,0.6010847687721252,2.0
10555,0.5336865782737732,2.0
10556,0.6295978426933289,2.0
10557,0.4240078628063202,1.0
10558,0.7762961387634277,2.0
10559,0.7876982092857361,2.0
10560,0.4848580062389374,1.0
10561,0.2718881070613861,1.0
10562,0.37451523542404175,1.0
10563,0.598076343536377,2.0
10564,0.8782709240913391,3.0
10565,0.3456136882305145,1.0
10566,0.304774671792984,1.0
10567,0.4589231312274933,1.0
10568,0.6586179733276367,2.0
10569,0.37203723192214966,1.0
10570,0.6874036192893982,2.0
10571,0.673480212688446,2.0
10572,0.6439593434333801,2.0
10573,0.46205058693885803,1.0
10574,0.6476665139198303,2.0
10575,0.5567349195480347,2.0
10576,0.5039398074150085,2.0
10577,0.45887553691864014,1.0
10578,0.806243896484375,2.0
10579,0.47507572174072266,1.0
10580,0.8663221001625061,3.0
10581,0.4769134521484375,1.0
10582,0.41063228249549866,1.0
10584,0.5131152868270874,2.0
10585,0.29326921701431274,1.0
10586,0.5836270451545715,2.0
10587,0.27606308460235596,1.0
10588,0.6170288920402527,2.0
10589,0.8151196837425232,2.0
10590,0.3784070909023285,1.0
10591,0.7066928148269653,2.0
10592,0.9234610199928284,3.0
10593,0.2773803174495697,1.0
10594,0.6689081788063049,2.0
10595,0.811820387840271,2.0
10596,0.5527639389038086,2.0
10597,0.5019661784172058,2.0
10598,0.34260427951812744,1.0
10599,0.6233788132667542,2.0
10600,0.41917863488197327,1.0
10601,0.4366786777973175,1.0
10602,0.7783955931663513,2.0
10603,0.4969556927680969,1.0
10604,0.8107016682624817,2.0
10605,0.41520851850509644,1.0
10606,0.33621013164520264,1.0
10607,0.46484923362731934,1.0
10608,0.27871590852737427,1.0
10609,0.8417052626609802,3.0
10610,0.6073634028434753,2.0
10611,0.4854462444782257,1.0
10612,0.8249952793121338,2.0
10613,0.7339457869529724,2.0
10614,0.8174588084220886,2.0
10615,0.7179755568504333,2.0
10616,0.5127580165863037,2.0
10617,0.3423922061920166,1.0
10618,0.44714346528053284,1.0
10619,0.49619632959365845,1.0
10620,0.6988848447799683,2.0
10621,0.3959392309188843,1.0
10622,0.34308236837387085,1.0
10623,0.53886878490448,2.0
10624,0.36201339960098267,1.0
10625,0.5874590873718262,2.0
10626,0.7290149331092834,2.0
10627,0.30271241068840027,1.0
10628,0.6284933090209961,2.0
10629,0.3677196800708771,1.0
10630,0.64393550157547,2.0
10631,0.540807843208313,2.0
10632,0.38937559723854065,1.0
10633,0.35761702060699463,1.0
10634,0.6307896375656128,2.0
10635,0.6077061891555786,2.0
10636,0.43660303950309753,1.0
10637,0.3619840443134308,1.0
10638,0.5098865032196045,2.0
10639,0.46643221378326416,1.0
10640,0.42291346192359924,1.0
10641,0.3378494679927826,1.0
10642,0.5194228291511536,2.0
11827,0.6307993531227112,3.0
11828,0.6597027778625488,3.0
11829,0.5963123440742493,2.0
11830,0.3289887011051178,1.0
11831,0.6259489059448242,3.0
11832,0.6412990093231201,3.0
11833,0.7192272543907166,3.0
11834,0.8265258073806763,3.0
11835,0.7414960265159607,3.0
11836,0.5707308053970337,2.0
11837,0.3008574843406677,1.0
11838,0.6928038001060486,3.0
11839,0.37675783038139343,2.0
11840,0.46339547634124756,2.0
11841,0.5079031586647034,2.0
11842,0.5463850498199463,2.0
11843,0.7663606405258179,3.0
11844,0.5307642817497253,2.0
11845,0.6057750582695007,2.0
11846,0.5223093032836914,2.0
11847,0.7305229306221008,3.0
11848,0.6701932549476624,3.0
11849,0.6317608952522278,3.0
11850,0.7748432755470276,3.0
11851,0.5292620062828064,2.0
11852,0.6423319578170776,3.0
11853,0.5538752675056458,2.0
11854,0.36418482661247253,1.0
11855,0.6454116106033325,3.0
11856,0.6853502988815308,3.0
11857,0.8332850337028503,3.0
11858,0.5227692127227783,2.0
11859,0.47074267268180847,2.0
11860,0.6232341527938843,2.0
11861,0.6384225487709045,3.0
11862,0.532115638256073,2.0
11863,0.6138487458229065,2.0
11864,0.5962556600570679,2.0
11865,0.6941190361976624,3.0
11866,0.925320029258728,4.0
11867,0.5235281586647034,2.0
11868,0.5377547144889832,2.0
11869,0.5386417508125305,2.0
11870,0.5204965472221375,2.0
11871,0.29415038228034973,1.0
11872,0.607216477394104,2.0
11873,0.6965013146400452,3.0
11874,0.6840456128120422,3.0
11875,0.5920833945274353,2.0
11876,0.4869493246078491,2.0
11877,0.38318973779678345,2.0
11878,0.7615392208099365,3.0
11879,0.3477824330329895,1.0
11880,0.2516060769557953,1.0
11881,0.5961878895759583,2.0
11882,0.5799707770347595,2.0
11883,0.7248624563217163,3.0
11884,0.9182096123695374,4.0
11885,0.4290255010128021,2.0
11886,0.7260619401931763,3.0
11887,0.45931360125541687,2.0
11888,0.35392022132873535,1.0
11889,0.49373361468315125,2.0
11890,0.4603007733821869,2.0
11891,0.7024902701377869,3.0
11892,0.416826069355011,2.0
11893,0.6351154446601868,3.0
11894,0.5270600318908691,2.0
11895,0.5643054842948914,2.0
11896,0.6288803219795227,3.0
11897,0.5208612084388733,2.0
11898,0.6987951397895813,3.0
11899,0.5831721425056458,2.0
11900,0.7964754700660706,3.0
11901,0.6482993364334106,3.0
11902,0.3297618627548218,1.0
11903,0.21268373727798462,1.0
11904,0.5688124895095825,2.0
11905,0.6043879985809326,2.0
11906,0.6922065615653992,3.0
11907,0.38135653734207153,2.0
11908,0.5393832921981812,2.0
11909,0.4238370656967163,2.0
11910,0.44605565071105957,2.0
11911,0.6307122111320496,3.0
11912,0.3481602966785431,1.0
11913,0.5607358813285828,2.0
11914,0.4369453489780426,2.0
11915,0.48556002974510193,2.0
11916,0.660874605178833,3.0
11917,0.5625710487365723,2.0
11918,0.4198121428489685,2.0
11919,0.298602819442749,1.0
11920,0.6222624182701111,2.0
11921,0.5556076169013977,2.0
11922,0.4769022762775421,2.0
11923,0.6384953856468201,3.0
11924,0.5396119952201843,2.0
11925,0.5039763450622559,2.0
11926,0.5194587111473083,2.0
11927,0.3506602942943573,1.0
11928,0.7646194696426392,3.0
11929,0.645744264125824,3.0
11930,0.4764203727245331,2.0
11931,0.4837861955165863,2.0
11932,0.8668140172958374,3.0
11933,0.699240505695343,3.0
11934,0.5760096907615662,2.0
11935,0.23563021421432495,1.0
11936,0.691096842288971,3.0
11937,0.901454746723175,4.0
11938,0.6483298540115356,3.0
11939,0.7088491916656494,3.0
11940,0.5356952548027039,2.0
11941,0.6015980243682861,2.0
11942,0.7400475740432739,3.0
11943,0.6333421468734741,3.0
11944,0.34933599829673767,1.0
11945,0.8202950358390808,3.0
11946,0.6034197211265564,2.0
11947,0.5716352462768555,2.0
11948,0.44633010029792786,2.0
11949,0.5603933930397034,2.0
11950,0.41483205556869507,2.0
11951,0.6019520163536072,2.0
11952,0.37653034925460815,2.0
11953,0.2978576719760895,1.0
11954,0.8932560682296753,4.0
11955,0.322775661945343,1.0
11956,0.5938851833343506,2.0
11957,0.6985316872596741,3.0
11958,0.3896371126174927,2.0
11959,0.7220622897148132,3.0
11960,0.6978912353515625,3.0
11961,0.4026505947113037,2.0
11962,0.6026182174682617,2.0
11963,0.8610079288482666,3.0
11964,0.6617077589035034,3.0
11965,0.6416633725166321,3.0
11966,0.501281201839447,2.0
11967,0.3511417508125305,1.0
11968,0.5352399349212646,2.0
11969,0.45452412962913513,2.0
11970,0.7187684178352356,3.0
11971,0.40136241912841797,2.0
11972,0.6162044405937195,2.0
11973,0.6834142804145813,3.0
11974,0.5019557476043701,2.0
11975,0.5556353330612183,2.0
11976,0.34136784076690674,1.0
11977,0.19875968992710114,1.0
11978,0.7063937187194824,3.0
11979,0.8303881287574768,3.0
11980,0.8852003216743469,4.0
11981,0.5468116998672485,2.0
11982,0.5305758714675903,2.0
11983,0.32989999651908875,1.0
11984,0.43287643790245056,2.0
11985,0.7288470268249512,3.0
11986,0.8013917803764343,3.0
11987,0.5754434466362,2.0
11988,0.6771751046180725,3.0
11989,0.8317579030990601,3.0
11990,0.7066028714179993,3.0
11991,0.6757516860961914,3.0
11992,0.3666134476661682,1.0
11993,0.2873723804950714,1.0
11994,0.6248465180397034,2.0
11995,0.35824698209762573,1.0
11996,0.6277973651885986,3.0
11997,0.7687880992889404,3.0
11998,0.22672146558761597,1.0
11999,0.35132086277008057,1.0
12000,0.7319821119308472,3.0
12001,0.42632171511650085,2.0
12002,0.28342413902282715,1.0
12003,0.7363088726997375,3.0
12004,0.510865330696106,2.0
12005,0.5041792392730713,2.0
12006,0.5268305540084839,2.0
12007,0.5426474809646606,2.0
12008,0.6067922115325928,2.0
12009,0.43521755933761597,2.0
12010,0.6005446314811707,2.0
12011,0.7070358395576477,3.0
12012,0.6408432126045227,3.0
12013,0.3278575539588928,1.0
12014,0.7301787734031677,3.0
12015,0.5531562566757202,2.0
12016,0.6664840579032898,3.0
12017,0.4212143123149872,2.0
12018,0.82643723487854,3.0
12019,0.5213871598243713,2.0
12020,0.7065528035163879,3.0
12021,0.5728343725204468,2.0
12022,0.5236420631408691,2.0
12023,0.31468769907951355,1.0
12024,0.6735503077507019,3.0
12025,0.415018230676651,2.0
12026,0.7546550035476685,3.0
12027,0.48127245903015137,2.0
12028,0.7857303619384766,3.0
12029,0.5425887703895569,2.0
12030,0.6412113904953003,3.0
12031,0.6882188320159912,3.0
12032,0.5244268178939819,2.0
12033,0.7287843227386475,3.0
12034,0.6247472763061523,2.0
12035,0.41884058713912964,2.0
12036,0.5450451374053955,2.0
12037,0.6180518865585327,2.0
12038,0.589431881904602,2.0
12039,0.4741058945655823,2.0
12040,0.43408897519111633,2.0
12041,0.42201846837997437,2.0
12042,0.5116124153137207,2.0
12043,0.45907798409461975,2.0
12044,0.6745544672012329,3.0
12045,0.47389495372772217,2.0
12046,0.3913601338863373,2.0
12047,0.8126946091651917,3.0
12048,0.4383164048194885,2.0
12049,0.8097764849662781,3.0
12050,0.2175195813179016,1.0
12051,0.5489209890365601,2.0
12052,0.6498730778694153,3.0
12053,0.21062396466732025,1.0
12054,0.6988607048988342,3.0
12055,0.4626467823982239,2.0
12056,0.6164510250091553,2.0
12057,0.4287121891975403,2.0
12058,0.7467342019081116,3.0
12059,0.47516852617263794,2.0
12060,0.6186115741729736,2.0
12061,0.5425540208816528,2.0
12062,0.5472360253334045,2.0
12063,0.6284254193305969,3.0
12064,0.59409499168396,2.0
12065,0.6372652649879456,3.0
12066,0.23603859543800354,1.0
12067,0.4891272187232971,2.0
12068,0.7356271147727966,3.0
12069,0.8890135884284973,4.0
12070,0.5694587230682373,2.0
12071,0.7544440031051636,3.0
12072,0.8520978093147278,3.0
12073,0.2851187288761139,1.0
12074,0.3660852611064911,1.0
12075,0.4975565969944,2.0
12076,0.5045701265335083,2.0
12077,0.6925209164619446,3.0
12078,0.31993672251701355,1.0
12079,0.7060579657554626,3.0
12080,0.6285157203674316,3.0
12081,0.8219417929649353,3.0
12082,0.7714278101921082,3.0
12083,0.3078511953353882,1.0
12084,0.5749422311782837,2.0
12085,0.6537433862686157,3.0
12086,0.7534825205802917,3.0
12087,0.36230382323265076,1.0
12088,0.5295716524124146,2.0
12089,0.31408292055130005,1.0
12090,0.7152199149131775,3.0
12091,0.5995553731918335,2.0
12092,0.6322401762008667,3.0
12093,0.4975903034210205,2.0
12094,0.4563972055912018,2.0
12095,0.3315095901489258,1.0
12096,0.2771618962287903,1.0
12097,0.385032594203949,2.0
12098,0.4177810847759247,2.0
12099,0.6371016502380371,3.0
12100,0.7432610988616943,3.0
12101,0.6675869822502136,3.0
12102,0.7061450481414795,3.0
12103,0.5805483460426331,2.0
12104,0.5794233083724976,2.0
12105,0.63506680727005,3.0
12106,0.5968462824821472,2.0
12107,0.5246617197990417,2.0
12108,0.6143402457237244,2.0
12109,0.6924471259117126,3.0
12110,0.7134284377098083,3.0
12111,0.34421390295028687,1.0
12112,0.5689696669578552,2.0
12113,0.3646550476551056,1.0
12114,0.5405260920524597,2.0
12115,0.36673206090927124,1.0
12116,0.7069622874259949,3.0
12117,0.4218612611293793,2.0
12118,0.3790326416492462,2.0
12119,0.55476313829422,2.0
12120,0.6621817946434021,3.0
12121,0.3812117278575897,2.0
12122,0.5581940412521362,2.0
12123,0.5560644865036011,2.0
12124,0.5572797060012817,2.0
12125,0.7397815585136414,3.0
12126,0.8336769342422485,3.0
12127,0.7510510683059692,3.0
12128,0.7607465982437134,3.0
12129,0.35617589950561523,1.0
12130,0.41894182562828064,2.0
12131,0.6945099830627441,3.0
12132,0.705383837223053,3.0
12133,0.7266010046005249,3.0
12134,0.5423751473426819,2.0
12135,0.37867605686187744,2.0
12136,0.41257479786872864,2.0
12137,0.38150033354759216,2.0
12138,0.35166850686073303,1.0
12139,0.655978798866272,3.0
12140,0.6186879277229309,2.0
12141,0.5742806792259216,2.0
12142,0.6593083143234253,3.0
12143,0.23810239136219025,1.0
12144,0.7620956897735596,3.0
12145,0.23351643979549408,1.0
12146,0.49991869926452637,2.0
12147,0.5011982917785645,2.0
12148,0.7862316370010376,3.0
12149,0.2799397110939026,1.0
12150,0.6745198369026184,3.0
12151,0.6997098326683044,3.0
12152,0.669518232345581,3.0
12153,0.3017236888408661,1.0
12154,0.6986994743347168,3.0
12155,0.666481077671051,3.0
12156,0.8079016804695129,3.0
12157,0.6584964990615845,3.0
12158,0.6774163842201233,3.0
12159,0.5205047726631165,2.0
12160,0.5785860419273376,2.0
12161,0.47242531180381775,2.0
12162,0.8345851302146912,3.0
12163,0.41647228598594666,2.0
12164,0.6450923681259155,3.0
12165,0.324112206697464,1.0
12166,0.5948705673217773,2.0
12167,0.40104907751083374,2.0
12168,0.7386676669120789,3.0
12169,0.3354073166847229,1.0
12170,0.8390880823135376,3.0
12171,0.4320690333843231,2.0
12172,0.35658353567123413,1.0
12173,0.6288177967071533,3.0
12174,0.6835294961929321,3.0
12175,0.6156583428382874,2.0
12176,0.36904606223106384,1.0
12177,0.46522459387779236,2.0
12178,0.4435252249240875,2.0
12179,0.6967002153396606,3.0
12180,0.397461861371994,2.0
12181,0.551224410533905,2.0
12182,0.418779581785202,2.0
12183,0.4026775658130646,2.0
12184,0.7152678370475769,3.0
12185,0.6395531296730042,3.0
12186,0.5273385047912598,2.0
12187,0.5413301587104797,2.0
12188,0.7983183860778809,3.0
12189,0.3594871461391449,1.0
12190,0.5919556617736816,2.0
12191,0.6269020438194275,3.0
12192,0.34227481484413147,1.0
12193,0.5454292297363281,2.0
12194,0.4838440716266632,2.0
12195,0.3468867242336273,1.0
12196,0.7032727599143982,3.0
12197,0.5368223190307617,2.0
12198,0.530792772769928,2.0
12199,0.4105898141860962,2.0
12200,0.8922473788261414,4.0
12201,0.6206116676330566,2.0
12202,0.3801650404930115,2.0
12203,0.6930688619613647,3.0
12204,0.7102901339530945,3.0
12205,0.573201060295105,2.0
12206,0.7258236408233643,3.0
12207,0.7932838797569275,3.0
12208,0.4137566387653351,2.0
12209,0.24986477196216583,1.0
12210,0.7363331317901611,3.0
12211,0.6760383248329163,3.0
12212,0.8457045555114746,3.0
12213,0.5992847681045532,2.0
12214,0.3243419826030731,1.0
12215,0.38869959115982056,2.0
12216,0.7710161805152893,3.0
12217,0.6294654607772827,3.0
12218,0.30211177468299866,1.0
12219,0.7780990600585938,3.0
12220,0.5811381936073303,2.0
12221,0.5545234084129333,2.0
12222,0.3815024197101593,2.0
12223,0.6693189740180969,3.0
12224,0.6915184259414673,3.0
12225,0.74497389793396,3.0
12226,0.7763625979423523,3.0
12227,0.23626980185508728,1.0
12228,0.5423072576522827,2.0
12229,0.6308693289756775,3.0
12230,0.5690589547157288,2.0
12231,0.8391141891479492,3.0
12232,0.6607764959335327,3.0
12233,0.6742109656333923,3.0
12234,0.39587780833244324,2.0
12235,0.6109867691993713,2.0
12236,0.6371356248855591,3.0
12237,0.466871976852417,2.0
12238,0.38992494344711304,2.0
12239,0.6033393144607544,2.0
12240,0.8028709292411804,3.0
12241,0.743108868598938,3.0
12242,0.8564675450325012,3.0
12243,0.7129648923873901,3.0
12244,0.7668619155883789,3.0
12245,0.6510959267616272,3.0
12246,0.6061620116233826,2.0
12247,0.6387670636177063,3.0
12248,0.7610014081001282,3.0
12249,0.24958370625972748,1.0
12250,0.42232799530029297,2.0
12251,0.6781787872314453,3.0
12252,0.7125703692436218,3.0
12253,0.644976794719696,3.0
12254,0.32033857703208923,1.0
12255,0.5604843497276306,2.0
12256,0.7562069296836853,3.0
12257,0.49909964203834534,2.0
12258,0.2732897996902466,1.0
12259,0.38937920331954956,2.0
12260,0.4620837867259979,2.0
12261,0.6242213249206543,2.0
12262,0.5096521377563477,2.0
12263,0.8770560026168823,4.0
12264,0.6402888298034668,3.0
12265,0.44589120149612427,2.0
12266,0.5910935401916504,2.0
12267,0.46737244725227356,2.0
12268,0.5009759664535522,2.0
12269,0.8265330791473389,3.0
12270,0.9188176989555359,4.0
12271,0.268144428730011,1.0
12272,0.7621192932128906,3.0
12273,0.7149419784545898,3.0
12274,0.42993614077568054,2.0
12275,0.39121705293655396,2.0
12276,0.7614387273788452,3.0
12277,0.4071387052536011,2.0
12278,0.6009525060653687,2.0
12279,0.3486281931400299,1.0
12280,0.5997927784919739,2.0
12281,0.6712052822113037,3.0
12282,0.6727340221405029,3.0
12283,0.5464543104171753,2.0
12284,0.6002950072288513,2.0
12285,0.40308916568756104,2.0
12286,0.19863605499267578,1.0
12287,0.5647510886192322,2.0
12288,0.4728116989135742,2.0
12289,0.2840310335159302,1.0
12290,0.6589853167533875,3.0
12291,0.6445326805114746,3.0
12292,0.35387852787971497,1.0
12293,0.6599764227867126,3.0
12294,0.3331981897354126,1.0
12295,0.6704183220863342,3.0
12296,0.7332092523574829,3.0
12297,0.8460612893104553,3.0
12298,0.4314679205417633,2.0
12299,0.8892707228660583,4.0
12300,0.47124460339546204,2.0
12301,0.5106496810913086,2.0
12302,0.6352428793907166,3.0
12303,0.5857030749320984,2.0
12304,0.38154053688049316,2.0
12305,0.6622493863105774,3.0
12306,0.3765210211277008,2.0
12307,0.7042608261108398,3.0
12308,0.467149943113327,2.0
12309,0.810260534286499,3.0
12310,0.746462345123291,3.0
12311,0.2613828778266907,1.0
12312,0.672234058380127,3.0
12313,0.7284001111984253,3.0
12314,0.4571455419063568,2.0
12315,0.6291203498840332,3.0
12316,0.5021823644638062,2.0
12317,0.589322030544281,2.0
12318,0.6238834261894226,2.0
12319,0.4150441288948059,2.0
12320,0.41633015871047974,2.0
12321,0.8187527060508728,3.0
12322,0.3919651508331299,2.0
12323,0.5619088411331177,2.0
12324,0.5065624117851257,2.0
12325,0.394247442483902,2.0
12326,0.5908678770065308,2.0
12327,0.5639737248420715,2.0
12328,0.6412895917892456,3.0
12329,0.5360308885574341,2.0
12330,0.6065911054611206,2.0
12331,0.34880390763282776,1.0
12332,0.5117986798286438,2.0
12333,0.4526289105415344,2.0
12334,0.7033829092979431,3.0
12335,0.5508548021316528,2.0
12336,0.2670612037181854,1.0
12337,0.3968161642551422,2.0
12338,0.5492200255393982,2.0
12339,0.5224704146385193,2.0
12340,0.9106748700141907,4.0
12341,0.44697239995002747,2.0
12342,0.3925414979457855,2.0
12343,0.9237152338027954,4.0
12344,0.21886274218559265,1.0
12345,0.3240697979927063,1.0
12346,0.2220020592212677,1.0
12347,0.7776588797569275,3.0
12348,0.7536884546279907,3.0
12349,0.5213764309883118,2.0
12350,0.8138604760169983,3.0
12351,0.5886693596839905,2.0
12352,0.8684656023979187,3.0
12353,0.6963838338851929,3.0
12354,0.5250087976455688,2.0
12355,0.8309730291366577,3.0
12356,0.19381815195083618,1.0
12357,0.66719651222229,3.0
12358,0.39644545316696167,2.0
12359,0.7279545068740845,3.0
12360,0.7034692168235779,3.0
12361,0.5350226163864136,2.0
12362,0.31550610065460205,1.0
12363,0.581437349319458,2.0
12364,0.7848092317581177,3.0
12365,0.7854475378990173,3.0
12366,0.8240229487419128,3.0
12367,0.7554309964179993,3.0
12368,0.7788711190223694,3.0
12369,0.564528226852417,2.0
12370,0.6832160949707031,3.0
12371,0.7138866782188416,3.0
12372,0.7095094323158264,3.0
12373,0.7897019386291504,3.0
12374,0.6615938544273376,3.0
12375,0.4722486734390259,2.0
12376,0.7072853446006775,3.0
12377,0.30057162046432495,1.0
12378,0.4546841084957123,2.0
12379,0.6284551620483398,3.0
12380,0.44544151425361633,2.0
12381,0.5990672707557678,2.0
12382,0.38506874442100525,2.0
12383,0.6339700222015381,3.0
12384,0.6915952563285828,3.0
12385,0.31989964842796326,1.0
12386,0.4545285105705261,2.0
12387,0.6475501656532288,3.0
12388,0.8246608972549438,3.0
12389,0.4595961570739746,2.0
12390,0.6330324411392212,3.0
12391,0.513289213180542,2.0
12392,0.46517258882522583,2.0
12393,0.7522887587547302,3.0
12394,0.48252037167549133,2.0
12395,0.6133731603622437,2.0
12396,0.3798532485961914,2.0
12397,0.49757954478263855,2.0
12398,0.7252124547958374,3.0
12399,0.5991669297218323,2.0
12400,0.5554510354995728,2.0
12401,0.4050903916358948,2.0
12402,0.5741406679153442,2.0
12403,0.7613495588302612,3.0
12404,0.711398184299469,3.0
12405,0.9068751931190491,4.0
12406,0.6562104821205139,3.0
12407,0.5311526656150818,2.0
12408,0.5945217609405518,2.0
12409,0.43814191222190857,2.0
12410,0.38820821046829224,2.0
12411,0.6397164463996887,3.0
12412,0.49317657947540283,2.0
12413,0.605599582195282,2.0
12414,0.20821736752986908,1.0
12415,0.750399649143219,3.0
12416,0.5093903541564941,2.0
12417,0.6961929202079773,3.0
12418,0.5760769844055176,2.0
12419,0.5399739146232605,2.0
12420,0.7649860382080078,3.0
12421,0.2968715727329254,1.0
12422,0.8321298956871033,3.0
12423,0.7396897077560425,3.0
12424,0.795626163482666,3.0
12425,0.7245475649833679,3.0
12426,0.3228484094142914,1.0
12427,0.44159996509552,2.0
12428,0.43614473938941956,2.0
12429,0.6845934987068176,3.0
12430,0.6211690902709961,2.0
12431,0.3795827031135559,2.0
12432,0.5914918780326843,2.0
12433,0.4349675178527832,2.0
12434,0.5082204341888428,2.0
12435,0.2518186867237091,1.0
12436,0.6037577390670776,2.0
12437,0.5412489771842957,2.0
12438,0.5782753229141235,2.0
12439,0.7338204979896545,3.0
12440,0.7181469798088074,3.0
12441,0.39428606629371643,2.0
12442,0.4742414653301239,2.0
12443,0.3149403929710388,1.0
12444,0.6156240701675415,2.0
12445,0.45225223898887634,2.0
12446,0.7822754979133606,3.0
12447,0.7475518584251404,3.0
12448,0.6879420876502991,3.0
12449,0.683885931968689,3.0
12450,0.5757896304130554,2.0
12451,0.39677438139915466,2.0
12452,0.7073183655738831,3.0
12453,0.6568191647529602,3.0
12454,0.7865258455276489,3.0
12455,0.41062673926353455,2.0
12456,0.444629043340683,2.0
12457,0.6510087251663208,3.0
12458,0.5931468605995178,2.0
12459,0.6281435489654541,3.0
12460,0.581530749797821,2.0
12461,0.3082481026649475,1.0
12462,0.758845329284668,3.0
12463,0.6711238026618958,3.0
12464,0.4345627427101135,2.0
12465,0.32915231585502625,1.0
12466,0.6478617787361145,3.0
12467,0.629463255405426,3.0
12468,0.7188504338264465,3.0
12469,0.2865827679634094,1.0
12470,0.8480262756347656,3.0
12471,0.42396795749664307,2.0
12472,0.6833463311195374,3.0
12473,0.5309135317802429,2.0
12474,0.40735548734664917,2.0
12475,0.2606522738933563,1.0
12476,0.5375679731369019,2.0
12477,0.6270896196365356,3.0
12478,0.771743655204773,3.0
12479,0.7391709089279175,3.0
12480,0.5626249313354492,2.0
12481,0.6871781945228577,3.0
12482,0.8121532797813416,3.0
12483,0.6963300108909607,3.0
12484,0.6131923198699951,2.0
12485,0.575126051902771,2.0
12486,0.4158655107021332,2.0
12487,0.6958723068237305,3.0
12488,0.4036318361759186,2.0
12489,0.752202570438385,3.0
12490,0.5592267513275146,2.0
12491,0.4871847331523895,2.0
12492,0.5511229038238525,2.0
12493,0.6306242346763611,3.0
12494,0.6037470698356628,2.0
12495,0.6336328387260437,3.0
12496,0.34790220856666565,1.0
12497,0.7434197068214417,3.0
12498,0.9262032508850098,4.0
12499,0.43116050958633423,2.0
12500,0.6398591995239258,3.0
12501,0.7597546577453613,3.0
12502,0.41614025831222534,2.0
12503,0.6417020559310913,3.0
12504,0.599412202835083,2.0
12505,0.7624454498291016,3.0
12506,0.2734541893005371,1.0
12507,0.4716028869152069,2.0
12508,0.5797339677810669,2.0
12509,0.708342432975769,3.0
12510,0.5331512689590454,2.0
12511,0.5627298355102539,2.0
12512,0.727083683013916,3.0
12513,0.8612608909606934,3.0
12514,0.6827679872512817,3.0
12515,0.49570196866989136,2.0
12516,0.8190005421638489,3.0
12517,0.6884785294532776,3.0
12518,0.4452604055404663,2.0
12519,0.5004929900169373,2.0
12520,0.7025389671325684,3.0
12521,0.18569305539131165,1.0
12522,0.6847794055938721,3.0
12523,0.5560426115989685,2.0
12524,0.48324960470199585,2.0
12525,0.6452621221542358,3.0
12526,0.18821649253368378,1.0
12527,0.3395144045352936,1.0
12528,0.3944409191608429,2.0
12529,0.8702353835105896,3.0
12530,0.8752476572990417,4.0
12531,0.8536705374717712,3.0
12532,0.6072592735290527,2.0
12533,0.4709088206291199,2.0
12534,0.4900258779525757,2.0
12535,0.7743889689445496,3.0
12536,0.6859132647514343,3.0
12537,0.6357982754707336,3.0
12538,0.8355610966682434,3.0
12539,0.4331108033657074,2.0
12540,0.5167075991630554,2.0
12541,0.5425016283988953,2.0
12542,0.41569143533706665,2.0
12543,0.4411948025226593,2.0
12544,0.5957620143890381,2.0
12545,0.5903598666191101,2.0
12546,0.5090898871421814,2.0
12547,0.4864444434642792,2.0
12548,0.4646284282207489,2.0
12549,0.553873598575592,2.0
12550,0.5494562387466431,2.0
12551,0.46010470390319824,2.0
12552,0.31515011191368103,1.0
12553,0.841865599155426,3.0
12554,0.34408146142959595,1.0
12555,0.7744960188865662,3.0
12556,0.681732714176178,3.0
12557,0.649385929107666,3.0
12558,0.36127129197120667,1.0
12559,0.336489200592041,1.0
12560,0.602111279964447,2.0
12561,0.36614540219306946,1.0
12562,0.28476032614707947,1.0
12563,0.2627626061439514,1.0
12564,0.729505717754364,3.0
12565,0.5553635954856873,2.0
12566,0.3515862226486206,1.0
12567,0.47800853848457336,2.0
12568,0.4266510307788849,2.0
12569,0.6134069561958313,2.0
12570,0.584176778793335,2.0
12571,0.6427302360534668,3.0
12572,0.21531379222869873,1.0
12573,0.7839227914810181,3.0
12574,0.8216213583946228,3.0
12575,0.5794100165367126,2.0
12576,0.7851032018661499,3.0
12577,0.44787392020225525,2.0
12578,0.4343056380748749,2.0
12579,0.6449984312057495,3.0
12580,0.6270550489425659,3.0
12581,0.9113382697105408,4.0
12582,0.6671802401542664,3.0
12583,0.49203404784202576,2.0
12584,0.6314835548400879,3.0
12585,0.3537711799144745,1.0
12586,0.6450648903846741,3.0
12587,0.4924037456512451,2.0
12588,0.7968499064445496,3.0
12589,0.49686744809150696,2.0
12590,0.6307501196861267,3.0
12591,0.5422219634056091,2.0
12592,0.3869308531284332,2.0
12593,0.32842931151390076,1.0
12594,0.7079896330833435,3.0
12595,0.3650965094566345,1.0
12596,0.7096869945526123,3.0
12597,0.5623571276664734,2.0
12598,0.3979828655719757,2.0
12599,0.43812891840934753,2.0
12600,0.5796645879745483,2.0
12601,0.5203841924667358,2.0
12602,0.3985491394996643,2.0
12603,0.3514283299446106,1.0
12604,0.30919137597084045,1.0
12605,0.7214012145996094,3.0
12606,0.3305916488170624,1.0
12607,0.4343169629573822,2.0
12608,0.8535096049308777,3.0
12609,0.901430606842041,4.0
12610,0.646887481212616,3.0
12611,0.5968807935714722,2.0
12612,0.7290208339691162,3.0
12613,0.6677268743515015,3.0
12614,0.4752546548843384,2.0
12615,0.45320045948028564,2.0
12616,0.5735843777656555,2.0
12617,0.5684745907783508,2.0
12618,0.7455446124076843,3.0
12619,0.7123722434043884,3.0
12620,0.8239224553108215,3.0
12621,0.44369491934776306,2.0
12622,0.5497983694076538,2.0
12623,0.5372002124786377,2.0
12624,0.4794524908065796,2.0
12625,0.566558301448822,2.0
12626,0.6446558833122253,3.0
12627,0.5563417077064514,2.0
12628,0.48014289140701294,2.0
12629,0.36774662137031555,1.0
12630,0.5086032748222351,2.0
12631,0.5949662327766418,2.0
12632,0.7149302363395691,3.0
12633,0.6632691621780396,3.0
12634,0.38854554295539856,2.0
12635,0.40288999676704407,2.0
12636,0.28194472193717957,1.0
12637,0.7628495097160339,3.0
12638,0.7366573214530945,3.0
12639,0.41003966331481934,2.0
12640,0.336818128824234,1.0
12641,0.41060951352119446,2.0
12642,0.32949405908584595,1.0
12643,0.3981874883174896,2.0
12644,0.7383176684379578,3.0
12645,0.5534488558769226,2.0
12646,0.5872631072998047,2.0
12647,0.5563272833824158,2.0
12648,0.3919773995876312,2.0
12649,0.6899594664573669,3.0
12650,0.6285821795463562,3.0
12651,0.5047818422317505,2.0
12652,0.319465309381485,1.0
12653,0.5057700872421265,2.0
12654,0.49298620223999023,2.0
12655,0.6083740592002869,2.0
12656,0.5228356719017029,2.0
12657,0.6182758212089539,2.0
12658,0.4904435873031616,2.0
12659,0.49994993209838867,2.0
12660,0.5996137857437134,2.0
12661,0.37135908007621765,1.0
12662,0.45133069157600403,2.0
12663,0.30267414450645447,1.0
12664,0.26481372117996216,1.0
12665,0.5977602601051331,2.0
12666,0.3883547782897949,2.0
12667,0.4574136734008789,2.0
12668,0.32077881693840027,1.0
12669,0.5817045569419861,2.0
12670,0.5309444069862366,2.0
12671,0.81978839635849,3.0
12672,0.6680237650871277,3.0
12673,0.7421040534973145,3.0
12674,0.8058775067329407,3.0
12675,0.6074913144111633,2.0
12676,0.42268693447113037,2.0
12677,0.323209285736084,1.0
12678,0.44651952385902405,2.0
12679,0.5816541314125061,2.0
12680,0.6915217638015747,3.0
12681,0.33741599321365356,1.0
12682,0.3358151912689209,1.0
12683,0.732661783695221,3.0
12684,0.5011976957321167,2.0
12685,0.4926867187023163,2.0
12686,0.6707460284233093,3.0
12687,0.2952916622161865,1.0
12688,0.37667688727378845,2.0
12689,0.6517993211746216,3.0
12690,0.5569179654121399,2.0
12691,0.4485456347465515,2.0
12692,0.8403931856155396,3.0
12693,0.8394241333007812,3.0
12694,0.7564184665679932,3.0
12695,0.5061430335044861,2.0
12696,0.7865568399429321,3.0
12697,0.6441490650177002,3.0
12698,0.6920847296714783,3.0
12699,0.8584699630737305,3.0
12700,0.8210486173629761,3.0
12701,0.5024946928024292,2.0
12702,0.49288854002952576,2.0
12703,0.6093164086341858,2.0
12704,0.6238864660263062,2.0
12705,0.5162174701690674,2.0
12706,0.8455572724342346,3.0
12707,0.41350603103637695,2.0
12708,0.5722143650054932,2.0
12709,0.7407513856887817,3.0
12710,0.7866755723953247,3.0
12711,0.2362123727798462,1.0
12712,0.47845542430877686,2.0
12713,0.5975963473320007,2.0
12714,0.23652540147304535,1.0
12715,0.7101645469665527,3.0
12716,0.4446412920951843,2.0
12717,0.4920661449432373,2.0
12718,0.28190872073173523,1.0
12719,0.4459724426269531,2.0
12720,0.478099524974823,2.0
12721,0.5357263088226318,2.0
12722,0.5566157698631287,2.0
12723,0.47791168093681335,2.0
12724,0.6533764004707336,3.0
12725,0.717399537563324,3.0
12726,0.27852603793144226,1.0
12727,0.6602455377578735,3.0
12728,0.550049364566803,2.0
12729,0.9279828667640686,4.0
12730,0.5800691246986389,2.0
12731,0.3257458508014679,1.0
12732,0.49520838260650635,2.0
12733,0.3695834279060364,1.0
12734,0.2996947169303894,1.0
12735,0.6420239806175232,3.0
12736,0.8740480542182922,3.0
12737,0.455711305141449,2.0
12738,0.7492430210113525,3.0
12739,0.503325343132019,2.0
12740,0.623214840888977,2.0
12741,0.737007737159729,3.0
12742,0.4811098277568817,2.0
12743,0.5516619682312012,2.0
12744,0.6452579498291016,3.0
12745,0.6389425992965698,3.0
12746,0.6738192439079285,3.0
12747,0.5762930512428284,2.0
12748,0.4787958264350891,2.0
12749,0.7134201526641846,3.0
12750,0.4976580739021301,2.0
12751,0.5785380601882935,2.0
12752,0.3578445315361023,1.0
12753,0.6469690203666687,3.0
12754,0.28870707750320435,1.0
12755,0.4925037622451782,2.0
12756,0.46909603476524353,2.0
12757,0.38581669330596924,2.0
12758,0.24126948416233063,1.0
12759,0.7289538383483887,3.0
12760,0.6434838771820068,3.0
12761,0.5574883222579956,2.0
12762,0.5348308682441711,2.0
12763,0.4216545522212982,2.0
12764,0.6819445490837097,3.0
12765,0.5852649807929993,2.0
12766,0.8111687898635864,3.0
12767,0.32983505725860596,1.0
12768,0.45393186807632446,2.0
12769,0.5379133224487305,2.0
12770,0.6369940638542175,3.0
12771,0.4110541045665741,2.0
12772,0.38100913166999817,2.0
12773,0.5137739777565002,2.0
12774,0.31547701358795166,1.0
12775,0.6180078387260437,2.0
12776,0.4940214157104492,2.0
12777,0.5692784190177917,2.0
12778,0.7659754157066345,3.0
12779,0.7228348851203918,3.0
12780,0.7185375094413757,3.0
12781,0.5981673002243042,2.0
12782,0.5806240439414978,2.0
12783,0.3700055181980133,1.0
12784,0.760768711566925,3.0
12785,0.6248188018798828,2.0
12786,0.4109375476837158,2.0
12787,0.6824779510498047,3.0
12788,0.23033340275287628,1.0
12789,0.5901444554328918,2.0
12790,0.38834142684936523,2.0
12791,0.5474393367767334,2.0
12792,0.32080334424972534,1.0
12793,0.7245298027992249,3.0
12794,0.4965418577194214,2.0
12795,0.35469043254852295,1.0
12796,0.5250694751739502,2.0
12797,0.5978955030441284,2.0
12798,0.648567259311676,3.0
12799,0.32670357823371887,1.0
12800,0.8225361704826355,3.0
12801,0.5131337642669678,2.0
12802,0.5094000101089478,2.0
12803,0.6512149572372437,3.0
12804,0.5473766326904297,2.0
12805,0.5830150842666626,2.0
12806,0.8046233654022217,3.0
12807,0.8607287406921387,3.0
12808,0.2112407237291336,1.0
12809,0.363166481256485,1.0
12810,0.931122362613678,4.0
12811,0.39767956733703613,2.0
12812,0.6141038537025452,2.0
12813,0.6719167232513428,3.0
12814,0.7399747371673584,3.0
12815,0.5093061327934265,2.0
12816,0.4580593705177307,2.0
12817,0.7692019939422607,3.0
12818,0.6728387475013733,3.0
12819,0.8166912198066711,3.0
12820,0.33770737051963806,1.0
12821,0.3745063841342926,1.0
12822,0.6886084675788879,3.0
12823,0.48477116227149963,2.0
12824,0.6422547101974487,3.0
12825,0.6506056189537048,3.0
12826,0.33757320046424866,1.0
12827,0.499817430973053,2.0
12828,0.40836235880851746,2.0
12829,0.36053070425987244,1.0
12830,0.6674118041992188,3.0
12831,0.8562538027763367,3.0
12832,0.679288387298584,3.0
12833,0.5312687158584595,2.0
12834,0.7942891716957092,3.0
12835,0.5822828412055969,2.0
12836,0.32591333985328674,1.0
12837,0.6063095331192017,2.0
12838,0.6209466457366943,2.0
12839,0.7242600917816162,3.0
12840,0.8064091205596924,3.0
12841,0.8446932435035706,3.0
12842,0.4131597578525543,2.0
12843,0.5608667731285095,2.0
12844,0.7259547710418701,3.0
12845,0.3319855034351349,1.0
12846,0.7623549699783325,3.0
12847,0.4905499517917633,2.0
12848,0.6940184235572815,3.0
12849,0.3005550503730774,1.0
12850,0.41192010045051575,2.0
12851,0.47883036732673645,2.0
12852,0.654830813407898,3.0
12853,0.37384679913520813,1.0
12854,0.5619457364082336,2.0
12855,0.5905430316925049,2.0
12856,0.7338651418685913,3.0
12857,0.7703369855880737,3.0
12858,0.5482352375984192,2.0
12859,0.4785824120044708,2.0
12860,0.5070598125457764,2.0
12861,0.6107233762741089,2.0
12862,0.27468156814575195,1.0
12863,0.8734111189842224,3.0
12864,0.5400776267051697,2.0
12865,0.5613293647766113,2.0
12866,0.6851896047592163,3.0
12867,0.564834713935852,2.0
12868,0.27613556385040283,1.0
12869,0.776358425617218,3.0
12870,0.38259491324424744,2.0
12871,0.4210209250450134,2.0
12872,0.8019625544548035,3.0
12873,0.3540782630443573,1.0
12874,0.6334587335586548,3.0
12875,0.553975522518158,2.0
12876,0.4265423119068146,2.0
12877,0.5752677917480469,2.0
12878,0.49744197726249695,2.0
12879,0.6543608903884888,3.0
12880,0.21241863071918488,1.0
12881,0.6473158001899719,3.0
12882,0.7023533582687378,3.0
12883,0.4993535280227661,2.0
12884,0.4480210542678833,2.0
12885,0.5043208003044128,2.0
12886,0.65312659740448,3.0
12887,0.5186519622802734,2.0
12888,0.35740381479263306,1.0
12889,0.5394687652587891,2.0
12890,0.4432496130466461,2.0
12891,0.8888046741485596,4.0
12892,0.5330142974853516,2.0
12893,0.7594307065010071,3.0
12894,0.6520310640335083,3.0
12895,0.5382660031318665,2.0
12896,0.5889537334442139,2.0
12897,0.4548570215702057,2.0
12898,0.5021264553070068,2.0
12899,0.6068906784057617,2.0
12900,0.4620078504085541,2.0
12901,0.3210925757884979,1.0
12902,0.25319918990135193,1.0
12903,0.5173393487930298,2.0
12904,0.5233198404312134,2.0
12905,0.6220085620880127,2.0
12906,0.30683064460754395,1.0
12907,0.6232345700263977,2.0
12908,0.6930987238883972,3.0
12909,0.9364084601402283,4.0
12910,0.6800840497016907,3.0
12911,0.7932291030883789,3.0
12912,0.3610694408416748,1.0
12913,0.43217822909355164,2.0
12914,0.4358324408531189,2.0
12915,0.695732831954956,3.0
12916,0.6145359873771667,2.0
12917,0.870741605758667,3.0
12918,0.5578742623329163,2.0
12919,0.8860001564025879,4.0
12920,0.7360112071037292,3.0
12921,0.6425725817680359,3.0
12922,0.4191470444202423,2.0
12923,0.42215481400489807,2.0
12924,0.808350682258606,3.0
12925,0.4712977409362793,2.0
12926,0.3927134871482849,2.0
12927,0.35789769887924194,1.0
12928,0.45627954602241516,2.0
12929,0.505308985710144,2.0
12930,0.5687928199768066,2.0
12931,0.6424548029899597,3.0
12932,0.3569187819957733,1.0
12933,0.2884933650493622,1.0
12934,0.4559342861175537,2.0
12935,0.6551157832145691,3.0
12936,0.4316568076610565,2.0
12937,0.7566953301429749,3.0
12938,0.720687985420227,3.0
12939,0.2545015513896942,1.0
12940,0.33740219473838806,1.0
12941,0.6957170963287354,3.0
12942,0.13406138122081757,1.0
12943,0.6775052547454834,3.0
12944,0.3076125681400299,1.0
12945,0.6313974261283875,3.0
12946,0.5984814167022705,2.0
12947,0.5020514130592346,2.0
12948,0.6783234477043152,3.0
12949,0.49192291498184204,2.0
12950,0.3836158812046051,2.0
12951,0.6886335015296936,3.0
12952,0.37101611495018005,1.0
12953,0.36632028222084045,1.0
12954,0.6905874609947205,3.0
12955,0.676618754863739,3.0
12956,0.4637628197669983,2.0
12957,0.8237884640693665,3.0
12958,0.8469947576522827,3.0
12959,0.7074471116065979,3.0
12960,0.4464612305164337,2.0
12961,0.5353726744651794,2.0
12962,0.34769687056541443,1.0
12963,0.5825645327568054,2.0
12964,0.6053926944732666,2.0
12965,0.6693281531333923,3.0
12966,0.49987706542015076,2.0
12967,0.46181759238243103,2.0
12968,0.8628485798835754,3.0
12969,0.45644885301589966,2.0
12970,0.7793723344802856,3.0
12971,0.5267353653907776,2.0
12972,0.8653151988983154,3.0
12973,0.5775532722473145,2.0
12974,0.38237515091896057,2.0
12975,0.6279147267341614,3.0
12976,0.3231434226036072,1.0
12977,0.549167275428772,2.0
12978,0.5836055874824524,2.0
12979,0.46788012981414795,2.0
12980,0.8674607276916504,3.0
12981,0.9122971892356873,4.0
12982,0.5070263147354126,2.0
12983,0.5218464136123657,2.0
12984,0.6985965967178345,3.0
12985,0.852627158164978,3.0
12986,0.7147855758666992,3.0
12987,0.771784782409668,3.0
12988,0.5556601285934448,2.0
12989,0.8847935199737549,4.0
12990,0.6591992974281311,3.0
12991,0.8073853850364685,3.0
12992,0.8464698791503906,3.0
12993,0.7210138440132141,3.0
12994,0.6537051796913147,3.0
12995,0.35368239879608154,1.0
12996,0.5027541518211365,2.0
12997,0.6881744861602783,3.0
12998,0.584574818611145,2.0
12999,0.552414059638977,2.0
13000,0.6616000533103943,3.0
13001,0.33123883605003357,1.0
13002,0.400105744600296,2.0
13003,0.4515143930912018,2.0
13004,0.7467378377914429,3.0
13005,0.25955045223236084,1.0
13006,0.35806000232696533,1.0
13007,0.7163153886795044,3.0
13008,0.5075713992118835,2.0
13009,0.7104593515396118,3.0
13010,0.3951747715473175,2.0
13011,0.35102978348731995,1.0
13012,0.7381370663642883,3.0
13013,0.7359636425971985,3.0
13014,0.48644185066223145,2.0
13015,0.5001165866851807,2.0
13016,0.7908642888069153,3.0
13017,0.25914445519447327,1.0
13018,0.8598230481147766,3.0
13019,0.811421811580658,3.0
13020,0.6511240601539612,3.0
13021,0.7579185366630554,3.0
13022,0.712740957736969,3.0
13023,0.6539971232414246,3.0
13024,0.6718976497650146,3.0
13025,0.30909743905067444,1.0
13026,0.3706493079662323,1.0
13027,0.6721512675285339,3.0
13028,0.6077678203582764,2.0
13029,0.4334048330783844,2.0
13030,0.6248472332954407,2.0
13031,0.2890349328517914,1.0
13032,0.4756118655204773,2.0
13033,0.43362540006637573,2.0
13034,0.48157450556755066,2.0
13035,0.829587996006012,3.0
13036,0.6339446306228638,3.0
13037,0.5806156992912292,2.0
13038,0.7414270639419556,3.0
13039,0.4740469753742218,2.0
13040,0.3661991059780121,1.0
13041,0.7094737887382507,3.0
13042,0.27987322211265564,1.0
13043,0.6447707414627075,3.0
13044,0.398023396730423,2.0
13045,0.588556170463562,2.0
13046,0.6641930341720581,3.0
13047,0.879022479057312,4.0
13048,0.6032465696334839,2.0
13049,0.44112715125083923,2.0
13050,0.6937087178230286,3.0
13051,0.8939424753189087,4.0
13052,0.783774733543396,3.0
13053,0.6534879207611084,3.0
13054,0.6491574048995972,3.0
13055,0.5576532483100891,2.0
13056,0.7571704387664795,3.0
13057,0.7217587828636169,3.0
13058,0.4811665713787079,2.0
13059,0.4585517346858978,2.0
13060,0.4822520613670349,2.0
13061,0.29451918601989746,1.0
13062,0.45742273330688477,2.0
13063,0.3068585693836212,1.0
13064,0.5987418293952942,2.0
13065,0.3525659143924713,1.0
13066,0.22836270928382874,1.0
13067,0.391349732875824,2.0
13068,0.5623419880867004,2.0
13069,0.4358082413673401,2.0
13070,0.5637509822845459,2.0
13071,0.6656506657600403,3.0
13072,0.45564141869544983,2.0
13073,0.6433798670768738,3.0
13074,0.7365890741348267,3.0
13075,0.661513090133667,3.0
13076,0.7536907196044922,3.0
13077,0.3138408660888672,1.0
13078,0.789739727973938,3.0
13079,0.9603856801986694,4.0
13080,0.8294450044631958,3.0
13081,0.7877508997917175,3.0
13082,0.2708647847175598,1.0
13083,0.8097872734069824,3.0
13084,0.6148865222930908,2.0
13085,0.6176008582115173,2.0
13086,0.6612780690193176,3.0
13087,0.6386185884475708,3.0
13088,0.43055325746536255,2.0
13089,0.6696069240570068,3.0
13090,0.8416510224342346,3.0
13091,0.6091063022613525,2.0
13092,0.26555144786834717,1.0
13093,0.9712850451469421,4.0
13094,0.43983975052833557,2.0
13095,0.44023481011390686,2.0
13096,0.38776031136512756,2.0
13097,0.3088814318180084,1.0
13098,0.3016752004623413,1.0
13099,0.6812359690666199,3.0
13100,0.4828636050224304,2.0
13101,0.4903135597705841,2.0
13102,0.5125349760055542,2.0
13103,0.4751698076725006,2.0
13104,0.6708223223686218,3.0
13105,0.5256561636924744,2.0
13106,0.5812918543815613,2.0
13107,0.527167022228241,2.0
13108,0.5343004465103149,2.0
13109,0.37125080823898315,1.0
13110,0.7602308988571167,3.0
13111,0.6564937233924866,3.0
13112,0.6327136158943176,3.0
13113,0.5384845733642578,2.0
13114,0.4798027276992798,2.0
13115,0.6945011615753174,3.0
13116,0.38211584091186523,2.0
13117,0.2847083806991577,1.0
13118,0.47203364968299866,2.0
13119,0.48570922017097473,2.0
13120,0.2638632655143738,1.0
13121,0.6465174555778503,3.0
13122,0.41090598702430725,2.0
13123,0.7816956043243408,3.0
13124,0.671025276184082,3.0
13125,0.5802913904190063,2.0
13126,0.5137975811958313,2.0
13127,0.2983550727367401,1.0
13128,0.6380442380905151,3.0
13129,0.6879487037658691,3.0
13130,0.33889704942703247,1.0
13131,0.4398794174194336,2.0
13132,0.7082269191741943,3.0
13133,0.588476836681366,2.0
13134,0.5072315335273743,2.0
13135,0.23322062194347382,1.0
13136,0.5382955074310303,2.0
13137,0.6638928055763245,3.0
13138,0.7686725854873657,3.0
13139,0.6725141406059265,3.0
13140,0.4801763594150543,2.0
13141,0.7906572818756104,3.0
13142,0.2994791567325592,1.0
13143,0.5957200527191162,2.0
13144,0.7968984246253967,3.0
13145,0.7149413228034973,3.0
13146,0.6467615365982056,3.0
13147,0.8938726782798767,4.0
13148,0.43854865431785583,2.0
13149,0.7548942565917969,3.0
13150,0.6578475832939148,3.0
13151,0.6510022282600403,3.0
13152,0.3716289699077606,1.0
13153,0.776961088180542,3.0
13154,0.3240879476070404,1.0
13155,0.6545740962028503,3.0
13156,0.744577944278717,3.0
13157,0.2511022388935089,1.0
13158,0.6875491142272949,3.0
13159,0.28519943356513977,1.0
13160,0.7966727614402771,3.0
13161,0.5090743899345398,2.0
13162,0.22161541879177094,1.0
13163,0.6979780793190002,3.0
13164,0.43560075759887695,2.0
13165,0.3687276840209961,1.0
13166,0.7046725749969482,3.0
13167,0.4096776843070984,2.0
13168,0.43434691429138184,2.0
13169,0.83957839012146,3.0
13170,0.6071162223815918,2.0
13171,0.47162365913391113,2.0
13172,0.8157750964164734,3.0
13173,0.2844284772872925,1.0
13174,0.3301708698272705,1.0
13175,0.6855542659759521,3.0
13176,0.4332990050315857,2.0
13177,0.6506912708282471,3.0
13178,0.7753207683563232,3.0
13179,0.6691396832466125,3.0
13180,0.6276095509529114,3.0
13181,0.4963413178920746,2.0
13182,0.4288550913333893,2.0
13183,0.667776882648468,3.0
13184,0.5667014718055725,2.0
13185,0.30122390389442444,1.0
13186,0.5907572507858276,2.0
13187,0.7678199410438538,3.0
13188,0.3641085922718048,1.0
13189,0.660163402557373,3.0
13190,0.5394635796546936,2.0
13191,0.7685595750808716,3.0
13192,0.48482081294059753,2.0
13193,0.4697036147117615,2.0
13194,0.7392523884773254,3.0
13195,0.6131605505943298,2.0
13196,0.777056097984314,3.0
13197,0.5881515741348267,2.0
13198,0.5208141803741455,2.0
13199,0.6839312314987183,3.0
13200,0.6602564454078674,3.0
13201,0.2992188632488251,1.0
13202,0.34132787585258484,1.0
13203,0.8017180562019348,3.0
13204,0.5264879465103149,2.0
13205,0.358833372592926,1.0
13206,0.7226442694664001,3.0
13207,0.618122935295105,2.0
13208,0.6393930315971375,3.0
13209,0.4098777174949646,2.0
13210,0.5901958346366882,2.0
13211,0.7349454164505005,3.0
13212,0.6186863780021667,2.0
13213,0.846958577632904,3.0
13214,0.37605053186416626,2.0
13215,0.7444983720779419,3.0
13216,0.4036509096622467,2.0
13217,0.7227602601051331,3.0
13218,0.6805804967880249,3.0
13219,0.48473843932151794,2.0
13220,0.4020336866378784,2.0
13221,0.7831281423568726,3.0
13222,0.5635805726051331,2.0
13223,0.42327842116355896,2.0
13224,0.36064058542251587,1.0
13225,0.4721963107585907,2.0
13226,0.659473180770874,3.0
13227,0.655186653137207,3.0
13228,0.37537193298339844,2.0
13229,0.4406099021434784,2.0
13230,0.5468841791152954,2.0
13231,0.538597583770752,2.0
13232,0.7597931623458862,3.0
13233,0.3543643653392792,1.0
13234,0.6850289106369019,3.0
13235,0.45597532391548157,2.0
13236,0.6802616119384766,3.0
13237,0.7592357993125916,3.0
13238,0.3170758783817291,1.0
13239,0.2670597732067108,1.0
13240,0.6667940616607666,3.0
13241,0.5446270108222961,2.0
13242,0.684191882610321,3.0
13243,0.7236001491546631,3.0
13244,0.64356529712677,3.0
13245,0.3106973469257355,1.0
13246,0.7277778387069702,3.0
13247,0.33189693093299866,1.0
13248,0.7512046098709106,3.0
13249,0.32018232345581055,1.0
13250,0.7638508081436157,3.0
13251,0.6290834546089172,3.0
13252,0.41991767287254333,2.0
13253,0.5096973180770874,2.0
13254,0.5651406645774841,2.0
13255,0.7890580296516418,3.0
13256,0.4566585421562195,2.0
13257,0.44538334012031555,2.0
13258,0.35461804270744324,1.0
13259,0.6131271719932556,2.0
13260,0.6829051375389099,3.0
13261,0.34874019026756287,1.0
13262,0.3016205132007599,1.0
13263,0.7903587222099304,3.0
13264,0.6811373233795166,3.0
13265,0.4186345636844635,2.0
13266,0.6101422905921936,2.0
13267,0.5484235286712646,2.0
13268,0.8725959062576294,3.0
13269,0.6433625817298889,3.0
13270,0.4493771493434906,2.0
13271,0.7177695631980896,3.0
13272,0.6846455931663513,3.0
13273,0.47631123661994934,2.0
13274,0.5240172743797302,2.0
13275,0.6206507086753845,2.0
13276,0.6467335820198059,3.0
13277,0.39903947710990906,2.0
13278,0.47026801109313965,2.0
13279,0.6355329751968384,3.0
13280,0.8022223711013794,3.0
13281,0.5728487372398376,2.0
13282,0.5035741329193115,2.0
13283,0.48826923966407776,2.0
13284,0.5048707723617554,2.0
13285,0.7384036779403687,3.0
13286,0.6472336053848267,3.0
13287,0.369721382856369,1.0
13288,0.5237925052642822,2.0
13289,0.3824319839477539,2.0
13290,0.6075921654701233,2.0
13291,0.5179948210716248,2.0
13292,0.6072250604629517,2.0
13293,0.325884610414505,1.0
13294,0.6184216737747192,2.0
13295,0.7717136740684509,3.0
13296,0.38928109407424927,2.0
13297,0.5723429322242737,2.0
13298,0.37513667345046997,2.0
13299,0.5055691003799438,2.0
13300,0.6622204780578613,3.0
13301,0.4851354956626892,2.0
13302,0.5188071727752686,2.0
13303,0.3006916046142578,1.0
13304,0.6975888609886169,3.0
13305,0.5257341861724854,2.0
13306,0.6817592978477478,3.0
13307,0.7317841053009033,3.0
13308,0.4421071410179138,2.0
13309,0.5457525253295898,2.0
13310,0.3259032666683197,1.0
13311,0.4576345682144165,2.0
13312,0.5533052682876587,2.0
13313,0.8989683389663696,4.0
13314,0.6975218653678894,3.0
13315,0.5911034345626831,2.0
13316,0.5147058367729187,2.0
13317,0.37174519896507263,1.0
13318,0.6114762425422668,2.0
13319,0.7201406955718994,3.0
13320,0.28193286061286926,1.0
13321,0.5206465721130371,2.0
13322,0.537314772605896,2.0
13323,0.6111374497413635,2.0
13324,0.5088037252426147,2.0
13325,0.7779580950737,3.0
13326,0.19460700452327728,1.0
13327,0.8968117237091064,4.0
13328,0.4781217575073242,2.0
13329,0.6838032007217407,3.0
13330,0.8724659085273743,3.0
13331,0.5324791669845581,2.0
13332,0.3343825936317444,1.0
13333,0.6430826187133789,3.0
13334,0.8737618327140808,3.0
13335,0.5156868696212769,2.0
13336,0.40744858980178833,2.0
13337,0.47866523265838623,2.0
13338,0.41603517532348633,2.0
13339,0.6304844617843628,3.0
13340,0.30072546005249023,1.0
13341,0.5942026376724243,2.0
13342,0.7516714930534363,3.0
13343,0.5890872478485107,2.0
13344,0.6928341388702393,3.0
13345,0.7555519938468933,3.0
13346,0.6467996835708618,3.0
13347,0.7388438582420349,3.0
13348,0.5477684140205383,2.0
13349,0.49066027998924255,2.0
13350,0.6809561848640442,3.0
13351,0.4704186022281647,2.0
13352,0.43875372409820557,2.0
13353,0.40246111154556274,2.0
13354,0.6645641922950745,3.0
13355,0.8487407565116882,3.0
13356,0.6399497389793396,3.0
13357,0.6896878480911255,3.0
13358,0.3416782319545746,1.0
13359,0.4696156978607178,2.0
13360,0.5437690615653992,2.0
13361,0.718334972858429,3.0
13362,0.465231716632843,2.0
13363,0.4646722972393036,2.0
13364,0.6447646617889404,3.0
13365,0.48925673961639404,2.0
13366,0.30300331115722656,1.0
13367,0.3871265947818756,2.0
13368,0.36845165491104126,1.0
13369,0.4780287444591522,2.0
13370,0.3450481593608856,1.0
13371,0.7758844494819641,3.0
13372,0.596724808216095,2.0
13373,0.5440225005149841,2.0
13374,0.8334642648696899,3.0
13375,0.42890334129333496,2.0
13376,0.8163965940475464,3.0
13377,0.4939308166503906,2.0
13378,0.8105130195617676,3.0
13379,0.30839890241622925,1.0
13380,0.32687801122665405,1.0
13381,0.299433171749115,1.0
13382,0.4192339777946472,2.0
13383,0.4608317017555237,2.0
13384,0.2930382490158081,1.0
13385,0.6000946760177612,2.0
13386,0.8712755441665649,3.0
13387,0.6009339094161987,2.0
13388,0.6191709041595459,2.0
13389,0.7609274983406067,3.0
13390,0.6873090267181396,3.0
13391,0.5510340929031372,2.0
13392,0.31356897950172424,1.0
13393,0.5050340294837952,2.0
13394,0.7853610515594482,3.0
13395,0.45173779129981995,2.0
13396,0.5278905630111694,2.0
13397,0.8399691581726074,3.0
13398,0.6362302303314209,3.0
13399,0.7569591403007507,3.0
13400,0.5124598145484924,2.0
13401,0.8543635010719299,3.0
13402,0.6031941771507263,2.0
13403,0.6182361245155334,2.0
13404,0.542884111404419,2.0
13405,0.7616832852363586,3.0
13406,0.43314123153686523,2.0
13407,0.5037822723388672,2.0
13408,0.6050689220428467,2.0
13409,0.7997738718986511,3.0
13410,0.7466521263122559,3.0
13411,0.655117928981781,3.0
13412,0.3848542869091034,2.0
13413,0.2891979515552521,1.0
13414,0.2992449402809143,1.0
13415,0.6352715492248535,3.0
13416,0.8275598287582397,3.0
13417,0.4712972342967987,2.0
13418,0.7375657558441162,3.0
13419,0.6535727977752686,3.0
13420,0.3451264202594757,1.0
13421,0.8111200332641602,3.0
13422,0.6508391499519348,3.0
13423,0.589264988899231,2.0
13424,0.5157448053359985,2.0
13425,0.5319316387176514,2.0
13426,0.5504957437515259,2.0
13427,0.47767797112464905,2.0
13428,0.6245672702789307,2.0
13429,0.5481976866722107,2.0
13430,0.753176212310791,3.0
13431,0.5006985664367676,2.0
13432,0.49621084332466125,2.0
13433,0.46030882000923157,2.0
13434,0.649485170841217,3.0
13435,0.5356976389884949,2.0
13436,0.25351932644844055,1.0
13437,0.7521852850914001,3.0
13438,0.6029936671257019,2.0
13439,0.4573412537574768,2.0
13440,0.5400047302246094,2.0
13441,0.3615977466106415,1.0
13442,0.6632529497146606,3.0
13443,0.4012357294559479,2.0
13444,0.5674375891685486,2.0
13445,0.6736264824867249,3.0
13446,0.19006569683551788,1.0
13447,0.7430232763290405,3.0
13448,0.20000094175338745,1.0
13449,0.7016609311103821,3.0
13450,0.5256856083869934,2.0
13451,0.4049935042858124,2.0
13452,0.14973077178001404,1.0
13453,0.7134687900543213,3.0
13454,0.7746773362159729,3.0
13455,0.723418653011322,3.0
13456,0.8016138076782227,3.0
13457,0.7168315649032593,3.0
13458,0.8738097548484802,3.0
13459,0.6013438105583191,2.0
13460,0.18668971955776215,1.0
13461,0.5114361047744751,2.0
13462,0.7890676259994507,3.0
13463,0.8146012425422668,3.0
13464,0.8085445761680603,3.0
13465,0.8341794610023499,3.0
13466,0.5055081844329834,2.0
13467,0.649373471736908,3.0
13468,0.3551064431667328,1.0
13469,0.37577173113822937,2.0
13470,0.9115697741508484,4.0
13471,0.8108631372451782,3.0
13472,0.7028799653053284,3.0
13473,0.24971401691436768,1.0
13474,0.3066718578338623,1.0
13475,0.4564342200756073,2.0
13476,0.4272370934486389,2.0
13477,0.47338250279426575,2.0
13478,0.3615710437297821,1.0
13479,0.8095731139183044,3.0
13480,0.7933717370033264,3.0
13481,0.6630010604858398,3.0
13482,0.5843266844749451,2.0
13483,0.3644423484802246,1.0
13484,0.7095494866371155,3.0
13485,0.7202721834182739,3.0
13486,0.3690260350704193,1.0
13487,0.5363858938217163,2.0
13488,0.43072885274887085,2.0
13489,0.6087760925292969,2.0
13490,0.8094636797904968,3.0
13491,0.24776144325733185,1.0
13492,0.41432106494903564,2.0
13493,0.7185668349266052,3.0
13494,0.45621004700660706,2.0
13495,0.4840491712093353,2.0
13496,0.31461483240127563,1.0
13497,0.550591766834259,2.0
13498,0.6746886968612671,3.0
13499,0.541216254234314,2.0
13500,0.4789542555809021,2.0
13501,0.3329406678676605,1.0
13502,0.726565420627594,3.0
13503,0.6470032334327698,3.0
13504,0.6454142928123474,3.0
13505,0.5062924027442932,2.0
13506,0.24312245845794678,1.0
13507,0.38206547498703003,2.0
13508,0.6395394206047058,3.0
13509,0.4309574365615845,2.0
13510,0.30797889828681946,1.0
13511,0.7307522296905518,3.0
13512,0.5824774503707886,2.0
13513,0.31493574380874634,1.0
13514,0.7182379364967346,3.0
13515,0.7585973143577576,3.0
13516,0.6403781175613403,3.0
13517,0.5248938202857971,2.0
13518,0.6200730800628662,2.0
13519,0.5861445665359497,2.0
13520,0.49873507022857666,2.0
13521,0.7589719891548157,3.0
13522,0.6350416541099548,3.0
13523,0.5981254577636719,2.0
13524,0.7095134258270264,3.0
13525,0.6099284291267395,2.0
13526,0.5248857140541077,2.0
13527,0.41516023874282837,2.0
13528,0.7073099613189697,3.0
13529,0.7015407681465149,3.0
13530,0.9151739478111267,4.0
13531,0.8810757994651794,4.0
13532,0.6833621263504028,3.0
13533,0.8009713292121887,3.0
13534,0.3545462191104889,1.0
13535,0.5039042830467224,2.0
13536,0.524490475654602,2.0
13537,0.5946788191795349,2.0
13538,0.7409509420394897,3.0
13539,0.6992909908294678,3.0
13540,0.8109631538391113,3.0
13541,0.6961626410484314,3.0
13542,0.5298307538032532,2.0
13543,0.5803792476654053,2.0
13544,0.5486160516738892,2.0
13545,0.4744372069835663,2.0
13546,0.6217384934425354,2.0
13547,0.8742897510528564,3.0
13548,0.4591565430164337,2.0
13549,0.6843611001968384,3.0
13550,0.4850703179836273,2.0
13551,0.30245599150657654,1.0
13552,0.676047146320343,3.0
13553,0.7936182022094727,3.0
13554,0.48396381735801697,2.0
13555,0.6363076567649841,3.0
13556,0.4464866518974304,2.0
13557,0.8652295470237732,3.0
13558,0.696374237537384,3.0
13559,0.6933349967002869,3.0
13560,0.4820424020290375,2.0
13561,0.3553829491138458,1.0
13562,0.5342587828636169,2.0
13563,0.6918206810951233,3.0
13564,0.3335563540458679,1.0
13565,0.7807590365409851,3.0
13566,0.7920941114425659,3.0
13567,0.3150760531425476,1.0
13568,0.33143413066864014,1.0
13569,0.7091732025146484,3.0
13570,0.690850019454956,3.0
13571,0.6928227543830872,3.0
13572,0.45392292737960815,2.0
13573,0.4808381497859955,2.0
13574,0.5294001698493958,2.0
13575,0.310567170381546,1.0
13576,0.3323432505130768,1.0
13577,0.33226457238197327,1.0
13578,0.6605337262153625,3.0
13579,0.5522798299789429,2.0
13580,0.7393383979797363,3.0
13581,0.5748350024223328,2.0
13582,0.6388291120529175,3.0
13583,0.6560347676277161,3.0
13584,0.8591259717941284,3.0
13585,0.7768532037734985,3.0
13586,0.7874454259872437,3.0
13587,0.7774452567100525,3.0
13588,0.4979613423347473,2.0
13589,0.45566654205322266,2.0
13590,0.503913402557373,2.0
13591,0.5671624541282654,2.0
13592,0.6002725958824158,2.0
13593,0.336214542388916,1.0
13594,0.694517195224762,3.0
13595,0.5638201236724854,2.0
13596,0.42643553018569946,2.0
13597,0.7627922296524048,3.0
13598,0.750217080116272,3.0
13599,0.47032302618026733,2.0
13600,0.5194900631904602,2.0
13601,0.5769609808921814,2.0
13602,0.5899242758750916,2.0
13603,0.27031368017196655,1.0
13604,0.5493646860122681,2.0
13605,0.5927850604057312,2.0
13606,0.5910451412200928,2.0
13607,0.7610769271850586,3.0
13608,0.5138775110244751,2.0
13609,0.5359103083610535,2.0
13610,0.4716152846813202,2.0
13611,0.6400412321090698,3.0
13612,0.4351787269115448,2.0
13613,0.5130740404129028,2.0
13614,0.6856368184089661,3.0
13615,0.412551611661911,2.0
13616,0.596461832523346,2.0
13617,0.6120958924293518,2.0
13618,0.6131827235221863,2.0
13619,0.701754093170166,3.0
13620,0.7399219274520874,3.0
13621,0.4989425837993622,2.0
13622,0.5001674294471741,2.0
13623,0.33529382944107056,1.0
13624,0.5124413967132568,2.0
13625,0.6169827580451965,2.0
13626,0.687777578830719,3.0
13627,0.687451958656311,3.0
13628,0.2560326159000397,1.0
13629,0.6732547879219055,3.0
13630,0.6345639824867249,3.0
13631,0.5166093707084656,2.0
14834,0.5344331860542297,2.0
14835,0.697771430015564,3.0
14836,0.6137791872024536,2.0
14837,0.7206171751022339,3.0
14838,0.6567440629005432,3.0
14839,0.7137957811355591,3.0
14840,0.6054446697235107,2.0
14841,0.6445506811141968,3.0
14842,0.4973296821117401,2.0
14843,0.6071929335594177,2.0
14844,0.8659130334854126,3.0
14845,0.9134572744369507,4.0
14846,0.761885941028595,3.0
14847,0.7655798196792603,3.0
14848,0.606257438659668,2.0
14849,0.6780223250389099,3.0
14850,0.6151568293571472,2.0
14851,0.5431932806968689,2.0
14852,0.3621775805950165,1.0
14853,0.4615003168582916,2.0
14854,0.583555281162262,2.0
14855,0.8282473087310791,3.0
14856,0.6297412514686584,3.0
14857,0.8350706696510315,3.0
14858,0.5367791056632996,2.0
14859,0.7014116048812866,3.0
14860,0.7779743671417236,3.0
14861,0.7455006241798401,3.0
14862,0.6244369745254517,2.0
14863,0.5564388632774353,2.0
14864,0.6303373575210571,3.0
14865,0.7024527192115784,3.0
14866,0.3334552049636841,1.0
14867,0.4808189570903778,2.0
14868,0.7396609783172607,3.0
14869,0.5773298740386963,2.0
14870,0.5533745288848877,2.0
14871,0.6591039299964905,3.0
14872,0.6430116891860962,3.0
14873,0.48081305623054504,2.0
14874,0.4201751947402954,2.0
14875,0.43261709809303284,2.0
14876,0.7760836482048035,3.0
14877,0.5004799962043762,2.0
14878,0.602872371673584,2.0
14879,0.6004116535186768,2.0
14880,0.5863155722618103,2.0
14881,0.8118127584457397,3.0
14882,0.7861528396606445,3.0
14883,0.7944008111953735,3.0
14884,0.5992157459259033,2.0
14885,0.7505933046340942,3.0
14886,0.6193017959594727,2.0
14887,0.6402398943901062,3.0
14888,0.5119646191596985,2.0
14889,0.6564818620681763,3.0
14890,0.6746718287467957,3.0
14891,0.5845794081687927,2.0
14892,0.7729724645614624,3.0
14893,0.4642954468727112,2.0
14894,0.6731929183006287,3.0
14895,0.670510470867157,3.0
14896,0.8063562512397766,3.0
14897,0.6953976154327393,3.0
14898,0.6762890219688416,3.0
14899,0.3720894455909729,1.0
14900,0.582170307636261,2.0
14901,0.27676793932914734,1.0
14902,0.7287824153900146,3.0
14903,0.7717534303665161,3.0
14904,0.7891655564308167,3.0
14905,0.4009537994861603,2.0
14906,0.49531784653663635,2.0
14907,0.5513899326324463,2.0
14908,0.6658202409744263,3.0
14909,0.60855633020401,2.0
14910,0.4709261357784271,2.0
14911,0.3501929044723511,1.0
14912,0.4934835135936737,2.0
14913,0.6889020204544067,3.0
14914,0.7639419436454773,3.0
14915,0.5309366583824158,2.0
14916,0.6959462761878967,3.0
14917,0.5966247916221619,2.0
14918,0.6890018582344055,3.0
14919,0.47860196232795715,2.0
14920,0.7393363118171692,3.0
14921,0.7725452184677124,3.0
14922,0.779858410358429,3.0
14923,0.6995058059692383,3.0
14924,0.7158078551292419,3.0
14925,0.6061539649963379,2.0
14926,0.7925052046775818,3.0
14927,0.40770575404167175,2.0
14928,0.6476884484291077,3.0
14929,0.43500298261642456,2.0
14930,0.6209742426872253,2.0
14931,0.4180868864059448,2.0
14932,0.6759629249572754,3.0
14933,0.6754149794578552,3.0
14934,0.7873085737228394,3.0
14935,0.4710826277732849,2.0
14936,0.5513564348220825,2.0
14937,0.6034647822380066,2.0
14938,0.6911044716835022,3.0
14939,0.3857881724834442,2.0
14940,0.6654535531997681,3.0
14941,0.7184967398643494,3.0
14942,0.8068212866783142,3.0
14943,0.7774631381034851,3.0
14944,0.7145427465438843,3.0
14945,0.4077172577381134,2.0
14946,0.6392683982849121,3.0
14947,0.7826933860778809,3.0
14948,0.5861577391624451,2.0
14949,0.2937238812446594,1.0
14950,0.6931750178337097,3.0
14951,0.57682204246521,2.0
14952,0.33810076117515564,1.0
14953,0.6894294619560242,3.0
14954,0.6637961268424988,3.0
14955,0.4961075484752655,2.0
14956,0.9127097725868225,4.0
14957,0.2414211630821228,1.0
14958,0.40927761793136597,2.0
14959,0.5988929867744446,2.0
14960,0.7077900171279907,3.0
14961,0.6127800345420837,2.0
14962,0.6315682530403137,3.0
14963,0.7111673951148987,3.0
14964,0.55409836769104,2.0
14965,0.46619176864624023,2.0
14966,0.6146657466888428,2.0
14967,0.8142073154449463,3.0
14968,0.6145551800727844,2.0
14969,0.44907352328300476,2.0
14970,0.662784993648529,3.0
14971,0.7675195932388306,3.0
14972,0.7233600616455078,3.0
14973,0.5475983619689941,2.0
14974,0.500615119934082,2.0
14975,0.6359778642654419,3.0
14976,0.6745608448982239,3.0
14977,0.650804340839386,3.0
14978,0.8215063214302063,3.0
14979,0.301829993724823,1.0
14980,0.5623869299888611,2.0
14981,0.6082761883735657,2.0
14982,0.6965457201004028,3.0
14983,0.46463140845298767,2.0
14984,0.5602019429206848,2.0
14985,0.616117000579834,2.0
14986,0.5564320087432861,2.0
14987,0.7183782458305359,3.0
14988,0.7095391750335693,3.0
14989,0.6549980044364929,3.0
14990,0.7590999007225037,3.0
14991,0.628084659576416,3.0
14992,0.486337274312973,2.0
14993,0.48788318037986755,2.0
14994,0.9007083773612976,4.0
14995,0.7719594836235046,3.0
14996,0.5781605839729309,2.0
14997,0.35610660910606384,1.0
14998,0.6917805075645447,3.0
14999,0.6966761350631714,3.0
15000,0.8232067227363586,3.0
15001,0.7099169492721558,3.0
15002,0.5152394771575928,2.0
15003,0.5441111922264099,2.0
15004,0.7966728806495667,3.0
15005,0.5539715886116028,2.0
15006,0.665367841720581,3.0
15007,0.7004994750022888,3.0
15008,0.76137375831604,3.0
15009,0.8116826415061951,3.0
15010,0.30566349625587463,1.0
15011,0.7526265382766724,3.0
15012,0.5942308306694031,2.0
15013,0.2923435866832733,1.0
15014,0.5598575472831726,2.0
15015,0.5988443493843079,2.0
15016,0.26228851079940796,1.0
15017,0.11113423109054565,0.0
15018,0.4392858147621155,2.0
15019,0.7968019247055054,3.0
15020,0.5392313003540039,2.0
15021,0.753239631652832,3.0
15022,0.7172523736953735,3.0
15023,0.630345344543457,3.0
15024,0.5724049210548401,2.0
15025,0.36702466011047363,1.0
15026,0.7222775220870972,3.0
15027,0.6356350779533386,3.0
15028,0.49029970169067383,2.0
15029,0.7293897271156311,3.0
15030,0.6845580339431763,3.0
15031,0.7256583571434021,3.0
15032,0.6853750348091125,3.0
15033,0.651303231716156,3.0
15034,0.8571146726608276,3.0
15035,0.6511169075965881,3.0
15036,0.6272798180580139,3.0
15037,0.5760001540184021,2.0
15038,0.6085034012794495,2.0
15039,0.517791211605072,2.0
15040,0.6012082099914551,2.0
15041,0.425057053565979,2.0
15042,0.7797545194625854,3.0
15043,0.6869955062866211,3.0
15044,0.6813703179359436,3.0
15045,0.5098863244056702,2.0
15046,0.8321576714515686,3.0
15047,0.6532427668571472,3.0
15048,0.5912365317344666,2.0
15049,0.7043817639350891,3.0
15050,0.5792561173439026,2.0
15051,0.6142582297325134,2.0
15052,0.7511155605316162,3.0
15053,0.7947927713394165,3.0
15054,0.3817031979560852,2.0
15055,0.6192271113395691,2.0
15056,0.49944865703582764,2.0
15057,0.35004696249961853,1.0
15058,0.7516931295394897,3.0
15059,0.6286525130271912,3.0
15060,0.7006531357765198,3.0
15061,0.5402359962463379,2.0
15062,0.743992805480957,3.0
15063,0.804867684841156,3.0
15064,0.5552346110343933,2.0
15065,0.5636187791824341,2.0
15066,0.5542997717857361,2.0
15067,0.4120556712150574,2.0
15068,0.7850077748298645,3.0
15069,0.8528658747673035,3.0
15070,0.5432810187339783,2.0
15071,0.5398375391960144,2.0
15072,0.5793134570121765,2.0
15073,0.8180209994316101,3.0
15074,0.7334398031234741,3.0
15075,0.3826679289340973,2.0
15076,0.6918473839759827,3.0
15077,0.5765097737312317,2.0
15078,0.3382367789745331,1.0
15079,0.6350522041320801,3.0
15080,0.5011122226715088,2.0
15081,0.7061271667480469,3.0
15082,0.7452533841133118,3.0
15083,0.7975984811782837,3.0
15084,0.5041175484657288,2.0
15085,0.873660147190094,3.0
15086,0.3323075473308563,1.0
15087,0.570759117603302,2.0
15088,0.6360925436019897,3.0
15089,0.8204203844070435,3.0
15090,0.5541626811027527,2.0
15091,0.6553336977958679,3.0
15092,0.6258937120437622,3.0
15093,0.5732548236846924,2.0
15094,0.8075122833251953,3.0
15095,0.48220500349998474,2.0
15096,0.3252260982990265,1.0
15097,0.8231619596481323,3.0
15098,0.5800789594650269,2.0
15099,0.6690590977668762,3.0
15100,0.5889586210250854,2.0
15101,0.7551536560058594,3.0
15102,0.6472853422164917,3.0
15103,0.7795965671539307,3.0
15104,0.5558971166610718,2.0
15105,0.7668234705924988,3.0
15106,0.7737987041473389,3.0
15107,0.510016143321991,2.0
15108,0.6670088768005371,3.0
15109,0.5452815890312195,2.0
15110,0.5240277051925659,2.0
15111,0.6403484344482422,3.0
15112,0.4557379484176636,2.0
15113,0.19814829528331757,1.0
15114,0.37563538551330566,2.0
15115,0.6656501293182373,3.0
15116,0.5664562582969666,2.0
15117,0.46304652094841003,2.0
15118,0.5575264096260071,2.0
15119,0.5108209252357483,2.0
15120,0.48700982332229614,2.0
15121,0.66521155834198,3.0
15122,0.5783131718635559,2.0
15123,0.6716235876083374,3.0
15124,0.643211841583252,3.0
15125,0.6319783926010132,3.0
15126,0.21830052137374878,1.0
15127,0.8340891599655151,3.0
15128,0.608994722366333,2.0
15129,0.42092013359069824,2.0
15130,0.6344489455223083,3.0
15131,0.6153805255889893,2.0
15132,0.6662540435791016,3.0
15133,0.6160886883735657,2.0
15134,0.34515124559402466,1.0
15135,0.5982633829116821,2.0
15136,0.6452204585075378,3.0
15137,0.861570417881012,3.0
15138,0.7413057088851929,3.0
15139,0.6860923171043396,3.0
15140,0.339824914932251,1.0
15141,0.28775301575660706,1.0
15142,0.6275449395179749,3.0
15143,0.36807554960250854,1.0
15144,0.6072625517845154,2.0
15145,0.7931991815567017,3.0
15146,0.5399178266525269,2.0
15147,0.6789262890815735,3.0
15148,0.5313088297843933,2.0
15149,0.44615769386291504,2.0
15150,0.629181444644928,3.0
15151,0.9582038521766663,4.0
15152,0.6401748657226562,3.0
15153,0.6765555739402771,3.0
15154,0.6708800196647644,3.0
15155,0.719563901424408,3.0
15156,0.5759448409080505,2.0
15157,0.7420873045921326,3.0
15158,0.7192941904067993,3.0
15159,0.8031116724014282,3.0
15160,0.5795383453369141,2.0
15161,0.7570313215255737,3.0
15162,0.7669634819030762,3.0
15163,0.5575659275054932,2.0
15164,0.6470597386360168,3.0
15165,0.5228455066680908,2.0
15166,0.8127507567405701,3.0
15167,0.7809715867042542,3.0
15168,0.8167373538017273,3.0
15169,0.8540046215057373,3.0
15170,0.6400551795959473,3.0
15171,0.6578773856163025,3.0
15172,0.7305992841720581,3.0
15173,0.7157517075538635,3.0
15174,0.7439101338386536,3.0
15175,0.7888525128364563,3.0
15176,0.8300424218177795,3.0
15177,0.6560840606689453,3.0
15178,0.49372708797454834,2.0
15179,0.7692610025405884,3.0
15180,0.7942256331443787,3.0
15181,0.7838211059570312,3.0
15182,0.8185049295425415,3.0
15183,0.5448220372200012,2.0
15184,0.6539223194122314,3.0
15185,0.4014360308647156,2.0
15186,0.7358312010765076,3.0
15187,0.6391112208366394,3.0
15188,0.2754066288471222,1.0
15189,0.7243329286575317,3.0
15190,0.7322379946708679,3.0
15191,0.6469504833221436,3.0
15192,0.582127571105957,2.0
15193,0.2730109691619873,1.0
15194,0.39109405875205994,2.0
15195,0.5399942994117737,2.0
15196,0.620343804359436,2.0
15197,0.639866054058075,3.0
15198,0.6130785346031189,2.0
15199,0.6902299523353577,3.0
15200,0.700342059135437,3.0
15201,0.38433316349983215,2.0
15202,0.5039536356925964,2.0
15203,0.8947991728782654,4.0
15204,0.45608195662498474,2.0
15205,0.6815879344940186,3.0
15206,0.4614619314670563,2.0
15207,0.48921045660972595,2.0
15208,0.6805777549743652,3.0
15209,0.6536487936973572,3.0
15210,0.5506222248077393,2.0
15211,0.7929396033287048,3.0
15212,0.36614176630973816,1.0
15213,0.6028404831886292,2.0
15214,0.5050016045570374,2.0
15215,0.7982379198074341,3.0
15216,0.5308513641357422,2.0
15217,0.33265557885169983,1.0
15218,0.4890033006668091,2.0
15219,0.5299468636512756,2.0
15220,0.7181035280227661,3.0
15221,0.4356291890144348,2.0
15222,0.7914426326751709,3.0
15223,0.6710473895072937,3.0
15224,0.5944008827209473,2.0
15225,0.8510976433753967,3.0
15226,0.7184051871299744,3.0
15227,0.6150983572006226,2.0
15228,0.8012508153915405,3.0
15229,0.3997345566749573,2.0
15230,0.6887486577033997,3.0
15231,0.6216394901275635,2.0
15232,0.5765687227249146,2.0
15233,0.7285379767417908,3.0
15234,0.8048349022865295,3.0
15235,0.533081591129303,2.0
15236,0.6045820116996765,2.0
15237,0.5744510293006897,2.0
15238,0.22025437653064728,1.0
15239,0.7211171388626099,3.0
15240,0.30872297286987305,1.0
15241,0.7194194197654724,3.0
15242,0.8291217684745789,3.0
15243,0.7026570439338684,3.0
15244,0.7047737240791321,3.0
15245,0.3696315586566925,1.0
15246,0.7331258058547974,3.0
15247,0.6016222238540649,2.0
15248,0.6628549695014954,3.0
15249,0.7986934185028076,3.0
15250,0.7121595144271851,3.0
15251,0.6239508986473083,2.0
15252,0.6037304997444153,2.0
15253,0.6454493999481201,3.0
15254,0.41367578506469727,2.0
15255,0.44182464480400085,2.0
15256,0.8229377865791321,3.0
15257,0.5867534279823303,2.0
15258,0.4663504958152771,2.0
15259,0.7777966260910034,3.0
15260,0.44144946336746216,2.0
15261,0.551539421081543,2.0
15262,0.543228268623352,2.0
15263,0.5885918736457825,2.0
15264,0.6787680983543396,3.0
15265,0.6841777563095093,3.0
15266,0.5637989640235901,2.0
15267,0.8431323766708374,3.0
15268,0.23271523416042328,1.0
15269,0.3811945915222168,2.0
15270,0.527923047542572,2.0
15271,0.47976627945899963,2.0
15272,0.5277654528617859,2.0
15273,0.8323549628257751,3.0
15274,0.605591893196106,2.0
15275,0.5789791941642761,2.0
15276,0.7713791131973267,3.0
15277,0.773858368396759,3.0
15278,0.3745051622390747,1.0
15279,0.6129703521728516,2.0
15280,0.5932967662811279,2.0
15281,0.5733000040054321,2.0
15282,0.7193772792816162,3.0
15283,0.5536812543869019,2.0
15284,0.6909237504005432,3.0
15285,0.8283050656318665,3.0
15286,0.5413259863853455,2.0
15287,0.6849097013473511,3.0
15288,0.39326778054237366,2.0
15289,0.6938151121139526,3.0
15290,0.4064570367336273,2.0
15291,0.7379857897758484,3.0
15292,0.37988054752349854,2.0
15293,0.5755230784416199,2.0
15294,0.5855950713157654,2.0
15295,0.6283640265464783,3.0
15296,0.7682525515556335,3.0
15297,0.5322310924530029,2.0
15298,0.4791584610939026,2.0
15299,0.3961142301559448,2.0
15300,0.8906475901603699,4.0
15301,0.6622979044914246,3.0
15302,0.7467169165611267,3.0
15303,0.7202951908111572,3.0
15304,0.5275047421455383,2.0
15305,0.6821045875549316,3.0
15306,0.7420039176940918,3.0
15307,0.5453454256057739,2.0
15308,0.8783438205718994,4.0
15309,0.6583048105239868,3.0
15310,0.7425586581230164,3.0
15311,0.5037779211997986,2.0
15312,0.7378949522972107,3.0
15313,0.7458663582801819,3.0
15314,0.548274576663971,2.0
15315,0.8165769577026367,3.0
15316,0.6673417091369629,3.0
15317,0.6537677645683289,3.0
15318,0.9217476844787598,4.0
15319,0.23463298380374908,1.0
15320,0.7734320759773254,3.0
15321,0.8347008228302002,3.0
15322,0.7699011564254761,3.0
15323,0.6517148017883301,3.0
15324,0.4106290638446808,2.0
15325,0.5114424824714661,2.0
15326,0.7321586608886719,3.0
15327,0.7344772815704346,3.0
15328,0.6040432453155518,2.0
15329,0.6140099763870239,2.0
15330,0.7649046182632446,3.0
15331,0.7560460567474365,3.0
15332,0.585939347743988,2.0
15333,0.7429806590080261,3.0
15334,0.7845827341079712,3.0
15335,0.5761285424232483,2.0
15336,0.5869865417480469,2.0
15337,0.776935338973999,3.0
15338,0.40606895089149475,2.0
15339,0.5657727718353271,2.0
15340,0.6091824769973755,2.0
15341,0.7122937440872192,3.0
15342,0.6217228770256042,2.0
15343,0.3642788827419281,1.0
15344,0.7573606371879578,3.0
15345,0.6832335591316223,3.0
15346,0.6477806568145752,3.0
15347,0.6751589179039001,3.0
15348,0.6920404434204102,3.0
15349,0.6381903886795044,3.0
15350,0.5427454710006714,2.0
15351,0.7906433343887329,3.0
15352,0.667677640914917,3.0
15353,0.772590160369873,3.0
15354,0.7742984890937805,3.0
15355,0.5228093862533569,2.0
15356,0.5763460397720337,2.0
15357,0.6127049326896667,2.0
15358,0.6571643352508545,3.0
15359,0.6009774804115295,2.0
15360,0.7269173264503479,3.0
15361,0.604367196559906,2.0
15362,0.4218345582485199,2.0
15363,0.3675711750984192,1.0
15364,0.6334991455078125,3.0
15365,0.6897873282432556,3.0
15366,0.6313982009887695,3.0
15367,0.6137976050376892,2.0
15368,0.5843138098716736,2.0
15369,0.7409064769744873,3.0
15370,0.5596996545791626,2.0
15371,0.2675555646419525,1.0
15372,0.7899587154388428,3.0
15373,0.7976729273796082,3.0
15374,0.5661357045173645,2.0
15375,0.6352900266647339,3.0
15376,0.7234020233154297,3.0
15377,0.4359894394874573,2.0
15378,0.5717678070068359,2.0
15379,0.7435308694839478,3.0
15380,0.5924845337867737,2.0
15381,0.5071482062339783,2.0
15382,0.7998653650283813,3.0
15383,0.7318639755249023,3.0
15384,0.7344900965690613,3.0
15385,0.7281341552734375,3.0
15386,0.2143520712852478,1.0
15387,0.6038904786109924,2.0
15388,0.5683261156082153,2.0
15389,0.778986394405365,3.0
15390,0.3580973446369171,1.0
15391,0.6526510119438171,3.0
15392,0.5999082922935486,2.0
15393,0.5641648173332214,2.0
15394,0.8093113303184509,3.0
15395,0.6108776926994324,2.0
15396,0.8397781848907471,3.0
15397,0.7735481262207031,3.0
15398,0.7770477533340454,3.0
15399,0.5836009383201599,2.0
15400,0.6017957329750061,2.0
15401,0.4862144887447357,2.0
15402,0.4958307147026062,2.0
15403,0.438746839761734,2.0
15404,0.7788877487182617,3.0
15405,0.4490099251270294,2.0
15406,0.44028913974761963,2.0
15407,0.5391860604286194,2.0
15408,0.8105798959732056,3.0
15409,0.7273236513137817,3.0
15410,0.45956313610076904,2.0
15411,0.8019163608551025,3.0
15412,0.49635711312294006,2.0
15413,0.4946121871471405,2.0
15414,0.36057305335998535,1.0
15415,0.784157931804657,3.0
15416,0.8633046746253967,3.0
15417,0.7496258616447449,3.0
15418,0.6600713729858398,3.0
15419,0.7939947247505188,3.0
15420,0.6456741690635681,3.0
15421,0.6800453066825867,3.0
15422,0.6089699864387512,2.0
15423,0.6308721303939819,3.0
15424,0.5080959796905518,2.0
15425,0.5706328749656677,2.0
15426,0.20061081647872925,1.0
15427,0.6593651175498962,3.0
15428,0.6822012662887573,3.0
15429,0.5822114944458008,2.0
15430,0.8418232798576355,3.0
15431,0.5396377444267273,2.0
15432,0.8224940896034241,3.0
15433,0.7450127601623535,3.0
15434,0.34446096420288086,1.0
15435,0.7836913466453552,3.0
15436,0.8365312814712524,3.0
15437,0.6471861004829407,3.0
15438,0.7548425793647766,3.0
15439,0.4720357656478882,2.0
15440,0.6680541038513184,3.0
15441,0.3397005796432495,1.0
15442,0.7506867051124573,3.0
15443,0.5778632760047913,2.0
15444,0.6825429797172546,3.0
15445,0.5002111196517944,2.0
15446,0.6910959482192993,3.0
15447,0.7202551364898682,3.0
15448,0.8009766340255737,3.0
15449,0.5537392497062683,2.0
15450,0.8992725014686584,4.0
15451,0.6335622668266296,3.0
15452,0.4836491346359253,2.0
15453,0.6995533108711243,3.0
15454,0.7645120620727539,3.0
15455,0.6276394724845886,3.0
15456,0.6482686400413513,3.0
15457,0.8947588205337524,4.0
15458,0.5917196273803711,2.0
15459,0.7628058791160583,3.0
15460,0.6479465365409851,3.0
15461,0.6988651752471924,3.0
15462,0.7964244484901428,3.0
15463,0.46097031235694885,2.0
15464,0.7797090411186218,3.0
15465,0.8447631001472473,3.0
15466,0.7836280465126038,3.0
15467,0.853521466255188,3.0
15468,0.4512670636177063,2.0
15469,0.6759625673294067,3.0
15470,0.7744796872138977,3.0
15471,0.757601261138916,3.0
15472,0.44596466422080994,2.0
15473,0.6031599044799805,2.0
15474,0.760667085647583,3.0
15475,0.6201947927474976,2.0
15476,0.7427038550376892,3.0
15477,0.726100742816925,3.0
15478,0.7338280081748962,3.0
15479,0.47348442673683167,2.0
15480,0.3769755959510803,2.0
15481,0.6800407767295837,3.0
15482,0.3483711779117584,1.0
15483,0.46449345350265503,2.0
15484,0.7697238326072693,3.0
15485,0.5030890703201294,2.0
15486,0.6406275033950806,3.0
15487,0.22926370799541473,1.0
15488,0.4695892035961151,2.0
15489,0.6427022814750671,3.0
15490,0.4169057309627533,2.0
15491,0.7071421146392822,3.0
15492,0.659607470035553,3.0
15493,0.6384750008583069,3.0
15494,0.8520114421844482,3.0
15495,0.8345638513565063,3.0
15496,0.48771747946739197,2.0
15497,0.6969563961029053,3.0
15498,0.6779282689094543,3.0
15499,0.7706244587898254,3.0
15500,0.584094226360321,2.0
15501,0.5282834768295288,2.0
15502,0.6165683269500732,2.0
15503,0.6323298811912537,3.0
15504,0.2883097529411316,1.0
15505,0.4392017126083374,2.0
15506,0.7671705484390259,3.0
15507,0.6535308361053467,3.0
15508,0.8863646388053894,4.0
15509,0.7797492742538452,3.0
15510,0.7215220928192139,3.0
15511,0.6447616219520569,3.0
15512,0.8585240840911865,3.0
15513,0.4774841070175171,2.0
15514,0.44614437222480774,2.0
15515,0.731355607509613,3.0
15516,0.6908596158027649,3.0
15517,0.5339508056640625,2.0
15518,0.7951430678367615,3.0
15519,0.7273380756378174,3.0
15520,0.656213104724884,3.0
15521,0.7717511653900146,3.0
15522,0.6687177419662476,3.0
15523,0.8442361950874329,3.0
15524,0.604536235332489,2.0
15525,0.6116172075271606,2.0
15526,0.7436593174934387,3.0
15527,0.5166953802108765,2.0
15528,0.6089632511138916,2.0
15529,0.542543351650238,2.0
15530,0.9361314177513123,4.0
15531,0.5502759218215942,2.0
15532,0.311268150806427,1.0
15533,0.7638508677482605,3.0
15534,0.7495423555374146,3.0
15535,0.7792500257492065,3.0
15536,0.37908294796943665,2.0
15537,0.5310952067375183,2.0
15538,0.5754895806312561,2.0
15539,0.6278157830238342,3.0
15540,0.5127270817756653,2.0
15541,0.5207206010818481,2.0
15542,0.730940580368042,3.0
15543,0.6428622603416443,3.0
15544,0.6543099284172058,3.0
15545,0.6643133759498596,3.0
15546,0.7390862107276917,3.0
15547,0.7082901000976562,3.0
15548,0.5825052857398987,2.0
15549,0.8311560750007629,3.0
15550,0.6372885704040527,3.0
15551,0.554322361946106,2.0
15552,0.5625008940696716,2.0
15553,0.5085368752479553,2.0
15554,0.6562635898590088,3.0
15555,0.7342631220817566,3.0
15556,0.6369867920875549,3.0
15557,0.7720726132392883,3.0
15558,0.6534246206283569,3.0
15559,0.45716148614883423,2.0
15560,0.7631610035896301,3.0
15561,0.878722071647644,4.0
15562,0.6871296763420105,3.0
15563,0.40677884221076965,2.0
15564,0.62046217918396,2.0
15565,0.6629289388656616,3.0
15566,0.7428001761436462,3.0
15567,0.5249860286712646,2.0
15568,0.5846858620643616,2.0
15569,0.3537614643573761,1.0
15570,0.45374828577041626,2.0
15571,0.373216837644577,1.0
15572,0.7298163175582886,3.0
15573,0.6685320138931274,3.0
15574,0.8549080491065979,3.0
15575,0.7626934051513672,3.0
15576,0.6959583163261414,3.0
15577,0.6585201621055603,3.0
15578,0.832604169845581,3.0
15579,0.5017079710960388,2.0
15580,0.5099066495895386,2.0
15581,0.5697318911552429,2.0
15582,0.724114179611206,3.0
15583,0.6560243368148804,3.0
15584,0.8812147378921509,4.0
15585,0.48738402128219604,2.0
15586,0.7874254584312439,3.0
15587,0.6545132398605347,3.0
15588,0.4626818597316742,2.0
15589,0.5594483613967896,2.0
15590,0.6489527821540833,3.0
15591,0.41443005204200745,2.0
15592,0.7594363689422607,3.0
15593,0.6401581168174744,3.0
15594,0.4549393653869629,2.0
15595,0.6842232942581177,3.0
15596,0.6162683367729187,2.0
15597,0.7304322123527527,3.0
15598,0.6054361462593079,2.0
15599,0.6310916543006897,3.0
15600,0.5200350284576416,2.0
15601,0.6257975101470947,3.0
15602,0.6127392053604126,2.0
15603,0.7310380935668945,3.0
15604,0.3418351411819458,1.0
15605,0.6467498540878296,3.0
15606,0.7421680688858032,3.0
15607,0.7328386306762695,3.0
15608,0.5864742994308472,2.0
15609,0.5017575025558472,2.0
15610,0.8166871070861816,3.0
15611,0.7566726207733154,3.0
15612,0.688149094581604,3.0
15613,0.7364209890365601,3.0
15614,0.8029985427856445,3.0
15615,0.7426219582557678,3.0
15616,0.5130335688591003,2.0
15617,0.7587623596191406,3.0
15618,0.6811582446098328,3.0
15619,0.6542780995368958,3.0
15620,0.6240420341491699,2.0
15621,0.7504302263259888,3.0
15622,0.7526860237121582,3.0
15623,0.5520150661468506,2.0
15624,0.8561047315597534,3.0
15625,0.5275962352752686,2.0
15626,0.602749228477478,2.0
15627,0.4929153025150299,2.0
15628,0.4659152925014496,2.0
15629,0.7502245903015137,3.0
15630,0.4429819881916046,2.0
15631,0.7860906720161438,3.0
15632,0.4478215277194977,2.0
15633,0.6380540728569031,3.0
15634,0.6927075982093811,3.0
15635,0.783081591129303,3.0
15636,0.5344489216804504,2.0
15637,0.5627624988555908,2.0
15638,0.3536610007286072,1.0
15639,0.5731711387634277,2.0
15640,0.6791061758995056,3.0
15641,0.8153163194656372,3.0
15642,0.7490291595458984,3.0
15643,0.6480828523635864,3.0
15644,0.6288591027259827,3.0
15645,0.6885096430778503,3.0
15646,0.6081410646438599,2.0
15647,0.6395905017852783,3.0
15648,0.6025042533874512,2.0
15649,0.3166812062263489,1.0
15650,0.5936833620071411,2.0
15651,0.6470457911491394,3.0
15652,0.8801393508911133,4.0
15653,0.8198176622390747,3.0
15654,0.6319294571876526,3.0
15655,0.7671484351158142,3.0
15656,0.7398366332054138,3.0
15657,0.48606887459754944,2.0
15658,0.7521310448646545,3.0
15659,0.5905551910400391,2.0
15660,0.5457868576049805,2.0
15661,0.33769306540489197,1.0
15662,0.661800742149353,3.0
15663,0.26347067952156067,1.0
15664,0.8038368225097656,3.0
15665,0.82499760389328,3.0
15666,0.4902704656124115,2.0
15667,0.8555907011032104,3.0
15668,0.5174649357795715,2.0
15669,0.5934093594551086,2.0
15670,0.5009667277336121,2.0
15671,0.5904696583747864,2.0
15672,0.40235215425491333,2.0
15673,0.4765268862247467,2.0
15674,0.7878019213676453,3.0
15675,0.6525704860687256,3.0
15676,0.803577721118927,3.0
15677,0.7502887845039368,3.0
15678,0.41337862610816956,2.0
15679,0.5660601258277893,2.0
15680,0.6277889013290405,3.0
15681,0.7399356365203857,3.0
15682,0.7815369367599487,3.0
15683,0.5494366884231567,2.0
15684,0.5880836844444275,2.0
15685,0.5741987824440002,2.0
15686,0.5617806315422058,2.0
15687,0.5043177008628845,2.0
15688,0.6316124796867371,3.0
15689,0.8062320947647095,3.0
15690,0.43808841705322266,2.0
15691,0.29085496068000793,1.0
15692,0.7236377000808716,3.0
15693,0.5643253326416016,2.0
15694,0.4854797124862671,2.0
15695,0.6529595851898193,3.0
15696,0.4717533588409424,2.0
15697,0.645114004611969,3.0
15698,0.6387569308280945,3.0
15699,0.8690709471702576,3.0
15700,0.7897722721099854,3.0
15701,0.4320695996284485,2.0
15702,0.7163635492324829,3.0
15703,0.7303823232650757,3.0
15704,0.4344744384288788,2.0
15705,0.8620302081108093,3.0
15706,0.7516085505485535,3.0
15707,0.7602234482765198,3.0
15708,0.8282687067985535,3.0
15709,0.6673363447189331,3.0
15710,0.45621225237846375,2.0
15711,0.6287724375724792,3.0
15712,0.5970594882965088,2.0
15713,0.7884702682495117,3.0
15714,0.7501217722892761,3.0
15715,0.7161491513252258,3.0
15716,0.4490916430950165,2.0
15717,0.5158464908599854,2.0
15718,0.7082259058952332,3.0
15719,0.5822722911834717,2.0
15720,0.4315514862537384,2.0
15721,0.6873553991317749,3.0
15722,0.8526642322540283,3.0
15723,0.48258504271507263,2.0
15724,0.680009663105011,3.0
15725,0.4387282133102417,2.0
15726,0.5404303073883057,2.0
15727,0.5567363500595093,2.0
15728,0.3488878011703491,1.0
15729,0.7542407512664795,3.0
15730,0.49958568811416626,2.0
15731,0.7077980637550354,3.0
15732,0.5617707371711731,2.0
15733,0.3272942304611206,1.0
15734,0.5684686899185181,2.0
15735,0.3805752992630005,2.0
15736,0.7588496804237366,3.0
15737,0.6489520072937012,3.0
15738,0.4151633381843567,2.0
15739,0.7301698327064514,3.0
15740,0.5442030429840088,2.0
15741,0.5562060475349426,2.0
15742,0.7135385274887085,3.0
15743,0.4885205924510956,2.0
15744,0.5787148475646973,2.0
15745,0.727223813533783,3.0
15746,0.6940004229545593,3.0
15747,0.7214223146438599,3.0
15748,0.42314791679382324,2.0
15749,0.2564031481742859,1.0
15750,0.3256317675113678,1.0
15751,0.675512969493866,3.0
15752,0.7995904088020325,3.0
15753,0.2523469030857086,1.0
15754,0.7365598678588867,3.0
15755,0.3640522062778473,1.0
15756,0.5883112549781799,2.0
15757,0.634941041469574,3.0
15758,0.6463768482208252,3.0
15759,0.5188413858413696,2.0
15760,0.6051549315452576,2.0
15761,0.8888023495674133,4.0
15762,0.5278828740119934,2.0
15763,0.7210700511932373,3.0
15764,0.6652404069900513,3.0
15765,0.7054672837257385,3.0
15766,0.6256867051124573,3.0
15767,0.8897252082824707,4.0
15768,0.4472408592700958,2.0
15769,0.4828222692012787,2.0
15770,0.6940692663192749,3.0
15771,0.7311800718307495,3.0
15772,0.7497277855873108,3.0
15773,0.7154861092567444,3.0
15774,0.7558754682540894,3.0
15775,0.7379240393638611,3.0
15776,0.8225530982017517,3.0
15777,0.5857084393501282,2.0
15778,0.4075232744216919,2.0
15779,0.5223821997642517,2.0
15780,0.8506360054016113,3.0
15781,0.834729790687561,3.0
15782,0.6956408023834229,3.0
15783,0.7355895042419434,3.0
15784,0.625277578830719,3.0
15785,0.71393883228302,3.0
15786,0.6923908591270447,3.0
15787,0.7676546573638916,3.0
15788,0.8599201440811157,3.0
15789,0.6527295708656311,3.0
15790,0.7196726202964783,3.0
15791,0.5914912223815918,2.0
15792,0.5348612666130066,2.0
15793,0.4694525897502899,2.0
15794,0.7724750638008118,3.0
15795,0.6116829514503479,2.0
15796,0.7408546209335327,3.0
15797,0.35571175813674927,1.0
15798,0.5130090117454529,2.0
15799,0.5219253301620483,2.0
15800,0.7626441717147827,3.0
15801,0.5432784557342529,2.0
15802,0.552989661693573,2.0
15803,0.554504930973053,2.0
15804,0.6597110033035278,3.0
15805,0.7379693388938904,3.0
15806,0.6004589200019836,2.0
15807,0.4261113107204437,2.0
15808,0.5872905850410461,2.0
15809,0.6110875606536865,2.0
15810,0.45829710364341736,2.0
15811,0.4078423082828522,2.0
15812,0.5216060280799866,2.0
15813,0.6674259305000305,3.0
15814,0.7533515095710754,3.0
15815,0.6193000674247742,2.0
15816,0.6453009843826294,3.0
15817,0.6327003240585327,3.0
15818,0.5720990896224976,2.0
15819,0.714463472366333,3.0
15820,0.7048835754394531,3.0
15821,0.8291594386100769,3.0
15822,0.5788026452064514,2.0
15823,0.2752074897289276,1.0
15824,0.9068942070007324,4.0
15825,0.6372824311256409,3.0
15826,0.6152406334877014,2.0
15827,0.8072787523269653,3.0
15828,0.621107280254364,2.0
15829,0.5271363258361816,2.0
15830,0.6279745101928711,3.0
15831,0.24243921041488647,1.0
15832,0.47395074367523193,2.0
15833,0.46489787101745605,2.0
15834,0.9217694401741028,4.0
15835,0.8101181387901306,3.0
15836,0.5839725732803345,2.0
15837,0.6425348520278931,3.0
15838,0.6481998562812805,3.0
15839,0.5628854036331177,2.0
15840,0.9347373843193054,4.0
15841,0.5573940873146057,2.0
15842,0.46855083107948303,2.0
15843,0.8407255411148071,3.0
15844,0.5389429926872253,2.0
15845,0.5485827922821045,2.0
15846,0.81578129529953,3.0
15847,0.4455234110355377,2.0
15848,0.8621295690536499,3.0
15849,0.4343956708908081,2.0
15850,0.3046436905860901,1.0
15851,0.39832067489624023,2.0
15852,0.7595255970954895,3.0
15853,0.47652289271354675,2.0
15854,0.8204975724220276,3.0
15855,0.776448667049408,3.0
15856,0.6829712390899658,3.0
15857,0.7794929146766663,3.0
15858,0.6552736163139343,3.0
15859,0.44796156883239746,2.0
15860,0.5755720734596252,2.0
15861,0.7791943550109863,3.0
15862,0.4897717535495758,2.0
15863,0.6911975145339966,3.0
15864,0.7588067054748535,3.0
15865,0.5079333186149597,2.0
15866,0.7369768619537354,3.0
15867,0.5749309062957764,2.0
15868,0.6542655229568481,3.0
15869,0.6081069111824036,2.0
15870,0.703265905380249,3.0
15871,0.665901780128479,3.0
15872,0.4239780604839325,2.0
15873,0.4964129328727722,2.0
15874,0.5821858644485474,2.0
15875,0.3490615487098694,1.0
15876,0.6917795538902283,3.0
15877,0.7064414024353027,3.0
15878,0.3473001718521118,1.0
15879,0.7542474269866943,3.0
15880,0.6898024678230286,3.0
15881,0.6505963206291199,3.0
15882,0.6829623579978943,3.0
15883,0.6476565599441528,3.0
15884,0.3552093207836151,1.0
15885,0.7637584209442139,3.0
15886,0.6985988020896912,3.0
15887,0.6539955735206604,3.0
15888,0.7739232778549194,3.0
15889,0.2623426020145416,1.0
15890,0.640897274017334,3.0
15891,0.7864824533462524,3.0
15892,0.6616644859313965,3.0
15893,0.6506257057189941,3.0
15894,0.467664897441864,2.0
15895,0.8104370832443237,3.0
15896,0.657332718372345,3.0
15897,0.7178539037704468,3.0
15898,0.6984578967094421,3.0
15899,0.5626640915870667,2.0
15900,0.5497666597366333,2.0
15901,0.6052559614181519,2.0
15902,0.8430194854736328,3.0
15903,0.6915444731712341,3.0
15904,0.5504699945449829,2.0
15905,0.6990101337432861,3.0
15906,0.6642894744873047,3.0
15907,0.5173495411872864,2.0
15908,0.6912589073181152,3.0
15909,0.5839852094650269,2.0
15910,0.7445299029350281,3.0
15911,0.2888966500759125,1.0
15912,0.5647280812263489,2.0
15913,0.32082223892211914,1.0
15914,0.5470438599586487,2.0
15915,0.7251817584037781,3.0
15916,0.7128867506980896,3.0
15917,0.4425787329673767,2.0
15918,0.8743739128112793,3.0
15919,0.457345575094223,2.0
15920,0.6268243193626404,3.0
15921,0.6663075685501099,3.0
15922,0.7709075212478638,3.0
15923,0.6938081383705139,3.0
15924,0.7283365726470947,3.0
15925,0.7067995667457581,3.0
15926,0.47641757130622864,2.0
15927,0.7313585877418518,3.0
15928,0.516804039478302,2.0
15929,0.3695525825023651,1.0
15930,0.7093361616134644,3.0
15931,0.7065531611442566,3.0
15932,0.6803868412971497,3.0
15933,0.6198030710220337,2.0
15934,0.5084543228149414,2.0
15935,0.5542076826095581,2.0
15936,0.7798700928688049,3.0
15937,0.8655323386192322,3.0
15938,0.8685881495475769,3.0
15939,0.3907948434352875,2.0
15940,0.6403456926345825,3.0
15941,0.3017338514328003,1.0
15942,0.7688104510307312,3.0
15943,0.666161060333252,3.0
15944,0.8891035914421082,4.0
15945,0.7234249114990234,3.0
15946,0.745758593082428,3.0
15947,0.3396465480327606,1.0
15948,0.8760428428649902,4.0
15949,0.4974900782108307,2.0
15950,0.6174322962760925,2.0
15951,0.6967793107032776,3.0
15952,0.7220287919044495,3.0
15953,0.4493027329444885,2.0
15954,0.6265549063682556,3.0
15955,0.6876830458641052,3.0
15956,0.6073408126831055,2.0
15957,0.6906009316444397,3.0
15958,0.39576107263565063,2.0
15959,0.9448198676109314,4.0
15960,0.2751396596431732,1.0
15961,0.5513682961463928,2.0
15962,0.7348253726959229,3.0
15963,0.594456136226654,2.0
15964,0.6040515899658203,2.0
15965,0.7877365946769714,3.0
15966,0.5203911662101746,2.0
15967,0.6361271142959595,3.0
15968,0.5422469973564148,2.0
15969,0.7183165550231934,3.0
15970,0.6901841759681702,3.0
15971,0.7862374782562256,3.0
15972,0.5845040678977966,2.0
15973,0.4715692698955536,2.0
15974,0.7927213311195374,3.0
15975,0.7790071368217468,3.0
15976,0.6371144652366638,3.0
15977,0.6035050749778748,2.0
15978,0.7575358152389526,3.0
15979,0.3327518701553345,1.0
15980,0.6553604006767273,3.0
15981,0.7211126685142517,3.0
15982,0.7924672961235046,3.0
15983,0.6719021797180176,3.0
15984,0.6151536703109741,2.0
15985,0.5587952733039856,2.0
15986,0.48203757405281067,2.0
15987,0.7233772873878479,3.0
15988,0.6406152248382568,3.0
15989,0.48672500252723694,2.0
15990,0.38657256960868835,2.0
15991,0.5858172178268433,2.0
15992,0.5291263461112976,2.0
15993,0.6162108778953552,2.0
15994,0.715508222579956,3.0
15995,0.726395308971405,3.0
15996,0.5413873791694641,2.0
15997,0.6015139818191528,2.0
15998,0.8068059086799622,3.0
15999,0.6453211903572083,3.0
16000,0.8449752330780029,3.0
16001,0.727972149848938,3.0
16002,0.4902566075325012,2.0
16003,0.6419926285743713,3.0
16004,0.9170830249786377,4.0
16005,0.5665975213050842,2.0
16006,0.6457854509353638,3.0
16007,0.823882520198822,3.0
16008,0.6223806142807007,2.0
16009,0.7346561551094055,3.0
16010,0.7429754137992859,3.0
16011,0.4772126376628876,2.0
16012,0.7901223301887512,3.0
16013,0.48142868280410767,2.0
16014,0.3805650472640991,2.0
16015,0.5957949757575989,2.0
16016,0.24509428441524506,1.0
16017,0.7012258768081665,3.0
16018,0.5251360535621643,2.0
16019,0.5152943134307861,2.0
16020,0.6626049876213074,3.0
16021,0.7929190397262573,3.0
16022,0.33245059847831726,1.0
16023,0.630168080329895,3.0
16024,0.7108684182167053,3.0
16025,0.7747492790222168,3.0
16026,0.5988794565200806,2.0
16027,0.6555202007293701,3.0
16028,0.43086540699005127,2.0
16029,0.8729893565177917,3.0
16030,0.28982749581336975,1.0
16031,0.3876585364341736,2.0
16032,0.7542949914932251,3.0
16033,0.7919521331787109,3.0
16034,0.764441967010498,3.0
16035,0.7764325141906738,3.0
16036,0.5416365265846252,2.0
16037,0.46018779277801514,2.0
16038,0.49543502926826477,2.0
16039,0.5099790692329407,2.0
16040,0.8517502546310425,3.0
16041,0.4745170772075653,2.0
16042,0.5199317336082458,2.0
16043,0.7058987021446228,3.0
16044,0.6631909608840942,3.0
16045,0.8545947670936584,3.0
16046,0.6473226547241211,3.0
16047,0.7343623638153076,3.0
16048,0.7887371778488159,3.0
16049,0.8773730993270874,4.0
16050,0.7600052952766418,3.0
16051,0.679757297039032,3.0
16052,0.23701094090938568,1.0
16053,0.7857009768486023,3.0
16054,0.8598603010177612,3.0
16055,0.6301945447921753,3.0
16056,0.6465112566947937,3.0
16057,0.7557855248451233,3.0
16058,0.6261906623840332,3.0
16059,0.2927478849887848,1.0
16060,0.6199808716773987,2.0
16061,0.35177257657051086,1.0
16062,0.7260929346084595,3.0
16063,0.40096795558929443,2.0
16064,0.5622450709342957,2.0
16065,0.7484583854675293,3.0
16066,0.6355586051940918,3.0
16067,0.657242476940155,3.0
16068,0.7857356667518616,3.0
16069,0.3501070737838745,1.0
16070,0.7960080504417419,3.0
16071,0.5763418078422546,2.0
16072,0.7078353762626648,3.0
16073,0.638992965221405,3.0
16074,0.49303093552589417,2.0
16075,0.8645192980766296,3.0
16076,0.6495704054832458,3.0
16077,0.7571335434913635,3.0
16078,0.33626919984817505,1.0
16079,0.5253334045410156,2.0
16080,0.6908090710639954,3.0
16081,0.7798693180084229,3.0
16082,0.6967910528182983,3.0
16083,0.8432354927062988,3.0
16084,0.7373643517494202,3.0
16085,0.8438464999198914,3.0
16086,0.5272155404090881,2.0
16087,0.8219108581542969,3.0
16088,0.5572813749313354,2.0
16089,0.5840833187103271,2.0
16090,0.7282370924949646,3.0
16091,0.7153635621070862,3.0
16092,0.7568846940994263,3.0
16093,0.6910146474838257,3.0
16094,0.6297529935836792,3.0
16095,0.701744794845581,3.0
16096,0.7340505719184875,3.0
16097,0.6811277866363525,3.0
16098,0.5966237187385559,2.0
16099,0.40410175919532776,2.0
16100,0.6239326000213623,2.0
16101,0.6318743824958801,3.0
16102,0.5863634347915649,2.0
16103,0.18660524487495422,1.0
16104,0.7156857252120972,3.0
16105,0.8345060348510742,3.0
16106,0.666699230670929,3.0
16107,0.6895966529846191,3.0
16108,0.5499099493026733,2.0
16109,0.6979336142539978,3.0
16110,0.3442351222038269,1.0
16111,0.6485753655433655,3.0
16112,0.7837048768997192,3.0
16113,0.42455339431762695,2.0
16114,0.6837984323501587,3.0
16115,0.5558851957321167,2.0
16116,0.8272512555122375,3.0
16117,0.8295742273330688,3.0
16118,0.702721893787384,3.0
16119,0.6739456057548523,3.0
16120,0.5446850657463074,2.0
16121,0.718936562538147,3.0
16122,0.5303902626037598,2.0
16123,0.7344489097595215,3.0
16124,0.9239454865455627,4.0
16125,0.37587711215019226,2.0
16126,0.5798410773277283,2.0
16127,0.7267958521842957,3.0
16128,0.6533511281013489,3.0
16129,0.6095724701881409,2.0
16130,0.4138484001159668,2.0
16131,0.47042661905288696,2.0
16132,0.7743178606033325,3.0
16133,0.6480050683021545,3.0
16134,0.6374944448471069,3.0
16135,0.4570358991622925,2.0
16136,0.7242762446403503,3.0
16137,0.62409907579422,2.0
16138,0.5852639675140381,2.0
16139,0.3241051733493805,1.0
16140,0.7101284265518188,3.0
16141,0.5605016350746155,2.0
16142,0.306703120470047,1.0
16143,0.7390236258506775,3.0
16144,0.5011085867881775,2.0
16145,0.7022703289985657,3.0
16146,0.21667882800102234,1.0
16147,0.5877101421356201,2.0
16148,0.4535202383995056,2.0
16149,0.7773693799972534,3.0
16150,0.6637982130050659,3.0
16151,0.40439608693122864,2.0
16152,0.6051352620124817,2.0
16153,0.4681149125099182,2.0
16154,0.6319258213043213,3.0
16155,0.5611162185668945,2.0
16156,0.7797524333000183,3.0
16157,0.7515732645988464,3.0
16158,0.5666136741638184,2.0
16159,0.6090015769004822,2.0
16160,0.7153226733207703,3.0
16161,0.8197118639945984,3.0
16162,0.6826462149620056,3.0
16163,0.6365406513214111,3.0
16164,0.6581242084503174,3.0
16165,0.5639783143997192,2.0
16166,0.728196918964386,3.0
16167,0.5180314183235168,2.0
16168,0.6700641512870789,3.0
16169,0.7491389513015747,3.0
16170,0.34167295694351196,1.0
16171,0.7347967028617859,3.0
16172,0.6620388031005859,3.0
16173,0.7943881154060364,3.0
16174,0.6844208240509033,3.0
16175,0.5693709850311279,2.0
16176,0.7338346838951111,3.0
16177,0.640156090259552,3.0
16178,0.6658924221992493,3.0
16179,0.4399842619895935,2.0
16180,0.6228314638137817,2.0
16181,0.6949836015701294,3.0
16182,0.6021595597267151,2.0
16183,0.6461824774742126,3.0
16184,0.45486000180244446,2.0
16185,0.6921359896659851,3.0
16186,0.711766242980957,3.0
16187,0.2986151874065399,1.0
16188,0.5780938863754272,2.0
16189,0.7036135792732239,3.0
16190,0.8036232590675354,3.0
16191,0.7530942559242249,3.0
16192,0.3207499384880066,1.0
16193,0.6662232875823975,3.0
16194,0.8122581243515015,3.0
16195,0.45552965998649597,2.0
16196,0.7944295406341553,3.0
16197,0.7292725443840027,3.0
16198,0.9319745898246765,4.0
16199,0.7999457716941833,3.0
16200,0.4493228495121002,2.0
16201,0.6630645990371704,3.0
16202,0.6614176630973816,3.0
16203,0.8021727800369263,3.0
16204,0.4687419533729553,2.0
16205,0.30224868655204773,1.0
16206,0.40399760007858276,2.0
16207,0.54867023229599,2.0
16208,0.5768125653266907,2.0
16209,0.4513814449310303,2.0
16210,0.4558084309101105,2.0
16211,0.697927713394165,3.0
16212,0.7530629634857178,3.0
16213,0.5475969910621643,2.0
16214,0.46506500244140625,2.0
16215,0.564599871635437,2.0
16216,0.7215141654014587,3.0
16217,0.7610072493553162,3.0
16218,0.6687989830970764,3.0
16219,0.6161535978317261,2.0
16220,0.7691678404808044,3.0
16221,0.4751403033733368,2.0
16222,0.6915436387062073,3.0
16223,0.5241095423698425,2.0
16224,0.5340965986251831,2.0
16225,0.571312665939331,2.0
16226,0.7651820778846741,3.0
16227,0.6321136355400085,3.0
16228,0.5760490298271179,2.0
16229,0.6495064496994019,3.0
16230,0.5260836482048035,2.0
16231,0.6256575584411621,3.0
16232,0.6183311343193054,2.0
16233,0.49888402223587036,2.0
16234,0.5868380069732666,2.0
16235,0.7316370010375977,3.0
16236,0.4890320897102356,2.0
16237,0.6284081339836121,3.0
16238,0.3471885025501251,1.0
16239,0.588009238243103,2.0
16240,0.5531495213508606,2.0
16241,0.7232820391654968,3.0
16242,0.7525767683982849,3.0
16243,0.7631385922431946,3.0
16244,0.2682386338710785,1.0
16245,0.6351273655891418,3.0
16246,0.9265672564506531,4.0
16247,0.6206201314926147,2.0
16248,0.4993813633918762,2.0
16249,0.7994734644889832,3.0
16250,0.6935231685638428,3.0
16251,0.7488867044448853,3.0
16252,0.5932627320289612,2.0
16253,0.6902936697006226,3.0
16254,0.7271585464477539,3.0
16255,0.7576780319213867,3.0
16256,0.4309140741825104,2.0
16257,0.7993349432945251,3.0
16258,0.4046511948108673,2.0
16259,0.7918270826339722,3.0
16260,0.7635427713394165,3.0
16261,0.691724419593811,3.0
16262,0.46296226978302,2.0
16263,0.2576158940792084,1.0
16264,0.7554482817649841,3.0
16265,0.5709350109100342,2.0
16266,0.6339004039764404,3.0
16267,0.7226282358169556,3.0
16268,0.7475253343582153,3.0
16269,0.7421854138374329,3.0
16270,0.5302034020423889,2.0
16271,0.6971228718757629,3.0
16272,0.7518013119697571,3.0
16273,0.5473941564559937,2.0
16274,0.7722695469856262,3.0
16275,0.7641608715057373,3.0
16276,0.35825949907302856,1.0
16277,0.7716653943061829,3.0
16278,0.6901648640632629,3.0
16279,0.5751910209655762,2.0
16280,0.5757190585136414,2.0
16281,0.7174459099769592,3.0
16282,0.3432537317276001,1.0
16283,0.48451220989227295,2.0
16284,0.7693837285041809,3.0
16285,0.5111823081970215,2.0
16286,0.67910236120224,3.0
16287,0.6843348145484924,3.0
16288,0.4219110608100891,2.0
16289,0.23356623947620392,1.0
16290,0.5289189219474792,2.0
16291,0.4391356408596039,2.0
16292,0.6568299531936646,3.0
16293,0.6433230042457581,3.0
16294,0.9124057292938232,4.0
16295,0.7737175822257996,3.0
16296,0.6941019296646118,3.0
16297,0.7366890907287598,3.0
16298,0.5767465829849243,2.0
16299,0.6558903455734253,3.0
16300,0.6710819005966187,3.0
16301,0.7622953653335571,3.0
16302,0.6935926079750061,3.0
16303,0.8349608778953552,3.0
16304,0.8128242492675781,3.0
16305,0.5795184373855591,2.0
16306,0.511941134929657,2.0
16307,0.6164638996124268,2.0
16308,0.6028730869293213,2.0
16309,0.4680895209312439,2.0
16310,0.3849073052406311,2.0
16311,0.4148615300655365,2.0
16312,0.45008453726768494,2.0
16313,0.23751962184906006,1.0
16314,0.4749971926212311,2.0
16315,0.3561314642429352,1.0
16316,0.4288906157016754,2.0
16317,0.7113547325134277,3.0
16318,0.7629246711730957,3.0
16319,0.7272535562515259,3.0
16320,0.6700019836425781,3.0
16321,0.7909452319145203,3.0
16322,0.7111879587173462,3.0
16323,0.6859098076820374,3.0
16324,0.6449658870697021,3.0
16325,0.40079763531684875,2.0
16326,0.28649652004241943,1.0
16327,0.7122910022735596,3.0
16328,0.3268696069717407,1.0
16329,0.6030437350273132,2.0
16330,0.5677729249000549,2.0
16331,0.6582233905792236,3.0
16332,0.6530037522315979,3.0
16333,0.8504887819290161,3.0
16334,0.5149075388908386,2.0
16335,0.6434499621391296,3.0
16336,0.5105200409889221,2.0
16337,0.4181588292121887,2.0
16338,0.6981322765350342,3.0
16339,0.6649738550186157,3.0
16340,0.9508575797080994,4.0
16341,0.6262860298156738,3.0
16342,0.40722033381462097,2.0
16343,0.4213619530200958,2.0
16344,0.6454800367355347,3.0
16345,0.7354181408882141,3.0
16346,0.6690355539321899,3.0
16347,0.16401919722557068,1.0
16348,0.6974025368690491,3.0
16349,0.3529415428638458,1.0
16350,0.7343684434890747,3.0
16351,0.7458351850509644,3.0
16352,0.8363438844680786,3.0
16353,0.487301230430603,2.0
16354,0.5662311315536499,2.0
16355,0.6690457463264465,3.0
16356,0.822206437587738,3.0
16357,0.7910493016242981,3.0
16358,0.3610110878944397,1.0
16359,0.4003428518772125,2.0
16360,0.5583924651145935,2.0
16361,0.6893327236175537,3.0
16362,0.6008888483047485,2.0
16363,0.6990966796875,3.0
16364,0.6911012530326843,3.0
16365,0.33275797963142395,1.0
16366,0.5905424952507019,2.0
16367,0.3995053768157959,2.0
16368,0.5383102893829346,2.0
16369,0.7276312112808228,3.0
16370,0.4354434311389923,2.0
16371,0.7264377474784851,3.0
16372,0.8090463280677795,3.0
16373,0.7965341210365295,3.0
16374,0.7264165878295898,3.0
16375,0.7198637127876282,3.0
16376,0.6383982300758362,3.0
16377,0.549339771270752,2.0
16378,0.42538779973983765,2.0
16379,0.47787466645240784,2.0
16380,0.6847547292709351,3.0
16381,0.6938878893852234,3.0
16382,0.7570472955703735,3.0
16383,0.49979719519615173,2.0
16384,0.29808416962623596,1.0
16385,0.8575305938720703,3.0
16386,0.48193517327308655,2.0
16387,0.6608141660690308,3.0
16388,0.656091570854187,3.0
16389,0.5504509806632996,2.0
16390,0.9518689513206482,4.0
16391,0.8584924340248108,3.0
16392,0.5930473208427429,2.0
16393,0.7670047283172607,3.0
16394,0.3715142607688904,1.0
16395,0.6034642457962036,2.0
16396,0.5063492059707642,2.0
16397,0.6467439532279968,3.0
16398,0.6272732615470886,3.0
16399,0.696769654750824,3.0
16400,0.6812711954116821,3.0
16401,0.4356599450111389,2.0
16402,0.819573700428009,3.0
16403,0.6716977953910828,3.0
16404,0.6281435489654541,3.0
16405,0.8128470778465271,3.0
16406,0.7852760553359985,3.0
16407,0.6475573182106018,3.0
16408,0.6619355082511902,3.0
16409,0.4897304177284241,2.0
16410,0.7998858690261841,3.0
16411,0.7674451470375061,3.0
16412,0.614592969417572,2.0
16413,0.7545991539955139,3.0
16414,0.8683298230171204,3.0
16415,0.789356529712677,3.0
16416,0.7507719993591309,3.0
16417,0.5465469360351562,2.0
16418,0.5441773533821106,2.0
16419,0.6473350524902344,3.0
16420,0.565244197845459,2.0
16421,0.5993121266365051,2.0
16422,0.6298074126243591,3.0
16423,0.44059517979621887,2.0
16424,0.7817908525466919,3.0
16425,0.6718630194664001,3.0
16426,0.7353697419166565,3.0
16427,0.7335755228996277,3.0
16428,0.44180843234062195,2.0
16429,0.6422191262245178,3.0
16430,0.7010334134101868,3.0
16431,0.4072536826133728,2.0
16432,0.37106674909591675,1.0
16433,0.6254961490631104,3.0
16434,0.49455660581588745,2.0
16435,0.3844667673110962,2.0
16436,0.7207053899765015,3.0
16437,0.7119693756103516,3.0
16438,0.6006604433059692,2.0
16439,0.28825926780700684,1.0
16440,0.4603973925113678,2.0
16441,0.27556177973747253,1.0
16442,0.49313005805015564,2.0
16443,0.7322229146957397,3.0
16444,0.7107203602790833,3.0
16445,0.797986626625061,3.0
16446,0.6756308078765869,3.0
16447,0.6660289764404297,3.0
16448,0.795113205909729,3.0
16449,0.3777363896369934,2.0
16450,0.5101580023765564,2.0
16451,0.47935304045677185,2.0
16452,0.5879154205322266,2.0
16453,0.6395561695098877,3.0
16454,0.8445382714271545,3.0
16455,0.5718420743942261,2.0
16456,0.5171668529510498,2.0
16457,0.7704408168792725,3.0
16458,0.5291289687156677,2.0
16459,0.7908085584640503,3.0
16460,0.6826331615447998,3.0
16461,0.8984757661819458,4.0
16462,0.5665588974952698,2.0
16463,0.6121644973754883,2.0
16464,0.6863230466842651,3.0
16465,0.7911198139190674,3.0
16466,0.4068833291530609,2.0
16467,0.4932454824447632,2.0
16468,0.3558642566204071,1.0
16469,0.6184252500534058,2.0
16470,0.7723792791366577,3.0
16471,0.6943432688713074,3.0
16472,0.35378697514533997,1.0
16473,0.7659644484519958,3.0
16474,0.35570934414863586,1.0
16475,0.7004294991493225,3.0
16476,0.6529130935668945,3.0
16477,0.7566707730293274,3.0
16478,0.6724710464477539,3.0
16479,0.5433248281478882,2.0
16480,0.7211510539054871,3.0
16481,0.5448586344718933,2.0
16482,0.5857035517692566,2.0
16483,0.756050705909729,3.0
16484,0.691482663154602,3.0
16485,0.630706787109375,3.0
16486,0.5833526253700256,2.0
16487,0.671509861946106,3.0
16488,0.8725900053977966,3.0
16489,0.6598560810089111,3.0
16490,0.5762916803359985,2.0
16491,0.7231023907661438,3.0
16492,0.608189046382904,2.0
16493,0.5807697772979736,2.0
16494,0.681107223033905,3.0
16495,0.7457976341247559,3.0
16496,0.9218907952308655,4.0
16497,0.6347397565841675,3.0
16498,0.33045274019241333,1.0
16499,0.7734499573707581,3.0
16500,0.6738704442977905,3.0
16501,0.7881284356117249,3.0
16502,0.47431135177612305,2.0
16503,0.9755673408508301,4.0
16504,0.428766667842865,2.0
16505,0.7463045716285706,3.0
16506,0.6754471659660339,3.0
16507,0.6916143298149109,3.0
16508,0.7997782230377197,3.0
16509,0.5311532616615295,2.0
16510,0.4896732568740845,2.0
16511,0.41877391934394836,2.0
16512,0.41234636306762695,2.0
16513,0.6891325116157532,3.0
16514,0.7087439894676208,3.0
16515,0.6097602248191833,2.0
16516,0.4343741834163666,2.0
16517,0.276600182056427,1.0
16518,0.7040927410125732,3.0
16519,0.8005347847938538,3.0
16520,0.30714893341064453,1.0
16521,0.31824445724487305,1.0
16522,0.7255932092666626,3.0
16523,0.7268826365470886,3.0
16524,0.7456830739974976,3.0
16525,0.6490485072135925,3.0
16526,0.6428950428962708,3.0
16527,0.743281900882721,3.0
16528,0.2931680679321289,1.0
16529,0.7712687849998474,3.0
16530,0.7759820222854614,3.0
16531,0.49842995405197144,2.0
16532,0.8412517309188843,3.0
16533,0.6960203051567078,3.0
16534,0.4375155568122864,2.0
16535,0.7220458984375,3.0
16536,0.8072815537452698,3.0
16537,0.5649731159210205,2.0
16538,0.5896890163421631,2.0
16539,0.525579035282135,2.0
16540,0.5393442511558533,2.0
16541,0.5534065961837769,2.0
16542,0.6466748714447021,3.0
16543,0.30185723304748535,1.0
16544,0.7343817949295044,3.0
16545,0.6765188574790955,3.0
16546,0.7276759147644043,3.0
16547,0.7116292715072632,3.0
16548,0.5078930854797363,2.0
16549,0.6299890875816345,3.0
16550,0.6342450380325317,3.0
16551,0.7545750737190247,3.0
16552,0.6424600481987,3.0
16553,0.4107801914215088,2.0
16554,0.6137140989303589,2.0
16555,0.8219824433326721,3.0
16556,0.17352189123630524,1.0
16557,0.8208746314048767,3.0
16558,0.7373636960983276,3.0
16559,0.343470960855484,1.0
16560,0.7357882857322693,3.0
16561,0.6567365527153015,3.0
16562,0.8027026057243347,3.0
16563,0.8140732645988464,3.0
16564,0.6746298670768738,3.0
16565,0.6715485453605652,3.0
16566,0.8843309879302979,4.0
16567,0.7208917140960693,3.0
16568,0.7742133140563965,3.0
16569,0.5722874402999878,2.0
16570,0.7416576743125916,3.0
16571,0.45630356669425964,2.0
16572,0.25525763630867004,1.0
16573,0.6235815286636353,2.0
16574,0.5972539782524109,2.0
16575,0.7670842409133911,3.0
16576,0.8250495791435242,3.0
16577,0.7767180800437927,3.0
16578,0.46132537722587585,2.0
16579,0.6633043885231018,3.0
16580,0.4082179665565491,2.0
16581,0.8554641604423523,3.0
16582,0.8073668479919434,3.0
16583,0.7416673898696899,3.0
16584,0.656281590461731,3.0
16585,0.5690252780914307,2.0
16586,0.7952500581741333,3.0
16587,0.8758893609046936,4.0
16588,0.8061781525611877,3.0
16589,0.3063211441040039,1.0
16590,0.656635582447052,3.0
16591,0.5179871320724487,2.0
16592,0.7174795269966125,3.0
16593,0.30499741435050964,1.0
16594,0.2806420922279358,1.0
16595,0.8860938549041748,4.0
16596,0.6166542768478394,2.0
16597,0.7874322533607483,3.0
16598,0.850784957408905,3.0
16599,0.6285515427589417,3.0
16600,0.43554195761680603,2.0
16601,0.472017377614975,2.0
16602,0.8388949632644653,3.0
16603,0.4870114028453827,2.0
16604,0.6257117390632629,3.0
16605,0.7447037100791931,3.0
16606,0.4212774932384491,2.0
16607,0.6155261993408203,2.0
16608,0.5893313884735107,2.0
16609,0.1811738759279251,1.0
16610,0.5506300926208496,2.0
16611,0.6696388125419617,3.0
16612,0.7003502249717712,3.0
16613,0.7271342277526855,3.0
16614,0.6065896153450012,2.0
16615,0.7036871314048767,3.0
16616,0.7366349101066589,3.0
16617,0.6711902022361755,3.0
16618,0.30445054173469543,1.0
16619,0.6386758089065552,3.0
16620,0.771763026714325,3.0
16621,0.7363072037696838,3.0
16622,0.5618152022361755,2.0
16623,0.6916447281837463,3.0
16624,0.7776069641113281,3.0
16625,0.6093727946281433,2.0
16626,0.6632604598999023,3.0
16627,0.7222407460212708,3.0
16628,0.5834164023399353,2.0
16629,0.6352403163909912,3.0
16630,0.35356539487838745,1.0
16631,0.5194711089134216,2.0
16632,0.3016873300075531,1.0
16633,0.5980728268623352,2.0
17834,0.3592226803302765,11.0
17836,0.3787853717803955,11.0
17837,0.36113446950912476,11.0
17838,0.5970963835716248,18.0
17839,0.5379266738891602,16.0
17840,0.7953331470489502,24.0
17841,0.39968523383140564,12.0
17842,0.394456684589386,12.0
17843,0.7903282642364502,24.0
17844,0.3556617796421051,11.0
17845,0.4088097810745239,12.0
17846,0.45301562547683716,14.0
17847,0.5140390396118164,15.0
17849,0.42326620221138,13.0
17850,0.449113667011261,13.0
17851,0.43997716903686523,13.0
17852,0.5527220368385315,17.0
17853,0.4740517735481262,14.0
17854,0.4869522750377655,15.0
17856,0.46873337030410767,14.0
17857,0.4043016731739044,12.0
17858,0.5542077422142029,17.0
17859,0.5572625994682312,17.0
17860,0.5583013296127319,17.0
17861,0.366703063249588,11.0
17862,0.3280470669269562,10.0
17863,0.2999565899372101,9.0
17864,0.24105776846408844,7.0
17865,0.6480720639228821,19.0
17867,0.4536203145980835,14.0
17868,0.7178597450256348,22.0
17869,0.349364697933197,10.0
17870,0.3689182698726654,11.0
17871,0.8529472351074219,26.0
17872,0.45493951439857483,14.0
17873,0.5478723049163818,16.0
17874,0.43246695399284363,13.0
17875,0.36491629481315613,11.0
17876,0.5918787717819214,18.0
17878,0.43701815605163574,13.0
17879,0.2566763460636139,8.0
17880,0.4445722997188568,13.0
17881,0.40790000557899475,12.0
17882,0.33998221158981323,10.0
17883,0.5448434948921204,16.0
17884,0.633542001247406,19.0
17885,0.341706782579422,10.0
17886,0.23660027980804443,7.0
17887,0.6477766036987305,19.0
17888,0.5260929465293884,16.0
17889,0.26551371812820435,8.0
17890,0.38579437136650085,12.0
17891,0.2866211235523224,9.0
17892,0.44932469725608826,13.0
17893,0.2963516414165497,9.0
17894,0.2419423609972,7.0
17896,0.626175582408905,19.0
17897,0.473050594329834,14.0
17898,0.5331621766090393,16.0
17899,0.9829357862472534,29.0
17900,0.38072600960731506,11.0
17901,0.283870667219162,9.0
17902,0.5340434312820435,16.0
17903,0.30219367146492004,9.0
17904,0.3584771156311035,11.0
17905,0.2278764694929123,7.0
17906,0.4907214343547821,15.0
17908,0.5957434177398682,18.0
17909,0.5736192464828491,17.0
17910,0.5698689818382263,17.0
17911,0.5191423296928406,16.0
17912,0.4628629982471466,14.0
17913,0.34825173020362854,10.0
17914,0.35118600726127625,11.0
17915,0.3420417010784149,10.0
17916,0.2720913589000702,8.0
17917,0.23204803466796875,7.0
17918,0.3656620681285858,11.0
17919,0.6091316342353821,18.0
17920,0.2888331413269043,9.0
17921,0.5117865204811096,15.0
17922,0.4514739513397217,14.0
17923,0.6123996376991272,18.0
17924,0.7741206884384155,23.0
17926,0.7451083064079285,22.0
17927,0.29890918731689453,9.0
17928,0.3833242356777191,11.0
17930,0.5505267977714539,17.0
17931,0.567707359790802,17.0
17932,0.7486977577209473,22.0
17933,0.3779884874820709,11.0
17935,0.37772178649902344,11.0
17936,0.2203967273235321,7.0
17937,0.30104827880859375,9.0
17938,0.6802526116371155,20.0
17939,0.6773528456687927,20.0
17940,0.2347823679447174,7.0
17941,0.4486360549926758,13.0
17942,0.46305325627326965,14.0
17943,0.3477609157562256,10.0
17944,0.5168086886405945,16.0
17945,0.407897025346756,12.0
17946,0.3383205235004425,10.0
17947,0.8022109866142273,24.0
17949,0.2853676974773407,9.0
17950,0.2590823471546173,8.0
17951,0.24505920708179474,7.0
17952,0.4809045195579529,14.0
17953,0.39608117938041687,12.0
17954,0.47525471448898315,14.0
17955,0.4551732540130615,14.0
17957,0.3364638686180115,10.0
17959,0.3970579206943512,12.0
17961,0.4494757056236267,13.0
17962,0.47043517231941223,14.0
17963,0.7868572473526001,24.0
17964,0.5236300230026245,16.0
17965,0.44158804416656494,13.0
17966,0.51917564868927,16.0
17967,0.682677149772644,20.0
17968,0.4645444452762604,14.0
17969,0.4006282091140747,12.0
17970,0.3039919137954712,9.0
17971,0.6618863344192505,20.0
17973,0.38363561034202576,12.0
17974,0.5368778705596924,16.0
17975,0.5834308862686157,18.0
17976,0.4330204129219055,13.0
17977,0.2981966733932495,9.0
17978,0.27590441703796387,8.0
17979,0.32738131284713745,10.0
17980,0.5728287696838379,17.0
17981,0.43397796154022217,13.0
17982,0.30858761072158813,9.0
17983,0.444620281457901,13.0
17984,0.4958799183368683,15.0
17985,0.4147771894931793,12.0
17986,0.6586359739303589,20.0
17987,0.5000650882720947,15.0
17988,0.3079375922679901,9.0
17989,0.3013935089111328,9.0
17990,0.5706608295440674,17.0
17991,0.7267881631851196,22.0
17992,0.14149999618530273,4.0
17993,0.49934056401252747,15.0
17996,0.1875179558992386,6.0
17997,0.5275411605834961,16.0
17998,0.43627098202705383,13.0
18000,0.7329098582267761,22.0
18001,0.23535336554050446,7.0
18002,0.4429054856300354,13.0
18004,0.44522371888160706,13.0
18005,0.5880602598190308,18.0
18006,0.5993720889091492,18.0
18008,0.4127520024776459,12.0
18011,0.22469604015350342,7.0
18012,0.6136680841445923,18.0
18013,0.35186105966567993,11.0
18014,0.561684787273407,17.0
18015,0.5645180344581604,17.0
18016,0.7918816208839417,24.0
18017,0.544654369354248,16.0
18018,0.30523863434791565,9.0
18019,0.6587944030761719,20.0
18020,0.37475743889808655,11.0
18021,0.30192244052886963,9.0
18022,0.6829932928085327,20.0
18023,0.4186350405216217,13.0
18025,0.5564748048782349,17.0
18026,0.34885361790657043,10.0
18028,0.5090370774269104,15.0
18029,0.5139781832695007,15.0
18030,0.6228413581848145,19.0
18031,0.335888147354126,10.0
18032,0.29804110527038574,9.0
18033,0.24875064194202423,7.0
18034,0.8405186533927917,25.0
18035,0.296774685382843,9.0
18036,0.2654365003108978,8.0
18037,0.29487481713294983,9.0
18038,0.4720876216888428,14.0
18039,0.40518420934677124,12.0
18040,0.281556636095047,8.0
18041,0.36796608567237854,11.0
18042,0.38919833302497864,12.0
18043,0.2735695540904999,8.0
18044,0.44822758436203003,13.0
18045,0.6880834102630615,21.0
18046,0.29629752039909363,9.0
18047,0.5616374611854553,17.0
18048,0.370138019323349,11.0
18049,0.4916521906852722,15.0
18050,0.2683893144130707,8.0
18051,0.5221855044364929,16.0
18052,0.6369139552116394,19.0
18053,0.5833446979522705,18.0
18054,0.3859180510044098,12.0
18055,0.4892711043357849,15.0
18056,0.8499124050140381,25.0
18057,0.4194525480270386,13.0
18058,0.47656241059303284,14.0
18060,0.1953953057527542,6.0
18061,0.4592592418193817,14.0
18062,0.5613559484481812,17.0
18064,0.4097317159175873,12.0
18065,0.49217090010643005,15.0
18066,0.5955584049224854,18.0
18067,0.3937567174434662,12.0
18068,0.7561270594596863,23.0
18070,0.3585064113140106,11.0
18071,0.5357440710067749,16.0
18072,0.46312013268470764,14.0
18073,0.5004382133483887,15.0
18074,0.44868531823158264,13.0
18075,0.5504975914955139,17.0
18076,0.4547407329082489,14.0
18077,0.5761026740074158,17.0
18078,0.5197581648826599,16.0
18079,0.7213442325592041,22.0
18080,0.4388030171394348,13.0
18081,0.4430982768535614,13.0
18082,0.3848189413547516,12.0
18083,0.36038738489151,11.0
18084,0.4256526827812195,13.0
18086,0.4075906276702881,12.0
18087,0.5483019351959229,16.0
18088,0.2357843667268753,7.0
18089,0.5706241726875305,17.0
18090,0.6889243721961975,21.0
18091,0.24647288024425507,7.0
18092,0.2731368839740753,8.0
18093,0.3279098868370056,10.0
18094,0.46017271280288696,14.0
18095,0.4414501190185547,13.0
18096,0.3942626714706421,12.0
18097,0.4246189594268799,13.0
18098,0.6474289894104004,19.0
18099,0.6326363682746887,19.0
18100,0.6873124241828918,21.0
18102,0.2699540853500366,8.0
18103,0.4950254261493683,15.0
18105,0.4407568573951721,13.0
18106,0.5824437141418457,17.0
18107,0.43559208512306213,13.0
18108,0.21442677080631256,6.0
18109,0.15454155206680298,5.0
18110,0.7907118201255798,24.0
18112,0.44093358516693115,13.0
18114,0.4476129114627838,13.0
18115,0.44284531474113464,13.0
18116,0.5067831873893738,15.0
18117,0.4414236843585968,13.0
18118,0.45388293266296387,14.0
18119,0.5336145162582397,16.0
18120,0.45482826232910156,14.0
18121,0.49323931336402893,15.0
18123,0.4653974771499634,14.0
18124,0.4132273197174072,12.0
18126,0.18212062120437622,5.0
18127,0.5465822815895081,16.0
18128,0.43970027565956116,13.0
18129,0.4252442419528961,13.0
18130,0.39234745502471924,12.0
18131,0.35030296444892883,11.0
18132,0.4907291829586029,15.0
18133,0.20100805163383484,6.0
18134,0.40888547897338867,12.0
18135,0.27356645464897156,8.0
18136,0.4317808747291565,13.0
18137,0.34281933307647705,10.0
18138,0.8237887620925903,25.0
18140,0.4027690589427948,12.0
18141,0.6715344190597534,20.0
18142,0.7933048605918884,24.0
18143,0.5728930234909058,17.0
18144,0.3921075165271759,12.0
18146,0.6945972442626953,21.0
18147,0.4041614234447479,12.0
18148,0.4583234488964081,14.0
18149,0.21333272755146027,6.0
18150,0.3973701298236847,12.0
18151,0.49117332696914673,15.0
18152,0.20347589254379272,6.0
18153,0.7758757472038269,23.0
18154,0.2495381087064743,7.0
18156,0.3592245578765869,11.0
18159,0.49261438846588135,15.0
18160,0.5138341784477234,15.0
18161,0.37340933084487915,11.0
18162,0.6745502948760986,20.0
18163,0.3816460072994232,11.0
18164,0.47480523586273193,14.0
18165,0.5563387274742126,17.0
18166,0.4556489884853363,14.0
18167,0.2885167598724365,9.0
18168,0.43239036202430725,13.0
18169,0.6935911178588867,21.0
18170,0.5506492257118225,17.0
18171,0.5426971912384033,16.0
18172,0.6999699473381042,21.0
18173,0.3618778586387634,11.0
18174,0.7448157668113708,22.0
18175,0.860674262046814,26.0
18177,0.2764640748500824,8.0
18178,0.8134286999702454,24.0
18179,0.16899508237838745,5.0
18180,0.388131320476532,12.0
18181,0.39248180389404297,12.0
18182,0.4749746024608612,14.0
18183,0.5213120579719543,16.0
18184,0.2111676037311554,6.0
18185,0.30108851194381714,9.0
18186,0.5682923793792725,17.0
18187,0.771845281124115,23.0
18189,0.4904574751853943,15.0
18190,0.327227920293808,10.0
18191,0.3171429932117462,10.0
18192,0.5401971936225891,16.0
18193,0.35500583052635193,11.0
18194,0.6253518462181091,19.0
18195,0.5725562572479248,17.0
18196,0.253372460603714,8.0
18197,0.44536092877388,13.0
18198,0.5753142833709717,17.0
18200,0.5686219334602356,17.0
18201,0.5479378700256348,16.0
18202,0.558890163898468,17.0
18203,0.2549864649772644,8.0
18205,0.6179405450820923,19.0
18206,0.316998690366745,10.0
18207,0.5604003667831421,17.0
18208,0.40563443303108215,12.0
18209,0.38936764001846313,12.0
18210,0.5258462429046631,16.0
18211,0.539872944355011,16.0
18212,0.3886297941207886,12.0
18213,0.5434936285018921,16.0
18215,0.31216877698898315,9.0
18217,0.5000010132789612,15.0
18218,0.36975833773612976,11.0
18219,0.37898510694503784,11.0
18220,0.5474320650100708,16.0
18221,0.20656932890415192,6.0
18222,0.7041522860527039,21.0
18223,0.49566107988357544,15.0
18225,0.38876932859420776,12.0
18226,0.5497594475746155,16.0
18227,0.5065205097198486,15.0
18228,0.4528645873069763,14.0
18229,0.7738469839096069,23.0
18230,0.581224799156189,17.0
18231,0.44696781039237976,13.0
18232,0.5564190149307251,17.0
18233,0.34548214077949524,10.0
18234,0.5148044228553772,15.0
18235,0.7856059074401855,24.0
18236,0.40904927253723145,12.0
18237,0.3466432988643646,10.0
18238,0.35793784260749817,11.0
18239,0.2265874743461609,7.0
18240,0.38494592905044556,12.0
18241,0.5500869154930115,17.0
18242,0.3510197401046753,11.0
18243,0.8622980713844299,26.0
18244,0.40977123379707336,12.0
18245,0.36731189489364624,11.0
18246,0.41746222972869873,13.0
18247,0.4753337800502777,14.0
18248,0.4341890811920166,13.0
18249,0.46126994490623474,14.0
18250,0.6711090803146362,20.0
18251,0.3434109091758728,10.0
18252,0.4712044596672058,14.0
18253,0.32472723722457886,10.0
18254,0.4444432556629181,13.0
18255,0.4630402624607086,14.0
18256,0.661602258682251,20.0
18257,0.5602647662162781,17.0
18258,0.2728939354419708,8.0
18259,0.27555209398269653,8.0
18260,0.48323455452919006,14.0
18261,0.7883815765380859,24.0
18262,0.4206855595111847,13.0
18263,0.28734517097473145,9.0
18264,0.5027222037315369,15.0
18265,0.3463113605976105,10.0
18266,0.6922941207885742,21.0
18267,0.29079577326774597,9.0
18268,0.273555189371109,8.0
18269,0.2833769619464874,9.0
18271,0.5904467701911926,18.0
18272,0.44255635142326355,13.0
18273,0.47776034474372864,14.0
18275,0.7745958566665649,23.0
18276,0.4159243702888489,12.0
18277,0.44362133741378784,13.0
18278,0.26798760890960693,8.0
18279,0.6862428784370422,21.0
18280,0.3822121024131775,11.0
18281,0.7099644541740417,21.0
18282,0.4576481282711029,14.0
18283,0.6058178544044495,18.0
18284,0.4122455418109894,12.0
18285,0.3698691725730896,11.0
18286,0.4902457594871521,15.0
18287,0.39187294244766235,12.0
18288,0.4166783094406128,13.0
18289,0.594063401222229,18.0
18290,0.25491511821746826,8.0
18291,0.5042819976806641,15.0
18292,0.39111390709877014,12.0
18293,0.31209245324134827,9.0
18294,0.90470290184021,27.0
18295,0.41640985012054443,12.0
18296,0.22014963626861572,7.0
18297,0.7935210466384888,24.0
18298,0.28831422328948975,9.0
18300,0.35349804162979126,11.0
18301,0.286102294921875,9.0
18302,0.7120950222015381,21.0
18303,0.5095387697219849,15.0
18304,0.41809555888175964,13.0
18305,0.38010668754577637,11.0
18306,0.43111294507980347,13.0
18307,0.32674434781074524,10.0
18308,0.7172333598136902,22.0
18309,0.4699905812740326,14.0
18310,0.34351328015327454,10.0
18311,0.7662720084190369,23.0
18312,0.5992218255996704,18.0
18314,0.7584488391876221,23.0
18317,0.34053587913513184,10.0
18318,0.3291192650794983,10.0
18319,0.9054633378982544,27.0
18320,0.31929442286491394,10.0
18321,0.3404180705547333,10.0
18322,0.511959969997406,15.0
18324,0.6658150553703308,20.0
18325,0.3519783616065979,11.0
18326,0.7484936714172363,22.0
18327,0.4913144111633301,15.0
18329,0.6288267374038696,19.0
18330,0.22046887874603271,7.0
18331,0.2670799195766449,8.0
18332,0.6164776682853699,18.0
18333,0.3925222158432007,12.0
18334,0.643809974193573,19.0
18335,0.5074838399887085,15.0
18336,0.4973338842391968,15.0
18337,0.4295946955680847,13.0
18338,0.5547834038734436,17.0
18339,0.6483993530273438,19.0
18340,0.5820469260215759,17.0
18341,0.45006245374679565,14.0
18342,0.48508375883102417,15.0
18343,0.45903292298316956,14.0
18344,0.5674757957458496,17.0
18345,0.44177284836769104,13.0
18346,0.5296190977096558,16.0
18347,0.24064405262470245,7.0
18348,0.23939558863639832,7.0
18349,0.39489486813545227,12.0
18350,0.3293812870979309,10.0
18352,0.46879151463508606,14.0
18353,0.5418275594711304,16.0
18354,0.2632967531681061,8.0
18355,0.3211666941642761,10.0
18356,0.38760149478912354,12.0
18357,0.4636141359806061,14.0
18358,0.3788514733314514,11.0
18361,0.2810940146446228,8.0
18362,0.7636397480964661,23.0
18363,0.6611317992210388,20.0
18364,0.31702399253845215,10.0
18365,0.2247370034456253,7.0
18366,0.2585609555244446,8.0
18367,0.3136831223964691,9.0
18368,0.4461846649646759,13.0
18369,0.6648083925247192,20.0
18370,0.14109237492084503,4.0
18371,0.5199516415596008,16.0
18373,0.32486245036125183,10.0
18374,0.17894314229488373,5.0
18375,0.18214434385299683,5.0
18376,0.5396513938903809,16.0
18377,0.7235792279243469,22.0
18378,0.4935770332813263,15.0
18379,0.2495579868555069,7.0
18380,0.5249954462051392,16.0
18381,0.4118906855583191,12.0
18383,0.28450721502304077,9.0
18384,0.23075279593467712,7.0
18386,0.6526834964752197,20.0
18387,0.4644261300563812,14.0
18388,0.6368304491043091,19.0
18389,0.6155000329017639,18.0
18390,0.4597042500972748,14.0
18391,0.5440329909324646,16.0
18392,0.595641553401947,18.0
18393,0.4396386444568634,13.0
18394,0.3093739449977875,9.0
18395,0.7222432494163513,22.0
18396,0.5319660902023315,16.0
18398,0.5104340314865112,15.0
18399,0.6686354279518127,20.0
18401,0.4754274785518646,14.0
18402,0.5125679969787598,15.0
18403,0.3951273560523987,12.0
18404,0.3839910328388214,12.0
18405,0.3201236128807068,10.0
18406,0.6486093997955322,19.0
18407,0.6647167205810547,20.0
18408,0.7661325931549072,23.0
18409,0.25827455520629883,8.0
18411,0.4041208326816559,12.0
18412,0.40220439434051514,12.0
18413,0.5287179350852966,16.0
18414,0.21182005107402802,6.0
18415,0.41850849986076355,13.0
18416,0.30443665385246277,9.0
18417,0.39766478538513184,12.0
18418,0.38044795393943787,11.0
18419,0.7581127882003784,23.0
18421,0.3785455822944641,11.0
18422,0.6009403467178345,18.0
18423,0.4604024291038513,14.0
18424,0.397000253200531,12.0
18426,0.2139127254486084,6.0
18427,0.3962005376815796,12.0
18428,0.5007383823394775,15.0
18429,0.44182077050209045,13.0
18430,0.48250827193260193,14.0
18432,0.3272807002067566,10.0
18433,0.5208417773246765,16.0
18434,0.6134403347969055,18.0
18435,0.5138933658599854,15.0
18436,0.2623170018196106,8.0
18438,0.6185846328735352,19.0
18441,0.20060192048549652,6.0
18442,0.5494706630706787,16.0
18444,0.23300622403621674,7.0
18445,0.4625047743320465,14.0
18446,0.35415440797805786,11.0
18448,0.7258858680725098,22.0
18449,0.4379425048828125,13.0
18450,0.5203569531440735,16.0
18451,0.5927592515945435,18.0
18453,0.4261140823364258,13.0
18454,0.7294778227806091,22.0
18455,0.2538754343986511,8.0
18456,0.5971975922584534,18.0
18458,0.4262230396270752,13.0
18459,0.7378135323524475,22.0
18460,0.25504904985427856,8.0
18461,0.3310898542404175,10.0
18463,0.32403817772865295,10.0
18464,0.4738699495792389,14.0
18465,0.6270439624786377,19.0
18466,0.29512205719947815,9.0
18467,0.6739264726638794,20.0
18468,0.30701974034309387,9.0
18471,0.48497870564460754,15.0
18472,0.4399605393409729,13.0
18473,0.6210750937461853,19.0
18474,0.6587492823600769,20.0
18475,0.45762816071510315,14.0
18476,0.8557986617088318,26.0
18477,0.6021209955215454,18.0
18478,0.3299209177494049,10.0
18479,0.6008566617965698,18.0
18480,0.3485579788684845,10.0
18481,0.20588889718055725,6.0
18482,0.7137286067008972,21.0
18484,0.2897745370864868,9.0
18485,0.36016902327537537,11.0
18488,0.28882384300231934,9.0
18489,0.6478462815284729,19.0
18490,0.3256742060184479,10.0
18491,0.46802735328674316,14.0
18492,0.3318740725517273,10.0
18494,0.5780714750289917,17.0
18495,0.4886209964752197,15.0
18496,0.22739019989967346,7.0
18497,0.6815438866615295,20.0
18498,0.7138262987136841,21.0
18499,0.7841192483901978,24.0
18500,0.3660505712032318,11.0
18501,0.34595346450805664,10.0
18502,0.47880205512046814,14.0
18503,0.36653435230255127,11.0
18504,0.24754181504249573,7.0
18505,0.2711605429649353,8.0
18506,0.2726743519306183,8.0
18507,0.6747658252716064,20.0
18508,0.353981077671051,11.0
18509,0.30563682317733765,9.0
18510,0.5876145362854004,18.0
18511,0.285157173871994,9.0
18512,0.31927019357681274,10.0
18513,0.3035058081150055,9.0
18514,0.39784008264541626,12.0
18515,0.6844477653503418,21.0
18516,0.24281632900238037,7.0
18517,0.6813435554504395,20.0
18518,0.4196877181529999,13.0
18519,0.391979455947876,12.0
18520,0.2825806140899658,8.0
18521,0.4582347273826599,14.0
18522,0.3925759196281433,12.0
18523,0.6207635402679443,19.0
18524,0.4573935270309448,14.0
18525,0.5692172050476074,17.0
18526,0.48471081256866455,15.0
18527,0.27261099219322205,8.0
18528,0.686799943447113,21.0
18529,0.4674229025840759,14.0
18530,0.2819902002811432,8.0
18531,0.3512234687805176,11.0
18533,0.29359257221221924,9.0
18534,0.5285544991493225,16.0
18535,0.2121267467737198,6.0
18536,0.739585816860199,22.0
18537,0.2646293640136719,8.0
18538,0.5641065835952759,17.0
18539,0.25067657232284546,8.0
18540,0.29981788992881775,9.0
18541,0.36582493782043457,11.0
18542,0.6054964065551758,18.0
18544,0.28995266556739807,9.0
18545,0.4017016291618347,12.0
18546,0.30826878547668457,9.0
18547,0.2681351602077484,8.0
18548,0.3548496663570404,11.0
18549,0.587356686592102,18.0
18550,0.34585803747177124,10.0
18551,0.30054721236228943,9.0
18552,0.5147417187690735,15.0
18553,0.5319548845291138,16.0
18554,0.6299638152122498,19.0
18556,0.8618517518043518,26.0
18557,0.4831133484840393,14.0
18558,0.6299835443496704,19.0
18559,0.4419650435447693,13.0
18560,0.769702136516571,23.0
18561,0.4277150630950928,13.0
18562,0.708991289138794,21.0
18563,0.5457508563995361,16.0
18564,0.44326886534690857,13.0
18565,0.4855699837207794,15.0
18566,0.891464114189148,27.0
18567,0.7488725781440735,22.0
18569,0.4521530270576477,14.0
18570,0.8376421332359314,25.0
18571,0.4788825213909149,14.0
18572,0.3082161843776703,9.0
18573,0.5698518753051758,17.0
18574,0.17884671688079834,5.0
18575,0.33418703079223633,10.0
18576,0.6462384462356567,19.0
18577,0.5499942302703857,16.0
18578,0.3271510899066925,10.0
18579,0.4474030137062073,13.0
18580,0.5036019682884216,15.0
18581,0.5789530277252197,17.0
18582,0.49100998044013977,15.0
18583,0.3613758981227875,11.0
18584,0.6487705707550049,19.0
18586,0.3908698856830597,12.0
18587,0.3815326690673828,11.0
18588,0.8192276954650879,25.0
18590,0.6204643249511719,19.0
18591,0.8613276481628418,26.0
18592,0.2663527727127075,8.0
18593,0.7457165122032166,22.0
18594,0.40791580080986023,12.0
18595,0.26117590069770813,8.0
18596,0.5391552448272705,16.0
18597,0.7165746092796326,21.0
18598,0.3588279187679291,11.0
18599,0.7578786015510559,23.0
18600,0.5747472643852234,17.0
18601,0.6152957081794739,18.0
18602,0.6697579622268677,20.0
18603,0.33385124802589417,10.0
18604,0.569707453250885,17.0
18605,0.4169282019138336,13.0
18606,0.4087052643299103,12.0
18607,0.3921390771865845,12.0
18608,0.7829343676567078,23.0
18609,0.4419209957122803,13.0
18610,0.2721332609653473,8.0
18611,0.2577720284461975,8.0
18612,0.31382453441619873,9.0
18613,0.47466185688972473,14.0
18614,0.5031703114509583,15.0
18615,0.46255096793174744,14.0
18616,0.8737896680831909,26.0
18617,0.5243203043937683,16.0
18618,0.5253269672393799,16.0
18619,0.4006415903568268,12.0
18620,0.4082127809524536,12.0
18621,0.3187718093395233,10.0
18622,0.3435836136341095,10.0
18624,0.4682413935661316,14.0
18626,0.5905694365501404,18.0
18627,0.3690226078033447,11.0
18628,0.4534103274345398,14.0
18629,0.3386232256889343,10.0
18630,0.5003805756568909,15.0
18631,0.7321699857711792,22.0
18632,0.38733312487602234,12.0
18633,0.35159385204315186,11.0
18634,0.3223966360092163,10.0
18635,0.2905687391757965,9.0
18636,0.746971845626831,22.0
18637,0.5185417532920837,16.0
18638,0.4589974582195282,14.0
18639,0.3781401216983795,11.0
18640,0.4847412407398224,15.0
18641,0.5199573636054993,16.0
18642,0.3446768820285797,10.0
18643,0.4335823655128479,13.0
18644,0.5514088869094849,17.0
18645,0.318687379360199,10.0
18646,0.4842727780342102,15.0
18647,0.4056326448917389,12.0
18648,0.47720351815223694,14.0
18649,0.6138136386871338,18.0
18650,0.4815436601638794,14.0
18651,0.5715695023536682,17.0
18652,0.8259343504905701,25.0
18653,0.5476614832878113,16.0
18654,0.36826810240745544,11.0
18655,0.3792095482349396,11.0
18656,0.6923925876617432,21.0
18657,0.9441869258880615,28.0
18658,0.2757973372936249,8.0
18659,0.44358548521995544,13.0
18660,0.4788499176502228,14.0
18661,0.40520620346069336,12.0
18662,0.48567479848861694,15.0
18663,0.3633619248867035,11.0
18664,0.7320128679275513,22.0
18666,0.5979768633842468,18.0
18667,0.6041985154151917,18.0
18668,0.7279585003852844,22.0
18669,0.33626386523246765,10.0
18670,0.4234393537044525,13.0
18671,0.5738437175750732,17.0
18672,0.5520428419113159,17.0
18674,0.3880840837955475,12.0
18675,0.7128633260726929,21.0
18676,0.6091545820236206,18.0
18677,0.44730639457702637,13.0
18678,0.5200033187866211,16.0
18680,0.2386590540409088,7.0
18681,0.5834481716156006,18.0
18682,0.829635739326477,25.0
18683,0.4153009355068207,12.0
18684,0.3809242248535156,11.0
18685,0.427388459444046,13.0
18686,0.6183542013168335,19.0
18688,0.2687305510044098,8.0
18689,0.437938928604126,13.0
18690,0.422843337059021,13.0
18691,0.6434847116470337,19.0
18693,0.3534340560436249,11.0
18694,0.7294023633003235,22.0
18695,0.5699681043624878,17.0
18696,0.5823435187339783,17.0
18697,0.6316455006599426,19.0
18698,0.40120866894721985,12.0
18700,0.31727784872055054,10.0
18701,0.5937622785568237,18.0
18702,0.6164748072624207,18.0
18703,0.40637943148612976,12.0
18704,0.37519368529319763,11.0
18705,0.5088624954223633,15.0
18706,0.6223490834236145,19.0
18707,0.5256862640380859,16.0
18708,0.45886579155921936,14.0
18709,0.7496598362922668,22.0
18710,0.3034588098526001,9.0
18711,0.31736546754837036,10.0
18712,0.6516878604888916,20.0
18713,0.4386000335216522,13.0
18714,0.600811779499054,18.0
18715,0.5654206275939941,17.0
18716,0.6970343589782715,21.0
18717,0.6081689596176147,18.0
18718,0.1850358247756958,6.0
18719,0.23659969866275787,7.0
18720,0.39028334617614746,12.0
18721,0.5197970271110535,16.0
18722,0.6222783327102661,19.0
18723,0.45013394951820374,14.0
18724,0.7357439398765564,22.0
18725,0.6358428597450256,19.0
18726,0.7929920554161072,24.0
18727,0.39156922698020935,12.0
18729,0.35017186403274536,11.0
18730,0.7765089869499207,23.0
18731,0.3240309953689575,10.0
18732,0.5323829054832458,16.0
18733,0.6198372840881348,19.0
18734,0.19835205376148224,6.0
18736,0.45049190521240234,14.0
18737,0.2417203187942505,7.0
18738,0.3237198293209076,10.0
18739,0.2586857080459595,8.0
18740,0.6705920100212097,20.0
18741,0.7421634793281555,22.0
18742,0.29928022623062134,9.0
18743,0.3962146043777466,12.0
18744,0.4536174535751343,14.0
18745,0.5104436278343201,15.0
18747,0.2882431149482727,9.0
18748,0.6793432235717773,20.0
18749,0.3408564031124115,10.0
18750,0.16525433957576752,5.0
18751,0.595159113407135,18.0
18752,0.3241949677467346,10.0
18753,0.3737166225910187,11.0
18754,0.4747697412967682,14.0
18756,0.6794592142105103,20.0
18757,0.3988812267780304,12.0
18758,0.2795713543891907,8.0
18759,0.811750590801239,24.0
18760,0.3424954414367676,10.0
18761,0.8199214339256287,25.0
18762,0.38824397325515747,12.0
18763,0.3489626348018646,10.0
18764,0.26593801379203796,8.0
18765,0.7539417147636414,23.0
18766,0.3378143608570099,10.0
18767,0.5404137969017029,16.0
18768,0.3077358901500702,9.0
18769,0.2798902690410614,8.0
18770,0.330144464969635,10.0
18771,0.5328879952430725,16.0
18772,0.3950614333152771,12.0
18773,0.565506637096405,17.0
18774,0.22814995050430298,7.0
18775,0.5774120092391968,17.0
18776,0.6938880085945129,21.0
18777,0.31544652581214905,9.0
18778,0.7720779180526733,23.0
18779,0.51952064037323,16.0
18780,0.6013063788414001,18.0
18781,0.37804198265075684,11.0
18782,0.4440680146217346,13.0
18783,0.3729938566684723,11.0
18784,0.25533679127693176,8.0
18785,0.2576621174812317,8.0
18786,0.581865131855011,17.0
18787,0.5630354881286621,17.0
18788,0.8607014417648315,26.0
18789,0.504346489906311,15.0
18790,0.5290260314941406,16.0
18791,0.6594321727752686,20.0
18792,0.5440205931663513,16.0
18793,0.5712214708328247,17.0
18794,0.2832174599170685,8.0
18795,0.3358405828475952,10.0
18796,0.49973264336586,15.0
18797,0.2152661830186844,6.0
18798,0.4611762464046478,14.0
18799,0.4822768568992615,14.0
18800,0.4209657609462738,13.0
18801,0.382768452167511,11.0
18802,0.4011453092098236,12.0
18803,0.38750895857810974,12.0
18804,0.29057639837265015,9.0
18805,0.6512067317962646,20.0
18806,0.42826560139656067,13.0
18807,0.21258686482906342,6.0
18808,0.4548860490322113,14.0
18809,0.5501381754875183,17.0
18810,0.48032835125923157,14.0
18811,0.48729658126831055,15.0
18812,0.3181927502155304,10.0
18813,0.4755374491214752,14.0
18814,0.4081955850124359,12.0
18815,0.59229576587677,18.0
18816,0.5030839443206787,15.0
18817,0.5887184739112854,18.0
18818,0.8562772274017334,26.0
18819,0.40728071331977844,12.0
18820,0.5360453128814697,16.0
18821,0.5325942039489746,16.0
18822,0.1735275387763977,5.0
18823,0.34776005148887634,10.0
18824,0.30963337421417236,9.0
18825,0.7916447520256042,24.0
18826,0.673061192035675,20.0
18827,0.7218760251998901,22.0
18829,0.4930839240550995,15.0
18830,0.4085076153278351,12.0
18831,0.49492111802101135,15.0
18832,0.5112460851669312,15.0
18833,0.6457754969596863,19.0
18834,0.5115635991096497,15.0
18835,0.6327619552612305,19.0
18836,0.4041862189769745,12.0
18837,0.3642832636833191,11.0
18839,0.6250689029693604,19.0
18840,0.27746668457984924,8.0
18841,0.3262704312801361,10.0
18842,0.8252882957458496,25.0
18843,0.5933326482772827,18.0
18844,0.36534130573272705,11.0
18845,0.3081414997577667,9.0
18847,0.4475513994693756,13.0
18848,0.4451138377189636,13.0
18849,0.4953266382217407,15.0
18851,0.7240170836448669,22.0
18852,0.46611663699150085,14.0
18853,0.8015317320823669,24.0
18854,0.3922036290168762,12.0
18855,0.3858811855316162,12.0
18856,0.27110832929611206,8.0
18857,0.9031945466995239,27.0
18858,0.2932980954647064,9.0
18859,0.19174572825431824,6.0
18860,0.4953118860721588,15.0
18861,0.42617690563201904,13.0
18862,0.4096792936325073,12.0
18863,0.5466777086257935,16.0
18864,0.4971475899219513,15.0
18865,0.30353787541389465,9.0
18868,0.7900963425636292,24.0
18870,0.5394837856292725,16.0
18871,0.3732511103153229,11.0
18872,0.5268965363502502,16.0
18873,0.42500174045562744,13.0
18874,0.3956927955150604,12.0
18875,0.2888076901435852,9.0
18876,0.21883812546730042,7.0
18877,0.39335328340530396,12.0
18878,0.31499338150024414,9.0
18879,0.6594210267066956,20.0
18880,0.6596537828445435,20.0
18881,0.3473884165287018,10.0
18882,0.4569658637046814,14.0
18883,0.35248392820358276,11.0
18884,0.4491966962814331,13.0
18885,0.16876456141471863,5.0
18886,0.6037391424179077,18.0
18887,0.2763044238090515,8.0
18888,0.4160308539867401,12.0
18889,0.7746267318725586,23.0
18890,0.7030960917472839,21.0
18891,0.2962658703327179,9.0
18892,0.5706998705863953,17.0
18894,0.4726051986217499,14.0
18895,0.4277876019477844,13.0
18896,0.442817360162735,13.0
18897,0.6356508731842041,19.0
18898,0.4475174844264984,13.0
18899,0.3304397761821747,10.0
18900,0.5993117690086365,18.0
18901,0.5993369221687317,18.0
18902,0.2739388346672058,8.0
18903,0.34958499670028687,10.0
18904,0.648743212223053,19.0
18905,0.32641884684562683,10.0
18906,0.3656812608242035,11.0
18907,0.7218653559684753,22.0
18908,0.5320261716842651,16.0
18909,0.3298152983188629,10.0
18910,0.6538533568382263,20.0
18911,0.27092745900154114,8.0
18912,0.42275282740592957,13.0
18913,0.23316209018230438,7.0
18914,0.48477116227149963,15.0
18915,0.5471320748329163,16.0
18916,0.3395431637763977,10.0
18917,0.44735559821128845,13.0
18919,0.5615087747573853,17.0
18920,0.27388957142829895,8.0
18921,0.3504180312156677,11.0
18922,0.33927294611930847,10.0
18923,0.4975035786628723,15.0
18924,0.3664228618144989,11.0
18925,0.32899579405784607,10.0
18926,0.6294087767601013,19.0
18927,0.4552289545536041,14.0
18928,0.4724792242050171,14.0
18929,0.48543083667755127,15.0
18930,0.14138822257518768,4.0
18931,0.28828415274620056,9.0
18932,0.34205758571624756,10.0
18933,0.5516982674598694,17.0
18934,0.2898104786872864,9.0
18935,0.3775162100791931,11.0
18936,0.42328450083732605,13.0
18937,0.24414001405239105,7.0
18938,0.522026002407074,16.0
18939,0.43393829464912415,13.0
18940,0.48756104707717896,15.0
18941,0.7144370079040527,21.0
18942,0.5216532349586487,16.0
18943,0.46704956889152527,14.0
18944,0.3089337646961212,9.0
18945,0.7770380973815918,23.0
18946,0.6348879337310791,19.0
18947,0.7431612014770508,22.0
18949,0.4761579632759094,14.0
18950,0.49926069378852844,15.0
18951,0.431100457906723,13.0
18952,0.23620688915252686,7.0
18954,0.5769996047019958,17.0
18955,0.31281909346580505,9.0
18956,0.2569911777973175,8.0
18957,0.4628579020500183,14.0
18958,0.13325393199920654,4.0
18959,0.5233173966407776,16.0
18960,0.8552975654602051,26.0
18961,0.2904597222805023,9.0
18962,0.3839475214481354,12.0
18963,0.650197446346283,20.0
18964,0.8521245718002319,26.0
18965,0.37422889471054077,11.0
18967,0.3817477226257324,11.0
18968,0.4753696024417877,14.0
18969,0.7028923034667969,21.0
18970,0.31065863370895386,9.0
18971,0.5634483695030212,17.0
18972,0.4647400379180908,14.0
18973,0.41489505767822266,12.0
18974,0.7220727205276489,22.0
18976,0.3350136876106262,10.0
18977,0.5086196064949036,15.0
18978,0.8957651853561401,27.0
18979,0.5442501902580261,16.0
18980,0.23786486685276031,7.0
18981,0.3241856098175049,10.0
18982,0.4519723057746887,14.0
18983,0.7325431704521179,22.0
18984,0.3687828481197357,11.0
18985,0.5613694787025452,17.0
18986,0.4817878007888794,14.0
18987,0.5034851431846619,15.0
18988,0.4723230302333832,14.0
18989,0.39949727058410645,12.0
18990,0.4538489282131195,14.0
18991,0.5286605954170227,16.0
18993,0.2966315746307373,9.0
18994,0.3032158613204956,9.0
18995,0.467404842376709,14.0
18996,0.34442758560180664,10.0
18997,0.2803049087524414,8.0
18998,0.619918704032898,19.0
18999,0.40655842423439026,12.0
19000,0.5126065015792847,15.0
19001,0.3501322567462921,11.0
19002,0.6438056230545044,19.0
19003,0.8545779585838318,26.0
19004,0.29513347148895264,9.0
19005,0.2949390113353729,9.0
19006,0.5790507197380066,17.0
19007,0.438350111246109,13.0
19008,0.49705857038497925,15.0
19009,0.4591451585292816,14.0
19010,0.10135016590356827,3.0
19011,0.2847004234790802,9.0
19012,0.41545161604881287,12.0
19013,0.8012004494667053,24.0
19015,0.49253442883491516,15.0
19017,0.24927857518196106,7.0
19018,0.5530418157577515,17.0
19020,0.37051764130592346,11.0
19022,0.40607622265815735,12.0
19023,0.34789198637008667,10.0
19024,0.28481000661849976,9.0
19025,0.46738556027412415,14.0
19026,0.5914435982704163,18.0
19027,0.5628558397293091,17.0
19028,0.48442044854164124,15.0
19029,0.7407289743423462,22.0
19030,0.7346095442771912,22.0
19031,0.8232665657997131,25.0
19032,0.3008921444416046,9.0
19033,0.47096410393714905,14.0
19034,0.7725607752799988,23.0
19035,0.4248087704181671,13.0
19036,0.4083985388278961,12.0
19037,0.40505170822143555,12.0
19038,0.5958849191665649,18.0
19039,0.47723978757858276,14.0
19041,0.4321405589580536,13.0
19042,0.3020593822002411,9.0
19044,0.4902530312538147,15.0
19046,0.5062059164047241,15.0
19047,0.2709384858608246,8.0
19048,0.35515856742858887,11.0
19049,0.6832262277603149,20.0
19050,0.6056705713272095,18.0
19051,0.6281290650367737,19.0
19052,0.8015172481536865,24.0
19054,0.4502635598182678,14.0
19055,0.35446763038635254,11.0
19056,0.32241737842559814,10.0
19057,0.47038695216178894,14.0
19058,0.3934343159198761,12.0
19059,0.6193394064903259,19.0
19060,0.4045489728450775,12.0
19061,0.573216438293457,17.0
19062,0.43235844373703003,13.0
19063,0.3306906521320343,10.0
19064,0.2517245411872864,8.0
19065,0.4176836609840393,13.0
19068,0.8657313585281372,26.0
19069,0.4362722635269165,13.0
19070,0.15974600613117218,5.0
19071,0.2675221562385559,8.0
19072,0.7259406447410583,22.0
19073,0.40945494174957275,12.0
19076,0.48286378383636475,14.0
19077,0.3512643873691559,11.0
19078,0.33951684832572937,10.0
19079,0.4231932759284973,13.0
19080,0.6178832650184631,19.0
19081,0.5079542398452759,15.0
19082,0.29048746824264526,9.0
19083,0.6339532732963562,19.0
19084,0.29661938548088074,9.0
19085,0.25344228744506836,8.0
19086,0.5682653188705444,17.0
19087,0.3843490183353424,12.0
19089,0.4257911145687103,13.0
19090,0.45073774456977844,14.0
19091,0.42048051953315735,13.0
19092,0.36414042115211487,11.0
19093,0.3733134865760803,11.0
19094,0.4424084722995758,13.0
19095,0.3959997296333313,12.0
19096,0.45136988162994385,14.0
19097,0.32821518182754517,10.0
19098,0.4919745624065399,15.0
19099,0.6524026989936829,20.0
19100,0.5800881385803223,17.0
19101,0.23598936200141907,7.0
19102,0.3862238824367523,12.0
19103,0.4156106114387512,12.0
19104,0.6404998302459717,19.0
19105,0.4049474596977234,12.0
19106,0.7552841305732727,23.0
19107,0.31108182668685913,9.0
19108,0.32756027579307556,10.0
19109,0.42485693097114563,13.0
19110,0.35261839628219604,11.0
19111,0.2906171977519989,9.0
19112,0.7478432059288025,22.0
19113,0.6855210661888123,21.0
19114,0.45805495977401733,14.0
19116,0.523539125919342,16.0
19117,0.4450910985469818,13.0
19118,0.5099834203720093,15.0
19119,0.3332175314426422,10.0
19120,0.28798216581344604,9.0
19122,0.2070382982492447,6.0
19123,0.8745185732841492,26.0
19124,0.43678808212280273,13.0
19125,0.3123617172241211,9.0
19126,0.3941594958305359,12.0
19127,0.3016674816608429,9.0
19129,0.37602823972702026,11.0
19130,0.23738831281661987,7.0
19131,0.20086346566677094,6.0
19132,0.35172271728515625,11.0
19134,0.3903549611568451,12.0
19135,0.27181476354599,8.0
19136,0.5201070308685303,16.0
19137,0.5512198209762573,17.0
19138,0.43444138765335083,13.0
19139,0.5724112391471863,17.0
19140,0.7877601981163025,24.0
19141,0.3902946710586548,12.0
19143,0.4712526500225067,14.0
19144,0.38570746779441833,12.0
19145,0.6212114095687866,19.0
19146,0.6809774041175842,20.0
19147,0.30375248193740845,9.0
19148,0.6978955268859863,21.0
19149,0.3782184422016144,11.0
19150,0.6901458501815796,21.0
19151,0.30871886014938354,9.0
19152,0.5576072335243225,17.0
19153,0.29774999618530273,9.0
19154,0.32239845395088196,10.0
19155,0.3983706831932068,12.0
19156,0.4736197888851166,14.0
19158,0.5418114066123962,16.0
19159,0.7337093949317932,22.0
19160,0.40664514899253845,12.0
19161,0.5255159735679626,16.0
19162,0.2991483211517334,9.0
19163,0.4361116290092468,13.0
19164,0.4522269368171692,14.0
19165,0.4032869040966034,12.0
19166,0.4293503165245056,13.0
19167,0.6047006249427795,18.0
19168,0.25808191299438477,8.0
19169,0.350353866815567,11.0
19170,0.4642835855484009,14.0
19171,0.24992290139198303,7.0
19172,0.4332260489463806,13.0
19173,0.47604814171791077,14.0
19174,0.8198234438896179,25.0
19175,0.28959524631500244,9.0
19176,0.4410126805305481,13.0
19177,0.40226078033447266,12.0
19178,0.2659247815608978,8.0
19179,0.4717254042625427,14.0
19180,0.19739755988121033,6.0
19181,0.38547927141189575,12.0
19183,0.33530768752098083,10.0
19184,0.28675317764282227,9.0
19185,0.42802929878234863,13.0
19186,0.6090019345283508,18.0
19187,0.4155150055885315,12.0
19188,0.635992705821991,19.0
19189,0.3203636705875397,10.0
19190,0.7029089331626892,21.0
19191,0.36798596382141113,11.0
19192,0.5473921298980713,16.0
19193,0.4598989188671112,14.0
19194,0.4020531475543976,12.0
19195,0.6693975329399109,20.0
19196,0.6244688630104065,19.0
19197,0.8278335332870483,25.0
19198,0.48755261301994324,15.0
19199,0.5413874387741089,16.0
19200,0.47717350721359253,14.0
19201,0.6152452826499939,18.0
19202,0.633706271648407,19.0
19203,0.3815633952617645,11.0
19204,0.4072040915489197,12.0
19205,0.6460877656936646,19.0
19206,0.4755396544933319,14.0
19207,0.6330108046531677,19.0
19208,0.4175296425819397,13.0
19209,0.600002110004425,18.0
19210,0.6513307690620422,20.0
19211,0.6846067309379578,21.0
19212,0.6624658107757568,20.0
19213,0.3533135652542114,11.0
19214,0.5740702152252197,17.0
19215,0.685924768447876,21.0
19216,0.4583224952220917,14.0
19217,0.4514683187007904,14.0
19219,0.21098434925079346,6.0
19220,0.4154890775680542,12.0
19221,0.22411517798900604,7.0
19222,0.6345973610877991,19.0
19223,0.5115823745727539,15.0
19224,0.3235260546207428,10.0
19225,0.2765864431858063,8.0
19226,0.3650287091732025,11.0
19227,0.5418065190315247,16.0
19228,0.2973514795303345,9.0
19229,0.7241561412811279,22.0
19230,0.42901426553726196,13.0
19231,0.26549720764160156,8.0
19232,0.45189255475997925,14.0
19233,0.470549076795578,14.0
19234,0.5546935796737671,17.0
19236,0.5440183877944946,16.0
19237,0.5233538746833801,16.0
19238,0.5083258748054504,15.0
19239,0.6109760403633118,18.0
19240,0.47325992584228516,14.0
19241,0.7144949436187744,21.0
19242,0.47862064838409424,14.0
19243,0.7323550581932068,22.0
19244,0.5601794123649597,17.0
19245,0.341879278421402,10.0
19246,0.3037135899066925,9.0
19247,0.3596242070198059,11.0
19248,0.6461573839187622,19.0
19249,0.3395814299583435,10.0
19250,0.609514057636261,18.0
19251,0.41282978653907776,12.0
19253,0.3602464199066162,11.0
19254,0.4223979115486145,13.0
19255,0.31977882981300354,10.0
19256,0.6174285411834717,19.0
19257,0.41057905554771423,12.0
19258,0.5700193643569946,17.0
19259,0.3836755156517029,12.0
19260,0.42293938994407654,13.0
19261,0.5992922186851501,18.0
19262,0.5303375124931335,16.0
19263,0.5609479546546936,17.0
19264,0.3991920053958893,12.0
19265,0.6049116849899292,18.0
19266,0.7877246141433716,24.0
19267,0.7929952144622803,24.0
19268,0.4151535630226135,12.0
19270,0.6269533038139343,19.0
19271,0.6155210733413696,18.0
19272,0.36993011832237244,11.0
19273,0.6163186430931091,18.0
19274,0.3476795256137848,10.0
19275,0.8064480423927307,24.0
19276,0.35197100043296814,11.0
19277,0.4099069833755493,12.0
19278,0.8562345504760742,26.0
19280,0.3378964066505432,10.0
19281,0.49285876750946045,15.0
19282,0.3205743730068207,10.0
19283,0.4193466901779175,13.0
19285,0.3752133250236511,11.0
19286,0.5035510063171387,15.0
19287,0.3073570132255554,9.0
19289,0.4394379258155823,13.0
19290,0.5373747944831848,16.0
19291,0.262235164642334,8.0
19292,0.48946547508239746,15.0
19293,0.41443222761154175,12.0
19294,0.49207666516304016,15.0
19295,0.45315274596214294,14.0
19296,0.4090062081813812,12.0
19297,0.43893131613731384,13.0
19298,0.537848711013794,16.0
19300,0.3634583652019501,11.0
19301,0.6103337407112122,18.0
19302,0.4440162479877472,13.0
19303,0.327470064163208,10.0
19304,0.39243775606155396,12.0
19305,0.3470952808856964,10.0
19306,0.35335779190063477,11.0
19307,0.5536149144172668,17.0
19308,0.4107572138309479,12.0
19310,0.30335038900375366,9.0
19311,0.7300796508789062,22.0
19312,0.8213515281677246,25.0
19313,0.8717560172080994,26.0
19314,0.5571024417877197,17.0
19315,0.5717090368270874,17.0
19316,0.38674718141555786,12.0
19317,0.40083688497543335,12.0
19318,0.4298122525215149,13.0
19319,0.37855324149131775,11.0
19320,0.23789311945438385,7.0
19321,0.4460486173629761,13.0
19322,0.4765242040157318,14.0
19323,0.25673139095306396,8.0
19324,0.40751466155052185,12.0
19326,0.29532209038734436,9.0
19327,0.3596293032169342,11.0
19328,0.24465011060237885,7.0
19329,0.3315931558609009,10.0
19330,0.24794068932533264,7.0
19331,0.6211867928504944,19.0
19332,0.34360313415527344,10.0
19333,0.41224804520606995,12.0
19334,0.5500147342681885,17.0
19335,0.5571256279945374,17.0
19336,0.5663824081420898,17.0
19337,0.3880607485771179,12.0
19338,0.3418925106525421,10.0
19339,0.3599820137023926,11.0
19340,0.2950863242149353,9.0
19341,0.355608731508255,11.0
19342,0.8250797986984253,25.0
19343,0.4947334825992584,15.0
19344,0.393395334482193,12.0
19345,0.29795023798942566,9.0
19346,0.7348162531852722,22.0
19348,0.2937409281730652,9.0
19349,0.25957608222961426,8.0
19350,0.3860364556312561,12.0
19351,0.5869628190994263,18.0
19352,0.5646213889122009,17.0
19353,0.2754295766353607,8.0
19354,0.4968469440937042,15.0
19355,0.7794450521469116,23.0
19356,0.3285013735294342,10.0
19357,0.32091179490089417,10.0
19358,0.22342762351036072,7.0
19359,0.6207244396209717,19.0
19360,0.6704242825508118,20.0
19361,0.4381144940853119,13.0
19362,0.33809784054756165,10.0
19363,0.6827816367149353,20.0
19364,0.519056499004364,16.0
19366,0.5941538214683533,18.0
19368,0.5121002197265625,15.0
19369,0.3611089885234833,11.0
19371,0.22685520350933075,7.0
19372,0.5163390040397644,15.0
19373,0.27032092213630676,8.0
19374,0.2439211905002594,7.0
19375,0.38811632990837097,12.0
19376,0.2364957481622696,7.0
19377,0.25895291566848755,8.0
19378,0.6163336634635925,18.0
19379,0.6233218312263489,19.0
19380,0.5344014167785645,16.0
19381,0.6537588834762573,20.0
19382,0.4861496090888977,15.0
19383,0.6512258648872375,20.0
19384,0.25584137439727783,8.0
19385,0.355577290058136,11.0
19386,0.6906952261924744,21.0
19387,0.2901792824268341,9.0
19388,0.4108436703681946,12.0
19389,0.43168893456459045,13.0
19390,0.24974340200424194,7.0
19391,0.5190898776054382,16.0
19392,0.3948878049850464,12.0
19393,0.16417208313941956,5.0
19394,0.3250066339969635,10.0
19395,0.9295096397399902,28.0
19396,0.4531398415565491,14.0
19397,0.4394679367542267,13.0
19398,0.2250686138868332,7.0
19400,0.3209725320339203,10.0
19401,0.3380858600139618,10.0
19402,0.4103957712650299,12.0
19403,0.6282929182052612,19.0
19404,0.2772785425186157,8.0
19405,0.37139564752578735,11.0
19406,0.5020804405212402,15.0
19408,0.45764443278312683,14.0
19409,0.3192662000656128,10.0
19410,0.5612723231315613,17.0
19411,0.2530083656311035,8.0
19412,0.5293418765068054,16.0
19413,0.7285742163658142,22.0
19414,0.6761290431022644,20.0
19415,0.40026941895484924,12.0
19416,0.3935791850090027,12.0
19417,0.39235344529151917,12.0
19419,0.542004406452179,16.0
19420,0.33792492747306824,10.0
19421,0.7979617714881897,24.0
19422,0.45245450735092163,14.0
19423,0.45676112174987793,14.0
19424,0.23150129616260529,7.0
19425,0.40646231174468994,12.0
19427,0.8105849027633667,24.0
19428,0.34987643361091614,10.0
19429,0.47761738300323486,14.0
19430,0.22452758252620697,7.0
19431,0.47925710678100586,14.0
19432,0.365582674741745,11.0
19433,0.4854756295681,15.0
19434,0.3167053759098053,10.0
19435,0.5690626502037048,17.0
19436,0.3296218812465668,10.0
19437,0.4503158628940582,14.0
19438,0.32723134756088257,10.0
19439,0.41055211424827576,12.0
19440,0.23729975521564484,7.0
19441,0.866298258304596,26.0
19442,0.41000834107398987,12.0
19443,0.5442847609519958,16.0
19444,0.4365507960319519,13.0
19445,0.34318533539772034,10.0
19446,0.6471357345581055,19.0
19447,0.34024614095687866,10.0
19448,0.436283141374588,13.0
19449,0.4135145843029022,12.0
19450,0.2672416865825653,8.0
19451,0.5687659382820129,17.0
19454,0.28237539529800415,8.0
19455,0.3606339395046234,11.0
19456,0.4651186168193817,14.0
19457,0.49881982803344727,15.0
19458,0.30715593695640564,9.0
19459,0.5690508484840393,17.0
19460,0.4568518102169037,14.0
19462,0.4413260817527771,13.0
19463,0.8209351301193237,25.0
19464,0.3249755799770355,10.0
19465,0.2044106274843216,6.0
19466,0.3671990633010864,11.0
19467,0.37543559074401855,11.0
19468,0.5913529396057129,18.0
19469,0.2883119285106659,9.0
19470,0.6390041708946228,19.0
19471,0.5858556628227234,18.0
19472,0.26340731978416443,8.0
19473,0.6503689289093018,20.0
19474,0.5967786312103271,18.0
19475,0.6236883997917175,19.0
19476,0.47054949402809143,14.0
19477,0.45551037788391113,14.0
19478,0.7160772085189819,21.0
19479,0.34276625514030457,10.0
19480,0.290255069732666,9.0
19481,0.7055923342704773,21.0
19482,0.5761480927467346,17.0
19484,0.5452271699905396,16.0
19485,0.4901367425918579,15.0
19488,0.251483291387558,8.0
19489,0.2901541590690613,9.0
19490,0.33382177352905273,10.0
19491,0.26241984963417053,8.0
19492,0.2754570543766022,8.0
19493,0.20208951830863953,6.0
19494,0.45691555738449097,14.0
19495,0.3315863311290741,10.0
19496,0.6133870482444763,18.0
19497,0.15560969710350037,5.0
19498,0.5155012607574463,15.0
19499,0.718515157699585,22.0
19500,0.37665504217147827,11.0
19501,0.5680164098739624,17.0
19502,0.8933168649673462,27.0
19503,0.3572775423526764,11.0
19504,0.41778814792633057,13.0
19505,0.5805078148841858,17.0
19506,0.5234041213989258,16.0
19507,0.5001698136329651,15.0
19508,0.25234419107437134,8.0
19509,0.24771887063980103,7.0
19510,0.2300599068403244,7.0
19511,0.4890430271625519,15.0
19512,0.6660504341125488,20.0
19513,0.4310038089752197,13.0
19514,0.419302374124527,13.0
19515,0.29219183325767517,9.0
19516,0.5588424801826477,17.0
19517,0.3709442615509033,11.0
19518,0.8313079476356506,25.0
19519,0.43406668305397034,13.0
19520,0.48560383915901184,15.0
19521,0.28227630257606506,8.0
19522,0.7390722036361694,22.0
19523,0.5631284713745117,17.0
19524,0.6690847277641296,20.0
19525,0.46761077642440796,14.0
19526,0.30459466576576233,9.0
19527,0.35842931270599365,11.0
19528,0.2608301341533661,8.0
19529,0.8996466994285583,27.0
19530,0.7710446715354919,23.0
19533,0.35933446884155273,11.0
19534,0.4621194303035736,14.0
19535,0.3557412922382355,11.0
19536,0.3973677456378937,12.0
19537,0.27368131279945374,8.0
19538,0.3773674964904785,11.0
19539,0.5447137951850891,16.0
19540,0.5629374980926514,17.0
19541,0.4030854403972626,12.0
19542,0.321416974067688,10.0
19543,0.4084897041320801,12.0
19544,0.3476996123790741,10.0
19545,0.39656028151512146,12.0
19546,0.3085668087005615,9.0
19547,0.6248024106025696,19.0
19548,0.3678547143936157,11.0
19549,0.16662657260894775,5.0
19550,0.257430762052536,8.0
19553,0.428025484085083,13.0
19554,0.46907976269721985,14.0
19555,0.5117378830909729,15.0
19556,0.7697562575340271,23.0
19557,0.7514150142669678,23.0
19558,0.23805145919322968,7.0
19559,0.6295473575592041,19.0
19561,0.500874400138855,15.0
19562,0.7778546214103699,23.0
19563,0.40188655257225037,12.0
20716,0.606709897518158,36.0
20717,0.7624722123146057,46.0
20718,0.7812211513519287,47.0
20719,0.5894458889961243,35.0
20721,0.4522765278816223,27.0
20722,0.6968204379081726,42.0
20723,0.8444259762763977,51.0
20724,0.3868141174316406,23.0
20725,0.8171109557151794,49.0
20726,0.6791462898254395,41.0
20727,0.5353250503540039,32.0
20728,0.8444854021072388,51.0
20732,0.5550847053527832,33.0
20733,0.5976352691650391,36.0
20734,0.8537217974662781,51.0
20735,0.27533701062202454,17.0
20736,0.7584832906723022,46.0
20737,0.6126093864440918,37.0
20739,0.6771439909934998,41.0
20741,0.36815738677978516,22.0
20742,0.6812784671783447,41.0
20743,0.8084481954574585,49.0
20745,0.5753551721572876,35.0
20746,0.6800703406333923,41.0
20747,0.5376753211021423,32.0
20748,0.6324878334999084,38.0
20751,0.7012460827827454,42.0
20754,0.7057598829269409,42.0
20755,0.39722806215286255,24.0
20756,0.6654247641563416,40.0
20757,0.5372104644775391,32.0
20758,0.731916069984436,44.0
20759,0.8256263136863708,50.0
20760,0.7938737273216248,48.0
20761,0.8265197277069092,50.0
20762,0.5618851184844971,34.0
20763,0.7534895539283752,45.0
20764,0.4106177091598511,25.0
20765,0.8248669505119324,49.0
20766,0.8594952821731567,52.0
20767,0.7274587154388428,44.0
20768,0.8310194611549377,50.0
20769,0.8685664534568787,52.0
20770,0.5829364061355591,35.0
20771,0.545933723449707,33.0
20772,0.5177405476570129,31.0
20773,0.5592631101608276,34.0
20774,0.46074026823043823,28.0
20775,0.4145717918872833,25.0
20776,0.5932877659797668,36.0
20777,0.6455525755882263,39.0
20778,0.637334942817688,38.0
20779,0.6770197153091431,41.0
20781,0.7660875916481018,46.0
20783,0.6987946629524231,42.0
20784,0.5701467394828796,34.0
20785,0.6274157762527466,38.0
20787,0.5010997653007507,30.0
20790,0.7117524743080139,43.0
20791,0.48885083198547363,29.0
20792,0.44977664947509766,27.0
20793,0.8354092836380005,50.0
20794,0.6950765252113342,42.0
20795,0.6360304355621338,38.0
20796,0.8684925436973572,52.0
20797,0.3776397407054901,23.0
20800,0.671085774898529,40.0
20802,0.583962619304657,35.0
20803,0.5417108535766602,33.0
20804,0.4924471080303192,30.0
20805,0.7734481692314148,46.0
20806,0.6835582852363586,41.0
20807,0.48055189847946167,29.0
20808,0.6765447854995728,41.0
20809,0.7927032709121704,48.0
20812,0.8553584218025208,51.0
20813,0.5479682087898254,33.0
20814,0.8339169025421143,50.0
20815,0.572661817073822,34.0
20817,0.3836882412433624,23.0
20818,0.6806626319885254,41.0
20819,0.3900454342365265,23.0
20821,0.9311268925666809,56.0
20822,0.7593193054199219,46.0
20823,0.8893929719924927,53.0
20824,0.7178545594215393,43.0
20825,0.47586584091186523,29.0
20826,0.8342402577400208,50.0
20827,0.7138290405273438,43.0
20828,0.32743820548057556,20.0
20829,0.8310930132865906,50.0
20830,0.5935853719711304,36.0
20831,0.3193020522594452,19.0
20832,0.6632294058799744,40.0
20833,0.739941418170929,44.0
20835,0.7185307741165161,43.0
20836,0.6372891068458557,38.0
20838,0.3495708405971527,21.0
20839,0.19747166335582733,12.0
20840,0.44469311833381653,27.0
20841,0.6502260565757751,39.0
20842,0.8386080265045166,50.0
20844,0.8082413077354431,48.0
20846,0.645684540271759,39.0
20847,0.5864582061767578,35.0
20848,0.787505567073822,47.0
20849,0.7451479434967041,45.0
20850,0.3704252541065216,22.0
20851,0.4888818860054016,29.0
20852,0.7200061082839966,43.0
20853,0.5463754534721375,33.0
20856,0.5694192051887512,34.0
20857,0.646122395992279,39.0
20859,0.7836434841156006,47.0
20860,0.6616970896720886,40.0
20861,0.6118746995925903,37.0
20862,0.8205751180648804,49.0
20863,0.5812919735908508,35.0
20865,0.6872816681861877,41.0
20866,0.7414621710777283,44.0
20869,0.7488970160484314,45.0
20870,0.41666126251220703,25.0
20871,0.1863909512758255,11.0
20872,0.7435789704322815,45.0
20874,0.46302881836891174,28.0
20876,0.6891016364097595,41.0
20877,0.6267085075378418,38.0
20878,0.605482816696167,36.0
20879,0.733090877532959,44.0
20881,0.6438388824462891,39.0
20882,0.7804166674613953,47.0
20883,0.5570428967475891,33.0
20884,0.7384958267211914,44.0
20885,0.43626514077186584,26.0
20887,0.5311776995658875,32.0
20888,0.8531100153923035,51.0
20889,0.6092098951339722,37.0
20892,0.5952440500259399,36.0
20893,0.5130545496940613,31.0
20894,0.7007012963294983,42.0
20895,0.6119800806045532,37.0
20896,0.3621332347393036,22.0
20897,0.30618545413017273,18.0
20898,0.8560991883277893,51.0
20899,0.7064774632453918,42.0
20900,0.6451119780540466,39.0
20901,0.724254846572876,43.0
20902,0.6906766295433044,41.0
20904,0.53033447265625,32.0
20905,0.697275698184967,42.0
20906,0.462903767824173,28.0
20907,0.6875118017196655,41.0
20908,0.528339684009552,32.0
20909,0.7027313113212585,42.0
20910,0.4797405004501343,29.0
20911,0.6413843631744385,38.0
20913,0.5925891995429993,36.0
20914,0.7458571195602417,45.0
20915,0.8665139675140381,52.0
20916,0.7620785236358643,46.0
20917,0.6360326409339905,38.0
20918,0.3950895667076111,24.0
20919,0.38508185744285583,23.0
20920,0.5142815113067627,31.0
20921,0.8704866170883179,52.0
20922,0.43158167600631714,26.0
20923,0.6197182536125183,37.0
20924,0.4237457513809204,25.0
20925,0.4805733561515808,29.0
20926,0.8178110718727112,49.0
20927,0.7289786338806152,44.0
20928,0.5451934933662415,33.0
20929,0.3772234618663788,23.0
20930,0.8258087038993835,50.0
20931,0.7814229130744934,47.0
20932,0.7720769643783569,46.0
20933,0.5740388631820679,34.0
20935,0.7220224142074585,43.0
20936,0.6989740133285522,42.0
20938,0.6685482263565063,40.0
20939,0.452260285615921,27.0
20940,0.5221506357192993,31.0
20942,0.6324172616004944,38.0
20943,0.8406820297241211,50.0
20944,0.7193916440010071,43.0
20945,0.2803013324737549,17.0
20946,0.832183837890625,50.0
20947,0.840739369392395,50.0
20948,0.7335084676742554,44.0
20949,0.7066352963447571,42.0
20953,0.6542020440101624,39.0
20954,0.286663681268692,17.0
20955,0.7244437336921692,43.0
20956,0.5100799202919006,31.0
20957,0.8415746092796326,50.0
20958,0.652873158454895,39.0
20959,0.8072178363800049,48.0
20962,0.8792082667350769,53.0
20963,0.7427189350128174,45.0
20964,0.7480478882789612,45.0
20965,0.3597986400127411,22.0
20966,0.6592884063720703,40.0
20967,0.3138051927089691,19.0
20968,0.6936324238777161,42.0
20971,0.8103405237197876,49.0
20972,0.47495168447494507,28.0
20973,0.6856834888458252,41.0
20974,0.8488613963127136,51.0
20975,0.637505292892456,38.0
20976,0.8373039960861206,50.0
20977,0.745945155620575,45.0
20979,0.5438264012336731,33.0
20981,0.5181609988212585,31.0
20982,0.5245340466499329,31.0
20983,0.762463390827179,46.0
20984,0.6022952198982239,36.0
20985,0.48088186979293823,29.0
20987,0.6645688414573669,40.0
20988,0.8144389390945435,49.0
20992,0.7025946378707886,42.0
20993,0.8308731317520142,50.0
20994,0.7352635264396667,44.0
20996,0.3679877817630768,22.0
20998,0.75553959608078,45.0
20999,0.6689988970756531,40.0
21000,0.3929345905780792,24.0
21001,0.7492936253547668,45.0
21002,0.5758561491966248,35.0
21003,0.7150766253471375,43.0
21004,0.48801547288894653,29.0
21005,0.5873368382453918,35.0
21006,0.7486046552658081,45.0
21007,0.6175297498703003,37.0
21008,0.6323306560516357,38.0
21009,0.6998735070228577,42.0
21010,0.5775666236877441,35.0
21012,0.5020028948783875,30.0
21013,0.30178573727607727,18.0
21014,0.46663761138916016,28.0
21015,0.7242041826248169,43.0
21016,0.4851618707180023,29.0
21017,0.3095438778400421,19.0
21020,0.27405786514282227,16.0
21021,0.7120248079299927,43.0
21022,0.7353960275650024,44.0
21023,0.5736261606216431,34.0
21024,0.340304434299469,20.0
21025,0.6710430383682251,40.0
21026,0.6415804624557495,38.0
21028,0.7490702867507935,45.0
21029,0.3350383937358856,20.0
21030,0.6192455887794495,37.0
21031,0.5452522039413452,33.0
21032,0.8745023012161255,52.0
21033,0.5470045804977417,33.0
21034,0.5359451174736023,32.0
21035,0.6966626048088074,42.0
21036,0.6983140110969543,42.0
21037,0.9488577842712402,57.0
21038,0.5249758958816528,31.0
21039,0.5436875820159912,33.0
21042,0.8118932843208313,49.0
21043,0.7938927412033081,48.0
21044,0.709617555141449,43.0
21045,0.5264559984207153,32.0
21049,0.6265437602996826,38.0
21051,0.7781365513801575,47.0
21052,0.6737377047538757,40.0
21053,0.6333547830581665,38.0
21054,0.7568094730377197,45.0
21055,0.47001874446868896,28.0
21056,0.7828376293182373,47.0
21057,0.8706302642822266,52.0
21058,0.8552760481834412,51.0
21059,0.7377480864524841,44.0
21060,0.8998468518257141,54.0
21061,0.4431316554546356,27.0
21063,0.6440280079841614,39.0
21064,0.6022960543632507,36.0
21065,0.7373431921005249,44.0
21067,0.8726336359977722,52.0
21068,0.6473626494407654,39.0
21069,0.6180168390274048,37.0
21070,0.8193683624267578,49.0
21071,0.6814772486686707,41.0
21072,0.716803789138794,43.0
21073,0.7345765233039856,44.0
21074,0.8092366456985474,49.0
21075,0.7162786722183228,43.0
21076,0.7882065773010254,47.0
21077,0.5939948558807373,36.0
21078,0.558810830116272,34.0
21079,0.4987642467021942,30.0
21081,0.694832980632782,42.0
21083,0.7372686862945557,44.0
21085,0.6687242388725281,40.0
21086,0.5273198485374451,32.0
21087,0.4895287752151489,29.0
21089,0.6161593794822693,37.0
21090,0.5613833069801331,34.0
21091,0.41812318563461304,25.0
21092,0.7349041104316711,44.0
21093,0.7926598787307739,48.0
21094,0.8580234050750732,51.0
21095,0.7948535680770874,48.0
21096,0.5262735486030579,32.0
21097,0.7440983653068542,45.0
21098,0.8672857284545898,52.0
21099,0.7949328422546387,48.0
21101,0.5098803043365479,31.0
21102,0.44310590624809265,27.0
21103,0.38372060656547546,23.0
21105,0.8125548958778381,49.0
21106,0.660784125328064,40.0
21107,0.7300135493278503,44.0
21109,0.677192747592926,41.0
21110,0.7873755693435669,47.0
21111,0.714332103729248,43.0
21112,0.5733436346054077,34.0
21113,0.6440736055374146,39.0
21114,0.6501884460449219,39.0
21115,0.43212494254112244,26.0
21116,0.6680111885070801,40.0
21118,0.8212611675262451,49.0
21119,0.6390284299850464,38.0
21120,0.9158484935760498,55.0
21122,0.8728591203689575,52.0
21123,0.7234782576560974,43.0
21126,0.5111627578735352,31.0
21127,0.692654550075531,42.0
21129,0.7310981154441833,44.0
21130,0.8654741048812866,52.0
21131,0.5905731320381165,35.0
21132,0.5104185938835144,31.0
21133,0.6923491954803467,42.0
21134,0.6724643111228943,40.0
21135,0.7249125838279724,43.0
21136,0.7559854388237,45.0
21137,0.8208947777748108,49.0
21138,0.515109658241272,31.0
21140,0.1860414743423462,11.0
21141,0.3946727514266968,24.0
21142,0.5223286151885986,31.0
21143,0.7811800241470337,47.0
21144,0.6033462285995483,36.0
21145,0.5578431487083435,33.0
21146,0.7934454083442688,48.0
21147,0.7302917838096619,44.0
21148,0.5406234860420227,32.0
21149,0.6998214721679688,42.0
21150,0.3336648941040039,20.0
21151,0.6460809707641602,39.0
21153,0.4956068694591522,30.0
21154,0.6954960227012634,42.0
21155,0.7440656423568726,45.0
21156,0.7043477296829224,42.0
21157,0.8495610356330872,51.0
21158,0.8039041757583618,48.0
21159,0.7386761903762817,44.0
21160,0.613698422908783,37.0
21161,0.6591156721115112,40.0
21163,0.6141300201416016,37.0
21164,0.743792712688446,45.0
21166,0.4219648540019989,25.0
21167,0.8492873907089233,51.0
21168,0.7936803698539734,48.0
21170,0.7868002653121948,47.0
21171,0.6605914235115051,40.0
21174,0.7535561919212341,45.0
21175,0.8137093782424927,49.0
21176,0.4974311888217926,30.0
21177,0.3343358039855957,20.0
21178,0.6178985238075256,37.0
21179,0.37518027424812317,23.0
21180,0.7197698950767517,43.0
21181,0.673287570476532,40.0
21182,0.5362218022346497,32.0
21183,0.6995357871055603,42.0
21185,0.8050393462181091,48.0
21186,0.6794130206108093,41.0
21188,0.5094449520111084,31.0
21189,0.5714841485023499,34.0
21190,0.6943020820617676,42.0
21191,0.5963634252548218,36.0
21192,0.5123116970062256,31.0
21193,0.7288330793380737,44.0
21194,0.6872806549072266,41.0
21195,0.6775272488594055,41.0
21198,0.6898179054260254,41.0
21199,0.7172500491142273,43.0
21200,0.8774824738502502,53.0
21202,0.752988338470459,45.0
21203,0.7797164916992188,47.0
21204,0.4703481197357178,28.0
21205,0.35515791177749634,21.0
21206,0.6442482471466064,39.0
21207,0.7692575454711914,46.0
21208,0.8010247945785522,48.0
21209,0.7319607138633728,44.0
21210,0.6622862219810486,40.0
21211,0.669914186000824,40.0
21213,0.5124233365058899,31.0
21214,0.47481822967529297,28.0
21215,0.7285972237586975,44.0
21217,0.46633368730545044,28.0
21218,0.8502280712127686,51.0
21219,0.7568517327308655,45.0
21220,0.6571274995803833,39.0
21221,0.5007573962211609,30.0
21222,0.32779887318611145,20.0
21223,0.6224994659423828,37.0
21224,0.6261526942253113,38.0
21225,0.8748471140861511,52.0
21227,0.7306661009788513,44.0
21229,0.7040847539901733,42.0
21230,0.6240022778511047,37.0
21233,0.7106953859329224,43.0
21235,0.487966924905777,29.0
21236,0.5398552417755127,32.0
21237,0.8053896427154541,48.0
21238,0.5609376430511475,34.0
21240,0.2441636025905609,15.0
21241,0.577231764793396,35.0
21244,0.37442344427108765,22.0
21245,0.7974281907081604,48.0
21246,0.628574788570404,38.0
21247,0.7594378590583801,46.0
21248,0.5020942687988281,30.0
21249,0.5824171900749207,35.0
21250,0.804767370223999,48.0
21251,0.7067772746086121,42.0
21253,0.5179402828216553,31.0
21255,0.5711868405342102,34.0
21256,0.5283911824226379,32.0
21257,0.617327868938446,37.0
21258,0.4215955436229706,25.0
21259,0.6615172028541565,40.0
21261,0.6777248382568359,41.0
21262,0.6797972917556763,41.0
21263,0.8191161751747131,49.0
21264,0.4585418701171875,28.0
21265,0.422148197889328,25.0
21266,0.6078770160675049,36.0
21268,0.45490533113479614,27.0
21269,0.6548519730567932,39.0
21271,0.4309380054473877,26.0
21272,0.6882948279380798,41.0
21273,0.5580022931098938,33.0
21274,0.6413875818252563,38.0
21275,0.8491658568382263,51.0
21276,0.7676049470901489,46.0
21277,0.4939716160297394,30.0
21279,0.5045451521873474,30.0
21280,0.7518709897994995,45.0
21281,0.6084665060043335,37.0
21284,0.6386330723762512,38.0
21285,0.7205417156219482,43.0
21286,0.6826173663139343,41.0
21287,0.7598438858985901,46.0
21288,0.836233913898468,50.0
21289,0.7798949480056763,47.0
21290,0.5837792754173279,35.0
21291,0.7766121625900269,47.0
21292,0.7224929332733154,43.0
21293,0.3386784791946411,20.0
21294,0.34839320182800293,21.0
21295,0.7146968245506287,43.0
21296,0.7325261235237122,44.0
21297,0.6031690239906311,36.0
21298,0.3650779724121094,22.0
21299,0.8096536993980408,49.0
21300,0.9222471714019775,55.0
21301,0.2380290925502777,14.0
21302,0.7537462115287781,45.0
21304,0.7975305914878845,48.0
21306,0.6944881677627563,42.0
21307,0.5234760046005249,31.0
21308,0.5632640719413757,34.0
21309,0.6869044899940491,41.0
21310,0.5380333662033081,32.0
21312,0.6671149134635925,40.0
21315,0.7971029877662659,48.0
21318,0.32307660579681396,19.0
21319,0.844100832939148,51.0
21321,0.7930678725242615,48.0
21322,0.5397908091545105,32.0
21323,0.7498595118522644,45.0
21324,0.7957305908203125,48.0
21325,0.8470648527145386,51.0
21327,0.5077111124992371,30.0
21329,0.4979761838912964,30.0
21330,0.6992642879486084,42.0
21331,0.20426659286022186,12.0
21332,0.577337384223938,35.0
21333,0.6029459834098816,36.0
21334,0.30930373072624207,19.0
21336,0.6722686886787415,40.0
21338,0.5925170183181763,36.0
21339,0.5707226991653442,34.0
21340,0.72760409116745,44.0
21342,0.6933450102806091,42.0
21343,0.6965466141700745,42.0
21344,0.6671122312545776,40.0
21345,0.6276049613952637,38.0
21346,0.4944846034049988,30.0
21347,0.8357171416282654,50.0
21348,0.760403573513031,46.0
21350,0.6348024010658264,38.0
21351,0.50446617603302,30.0
21352,0.6327261924743652,38.0
21354,0.37494367361068726,22.0
21355,0.4130401611328125,25.0
21356,0.8203263282775879,49.0
21357,0.7130221128463745,43.0
21358,0.8444419503211975,51.0
21360,0.4993780255317688,30.0
21361,0.6715661287307739,40.0
21364,0.736843466758728,44.0
21365,0.711712121963501,43.0
21366,0.7642581462860107,46.0
21367,0.6446267366409302,39.0
21369,0.40601620078086853,24.0
21370,0.3888026177883148,23.0
21373,0.8018361926078796,48.0
21374,0.7503113150596619,45.0
21375,0.6535046100616455,39.0
21377,0.6006574034690857,36.0
21379,0.7485035061836243,45.0
21380,0.5941178798675537,36.0
21382,0.7618411183357239,46.0
21383,0.7347990274429321,44.0
21384,0.6097686290740967,37.0
21385,0.8688349723815918,52.0
21386,0.709684431552887,43.0
21387,0.7710651755332947,46.0
21388,0.747778058052063,45.0
21389,0.276259183883667,17.0
21390,0.6563020944595337,39.0
21391,0.668868362903595,40.0
21392,0.6158039569854736,37.0
21393,0.380312979221344,23.0
21394,0.6157134175300598,37.0
21397,0.6337700486183167,38.0
21398,0.8765971660614014,53.0
21399,0.38173267245292664,23.0
21403,0.8351927995681763,50.0
21404,0.6691995859146118,40.0
21405,0.48506468534469604,29.0
21407,0.4666408896446228,28.0
21408,0.2979758083820343,18.0
21409,0.7439993619918823,45.0
21410,0.6092615127563477,37.0
21411,0.49663546681404114,30.0
21412,0.5122020244598389,31.0
21413,0.7920570373535156,48.0
21414,0.591210126876831,35.0
21415,0.6893391609191895,41.0
21416,0.4824748635292053,29.0
21418,0.7592177987098694,46.0
21419,0.6444923281669617,39.0
21421,0.8522228002548218,51.0
21422,0.7286658883094788,44.0
21424,0.7633466720581055,46.0
21425,0.43548789620399475,26.0
21426,0.7882249355316162,47.0
21427,0.6706560850143433,40.0
21428,0.5293476581573486,32.0
21429,0.8998697400093079,54.0
21431,0.6700695157051086,40.0
21432,0.8056000471115112,48.0
21433,0.7467982172966003,45.0
21434,0.47741323709487915,29.0
21436,0.5736570954322815,34.0
21437,0.6723589301109314,40.0
21438,0.6209591627120972,37.0
21440,0.6517592072486877,39.0
21441,0.8162876963615417,49.0
21442,0.5838636159896851,35.0
21443,0.6051987409591675,36.0
21444,0.34333381056785583,21.0
21446,0.4046979248523712,24.0
21447,0.5956727266311646,36.0
21448,0.36866578459739685,22.0
21449,0.383761465549469,23.0
21450,0.6150590181350708,37.0
21451,0.7091864943504333,43.0
21452,0.3914657235145569,23.0
21453,0.6360359191894531,38.0
21454,0.8038637042045593,48.0
21456,0.785726010799408,47.0
21457,0.5569533705711365,33.0
21458,0.6662320494651794,40.0
21459,0.7703500986099243,46.0
21460,0.39304497838020325,24.0
21462,0.7177238464355469,43.0
21463,0.30166536569595337,18.0
21465,0.6343737244606018,38.0
21467,0.6522942185401917,39.0
21468,0.4935760796070099,30.0
21470,0.8465636968612671,51.0
21471,0.7883794903755188,47.0
21472,0.7048156261444092,42.0
21473,0.5766255855560303,35.0
21475,0.5498590469360352,33.0
21476,0.2703273594379425,16.0
21477,0.2558259963989258,15.0
21478,0.7801717519760132,47.0
21479,0.6354758143424988,38.0
21480,0.7235512137413025,43.0
21481,0.6461362242698669,39.0
21482,0.49496912956237793,30.0
21483,0.5540564656257629,33.0
21484,0.8977733254432678,54.0
21485,0.6570385098457336,39.0
21487,0.5560188293457031,33.0
21488,0.7328761219978333,44.0
21489,0.2253703773021698,14.0
21490,0.7292534112930298,44.0
21491,0.6778410077095032,41.0
21494,0.6602347493171692,40.0
21495,0.5350100994110107,32.0
21500,0.7122464776039124,43.0
21501,0.35776159167289734,21.0
21502,0.7711735367774963,46.0
21503,0.6726350784301758,40.0
21505,0.5802791118621826,35.0
21506,0.6993741989135742,42.0
21507,0.6990339756011963,42.0
21508,0.8692479729652405,52.0
21509,0.5095201134681702,31.0
21510,0.8428341746330261,51.0
21511,0.5972933173179626,36.0
21512,0.41604653000831604,25.0
21513,0.7318989038467407,44.0
21514,0.47486016154289246,28.0
21515,0.6187711954116821,37.0
21516,0.6785544753074646,41.0
21517,0.49760669469833374,30.0
21518,0.5570352077484131,33.0
21519,0.7502081990242004,45.0
21521,0.8779319524765015,53.0
21522,0.6835485100746155,41.0
21525,0.6119706630706787,37.0
21526,0.6811896562576294,41.0
21529,0.5942408442497253,36.0
21530,0.6269678473472595,38.0
21531,0.8425623178482056,51.0
21532,0.7505537867546082,45.0
21533,0.40334632992744446,24.0
21535,0.5965185761451721,36.0
21536,0.5942849516868591,36.0
21537,0.4918224811553955,30.0
21539,0.9126262068748474,55.0
21540,0.8068388104438782,48.0
21541,0.5360082387924194,32.0
21542,0.6851412653923035,41.0
21544,0.5488480925559998,33.0
21545,0.6378640532493591,38.0
21546,0.6607697010040283,40.0
21547,0.7397714853286743,44.0
21548,0.6710466742515564,40.0
21549,0.3238282799720764,19.0
21550,0.7103182077407837,43.0
21552,0.5188428163528442,31.0
21553,0.38732674717903137,23.0
21554,0.5418209433555603,33.0
21555,0.344905823469162,21.0
21556,0.8741583824157715,52.0
21557,0.7939872741699219,48.0
21558,0.7933747172355652,48.0
21559,0.553830623626709,33.0
21560,0.8628836274147034,52.0
21561,0.5044768452644348,30.0
21563,0.8145977854728699,49.0
21564,0.8110388517379761,49.0
21566,0.8075567483901978,48.0
21567,0.7185938954353333,43.0
21568,0.6570290327072144,39.0
21569,0.5134109854698181,31.0
21570,0.5564417243003845,33.0
21571,0.5588766932487488,34.0
21573,0.640052080154419,38.0
21574,0.8240618109703064,49.0
21575,0.3839226961135864,23.0
21577,0.5525558590888977,33.0
21578,0.550963819026947,33.0
21579,0.3169008195400238,19.0
21581,0.5516160726547241,33.0
21582,0.6143607497215271,37.0
21584,0.7190802097320557,43.0
21586,0.673772931098938,40.0
21587,0.394588440656662,24.0
21589,0.6176498532295227,37.0
21592,0.6253484487533569,38.0
21594,0.65772545337677,39.0
21595,0.5587064623832703,34.0
21596,0.44833219051361084,27.0
21598,0.3952149450778961,24.0
21599,0.7945312261581421,48.0
21601,0.5478646159172058,33.0
21603,0.5987423658370972,36.0
21604,0.6432274580001831,39.0
21605,0.5073384642601013,30.0
21606,0.5247725248336792,31.0
21607,0.8611276745796204,52.0
21608,0.6163430213928223,37.0
21609,0.8432765603065491,51.0
21610,0.8063110113143921,48.0
21611,0.8526483178138733,51.0
21613,0.8052780628204346,48.0
21615,0.7206204533576965,43.0
21617,0.7480630278587341,45.0
21618,0.6594498157501221,40.0
21619,0.24062569439411163,14.0
21620,0.6756754517555237,41.0
21621,0.7102691531181335,43.0
21623,0.713007926940918,43.0
21624,0.6087610721588135,37.0
21626,0.7288012504577637,44.0
21628,0.5914304256439209,35.0
21629,0.8362919688224792,50.0
21630,0.6605542302131653,40.0
21633,0.6285662055015564,38.0
