sample_id,value
2978,-0.0027801733538131285
2979,0.0026272834462282846
2980,0.005557547780210871
2981,0.004528011145341626
2982,0.000874968285834778
2983,0.007481322556770111
2984,0.0018682891175510474
2985,-0.0005840306743236778
2986,0.00443468399793389
2987,0.0030872525398275077
2988,0.0002845642155135473
2989,0.005230153908117784
2990,0.01339179655021754
2991,0.003280294597702231
2992,0.017365810899809465
2993,0.003325803352196472
2994,-0.0007172265870721631
2995,0.0002827555460014567
2996,-0.0011462044917743327
2997,-0.0013669755484028469
2998,0.0009054336348046903
2999,0.008738493360842026
3000,0.0030051805790574024
3001,-0.0024064491328742218
3002,0.009330987442119645
3003,0.006204595986343143
3004,0.01769408593604611
3005,0.0018831665173589234
3006,-0.0012061503536270213
3007,0.0009896036396818252
3008,-0.002931888729247583
3009,-0.0014013359466476874
3010,0.005753112953766907
3011,-0.001126544616628004
3012,0.0026213389020168093
3013,0.0029002471912882855
3014,0.0039532117303622515
3015,0.006134455482813574
3016,0.014933573156984039
3017,0.003867947234634947
3018,-2.4715046560144435e-05
3019,0.0009663900763087381
3020,0.008457672185703851
3021,0.0019104126595758976
3022,-0.0011534053749886943
3023,0.007004138469938224
3024,0.008048956067579126
3025,0.006894425081332582
3026,0.008800633310753272
3027,0.00734131481353853
3028,0.010126253056956757
3029,0.006961262044883131
3030,-0.0005766879426360397
3031,0.0017863839939358892
3032,0.0033125865468151237
3033,0.008871491844689806
3034,-0.0008799762054493964
3035,0.0009143699414646458
3036,-0.0011857919244403457
3037,0.004157766819883012
3038,0.003977291296964003
3039,0.00842741295456189
3040,-0.0005236651695870956
3041,-0.0017677707665695753
3042,-0.0011799105136610123
3043,0.0005178159898867815
3044,-0.0004943759758088712
3045,0.023652334003762234
3046,-0.000269092433275879
3047,0.012057872749953409
3048,-0.002511269841281692
3049,0.0073541779401180285
3050,-0.0003222270502178451
3051,-0.0015349575005220353
3052,0.0065607573396049175
3053,-0.0001974011286235578
3054,0.00186023825056255
3055,-0.0024779446680441367
3056,0.00565562861567339
3057,0.008035392079283322
3058,0.005191124973761875
3059,-0.0015063651712631278
3060,-0.002221577123438314
3061,-0.0019568766701979316
3062,0.006576466986374523
3063,0.009757009468750438
3064,0.0010526858206561188
3065,-0.0014550968483530245
3066,0.016482337595051293
3067,-0.0026093846124136625
3068,-0.0029998785019587585
3069,0.026876765380320005
3070,-0.00048150153192493515
3071,0.010841687296634431
3072,0.00806133253504011
3073,0.020522468279359437
3074,0.007275260774045139
3075,0.006876477419418825
3076,0.009625393134567714
3077,0.002917611730654395
3078,0.003508561910119546
3079,-0.0015354051309942815
3080,0.007044550441376762
3081,0.006727268811942605
3082,0.0003006062725940412
3083,0.0038883160681433653
3084,0.005671579864977707
3085,-0.0036965333956039802
3086,-0.0015305578915778412
3087,-0.0009831726164191267
3088,0.006960225418571608
3089,0.002109639282090483
3090,0.0056449409799056195
3091,0.0022023893317559586
3092,0.0017783452891815474
3093,0.005570241671126432
3094,-0.0007318129103531176
3095,-0.002104066117457122
3096,0.003451719671271107
3097,-0.00011423855862506549
3098,-0.0007072142338679088
3099,0.0031512013465132237
3100,0.0058365858537794656
3101,0.002924992102990992
3102,-0.0001992081255951534
3103,0.002362653053977058
3104,0.0008030809758796144
3105,-0.00136693074326363
3106,0.0007078142532273273
3107,-0.0004283124344801152
3108,-0.0012280816559673592
3109,0.0018768748478134017
3110,0.002532131770911404
3111,0.00013946491902955792
3112,-0.0001731248135175001
3113,0.0011417197888160154
3114,0.0105031664601822
3115,0.0018724386747522147
3116,-0.0022180001980479785
3117,0.00875086877123971
3118,0.01651335501688453
3119,-0.0005292886644671941
3120,0.004792759980548782
3121,-0.001801648605973356
3122,0.004347051733756057
3123,0.0012013291371534285
3124,0.010353372362767715
3125,-0.00209051582749893
3126,0.019109426182150595
3127,0.015596917837761393
3128,0.014389538839683618
3129,0.0234995945352604
3130,-0.003099037076506335
3131,0.0033169161929114434
3132,0.00946777383746894
3133,0.003013296000356259
3134,-0.0027011845924175496
3135,0.014527232179857429
3136,-0.0026824970550291833
3137,0.00430913729126204
3138,0.0005173313991437625
3139,-0.0017820514732527163
3140,0.011664589750303087
3141,0.002090250796486958
3142,0.008087729657157192
3143,0.005650102475955068
3144,0.013961963799885041
3145,-0.0002909104343604141
3146,-0.002725432726534976
3147,0.012168142001103895
3148,0.002569618349653302
3149,5.800013994286708e-05
3150,-0.0026251252061902843
3151,0.0017170004806781394
3152,0.0033735466482866343
3153,-0.0012832815123981697
3154,0.00827684259723789
3155,-0.0009458851973655064
3156,0.04837735808131867
3157,0.009689206739694024
3158,-0.00078193030525168
3159,-0.002723382506432436
3160,0.004377196240689368
3161,0.01991077111256691
3162,0.0061474026246446135
3163,0.0008602584466294392
3164,-0.0028220239972436816
3165,0.009431391436550758
3166,-0.002240419927031015
3167,0.001884529970005074
3168,0.005699128544576281
3169,-0.0016870518945634478
3170,-0.0017258980213951409
3171,-0.002253796576231369
3172,-0.003030712108216224
3173,0.0011092957754396584
3174,0.0032676547489530645
3175,0.004869815696323214
3176,-0.0006135768851033632
3177,0.0015899658295706297
3178,-0.002372169595989031
3179,0.005310609831784371
3180,0.015731526541811224
3181,0.0015128255839206798
3182,0.004310658001019957
3183,-0.002193536074580598
3184,-8.164202207456596e-05
3185,0.002447814561372344
3186,-0.0004139548601947811
3187,0.001132921475928944
3188,-0.002773392567881198
3189,-0.001427583893950363
3190,0.0026351616006836318
3191,0.007541112804864726
3192,0.005408735194163444
3193,0.004819721045600082
3194,-0.0016368865525121633
3195,0.0015468527149250164
3196,0.00938782742808559
3197,0.0013610135152101414
3198,0.004303254480650904
3199,0.0015826381939722783
3200,-0.0029821776490960763
3201,0.007293446519414361
3202,-0.001273401417169794
3203,0.02252089705665322
3204,0.0010312712380050899
3205,0.003486195869036337
3206,0.0012978683180495908
3207,-0.0010578098969194188
3208,0.005765148015995019
3209,-0.0015378521192098028
3210,0.004368603984843844
3211,0.006586840924632558
3212,0.00552853342005543
3213,0.005071423928259898
3214,-0.0037184930379842683
3215,0.0013648593731471325
3216,0.015486036445114326
3217,0.005210496111365707
3218,2.127598440853154e-05
3219,-0.0019054148043617086
3220,0.0031280650682797735
3221,0.008365933791803063
3222,-0.0029134018944876935
3223,0.007471723944369894
3224,0.01026338203843799
3225,0.008165391655457571
3226,0.005891540963202994
3227,0.00022932274797828056
3228,-0.002030190025335379
3229,0.004256946625755723
3230,0.005101368403078711
3231,0.0004597746425037408
3232,0.015429114993533565
3233,-0.0010870046691880356
3234,0.0043276307429948625
3235,0.014505978746333605
3236,0.007628350145808732
3237,0.008765767683496607
3238,0.0065484105142717755
3239,0.006153481270814096
3240,0.0023291500708560176
3241,0.0020332254812686495
3242,0.005609645848739846
3243,0.0023289881127088463
3244,0.009135046369322636
3245,0.007926419423003771
3246,0.010696722447615745
3247,-0.001382644794491402
3248,0.0050215346784729595
3249,-0.0001550570508657926
3250,0.014982804075577796
3251,-0.0014128021146159186
3252,0.0041851568169443965
3253,0.0034313526887443414
3254,0.005547255670155595
3255,0.004833500584134533
3256,-0.0009421473467458325
3257,0.014533899037613422
3258,0.0019177529029475726
3259,0.005916088787158151
3260,0.000431137237192231
3261,-0.0019926353763844804
3262,0.006238966062697349
3263,0.003223187354068919
3264,0.0048366000055164934
3265,0.0012564574357545356
3266,0.01330249780167702
3267,0.007105408727990512
3268,0.0045911734483128006
3269,-0.002649390655356911
3270,0.0017084031662915576
3271,0.0009742516071900541
3272,0.004015795648150272
3273,0.015173721107623099
3274,0.020550413512588416
3275,0.0019312117660417391
3276,0.014929809840479844
3277,0.004563559951086007
3278,-0.0009530554236178244
3279,0.02030463587058866
3280,0.0039355482052614715
3281,-0.002108334055825308
3282,0.0030610610703434987
3283,0.005276576007452592
3284,0.008367153259520605
3285,0.0012453163870258816
3286,0.008516004798790642
3287,0.0002641371572665741
3288,0.006195476408328685
3289,0.00899984318226326
3290,0.0006578295705173681
3291,0.002659861977379937
3292,0.007884636695211389
3293,0.011388432872412046
3294,0.0031311143258645133
3295,0.00828276639274671
3296,0.0038979814082735903
3297,0.003564483768281463
3298,0.0015603799168234997
3299,0.010764146879174721
3300,-0.00151073861877969
3301,0.0013615056651283975
3302,0.0020473421709855007
3303,-0.0018069313945898759
3304,-0.0005630313802146032
3305,0.005654471640911235
3306,-0.0027333144378956977
3307,0.00895498723940346
3308,0.0006203808453896092
3309,-0.0015055290883080764
3310,-0.0022257213390166584
3311,0.001346111410061154
3312,0.0017276376726201494
3313,0.0026414865002106908
3314,0.023899153325222865
3315,0.009339542342806675
3316,0.004451919708055696
3317,0.004942131204977433
3318,0.005068455605245971
3319,-0.0026890469976376813
3320,-0.002789067032571228
3321,0.007712500613481246
3322,0.0025965096006075467
3323,0.010204059114978962
3324,-0.0010642040753004647
3325,-0.0008320267783911255
3326,0.011015726177374261
3327,0.01569188619732371
3328,0.01059799729874052
3329,0.006404842479783537
3330,3.940603510494377e-05
3331,-0.0021302456135742845
3332,-0.0005247468005616721
3333,0.0015765537945194568
3334,0.0043072924384684776
3335,0.004814810293065776
3336,0.005563807582496118
3337,0.0032367086237764416
3338,0.0015193565351227564
3339,0.00019550799159985706
3340,0.007727729338639133
3341,0.009043892918393692
3342,0.01459748510192578
3343,-0.001730836493451791
3344,0.003196697544176553
3345,0.010361467354287838
3346,0.0033858665861547337
3347,0.0009620804374419964
3348,0.006882997764907455
3349,0.005510415182123869
3350,0.003995149296226713
3351,0.0008659019787731898
3352,0.001057352869784282
3353,1.882639072367867e-05
3354,0.0024229440044057117
3355,0.003348600069250779
3356,0.005127652467695674
3357,0.0015184918550769418
3358,0.008032962243223422
3359,0.01474787775596851
3360,0.0028626446241542154
3361,-7.421322550832214e-05
3362,-0.00040438852407559574
3363,0.012241637133542815
3364,0.0037888081515230244
3365,0.007257709853025807
3366,0.003581746037337765
3367,0.010516718848633165
3368,0.011098865320816553
3369,0.0010345465746424386
3370,0.00014739633295314872
3371,0.008959702547704677
3372,0.008587355553262753
3373,0.015964013099758135
3374,0.005118368427240477
3375,0.02883065205035269
3376,0.0031484071125367635
3377,-0.0017673403686816955
3378,0.0034066307767832565
3379,0.004626957595246908
3380,-0.0012732042320669178
3381,0.0017425525030189178
3382,0.0055010303921432385
3383,-0.00019836608095505533
3384,0.004801954223512303
3385,0.015657140053573684
3386,0.005999400577480114
3387,0.007483918661799545
3388,0.004174591721787819
3389,0.009348967033334724
3390,0.008135486320840258
3391,0.002019826778849966
3392,0.00850457898293331
3393,0.01388717834558437
3394,0.0015802864599211777
3395,0.0011678593544587803
3396,0.0025467729016363586
3397,0.0018989673864579157
3398,0.001189271908415392
3399,0.0003739097707187722
3400,0.006474776447899976
3401,0.0049235912793003725
3402,0.0020894232088750977
3403,0.009564319632302594
3404,0.0013801620515111208
3405,-0.002505562827624125
3406,0.020650199820010217
3407,0.0003743260918866228
3408,-0.003030234438631251
3409,-0.0010796284340230528
3410,0.004435694419633929
3411,-0.0020591488971225674
3412,0.0011133086832412434
3413,0.00883900989489506
3414,-0.0020115289079195835
3415,0.008289005141914236
3416,0.011807150049897595
3417,-0.0005687254293174071
3418,-0.0002756801743834629
3419,0.004676675241715691
3420,-0.0013419084782448285
3421,0.010896340238625755
3422,0.0013578313163779138
3423,-0.0018882853350889843
3424,0.022921506661351353
3425,0.004296327370816939
3426,0.011527458579940739
3427,-0.001343493984041844
3428,0.013911826176403446
3429,0.0034224867433136977
3430,0.015325336561628829
3431,-0.002291372634747539
3432,-0.00043270397273719764
3433,0.005246927102630382
3434,0.00368619539519734
3435,0.0022277729111733063
3436,-0.0003026039959403218
3437,0.005670217068974262
3438,0.013439543367264065
3439,-0.001131839326243467
3440,0.010880539325526111
3441,0.005953590123937938
3442,0.0028100987790278704
3443,0.002661322801287117
3444,0.006097054773296532
3445,0.011381831243295983
3446,0.008523368399404912
3447,-0.003278105190565239
3448,0.014369974699150505
3449,0.031834555449708715
3450,-0.0028162481354852744
3451,0.0033492320899960355
3452,0.0032871470910505254
3453,0.014177541902631423
3454,-0.0014451186468888676
3455,-0.0031159686372765547
3456,-0.0009794011689666076
3457,0.0006864141438132944
3458,-0.0005968292405163205
3459,0.0006442214953445279
3460,0.006379620455072153
3461,0.003713479241319942
3462,0.0015172678410023139
3463,0.00030894501214962823
3464,0.0009880138402257876
3465,0.00500356296803707
3466,0.004564103303267925
3467,0.00580716649939984
3468,-0.002128880392658428
3469,0.005579789585328041
3470,0.00025777501110256507
3471,0.0053324700278075295
3472,0.0070112748461294006
3473,0.01415548137521578
3474,0.0039657129268226045
3475,-0.0025571767941979743
3476,0.00402204272639602
3477,0.00014606845781380516
3478,-5.826653068941902e-05
3479,-0.0028209715714920622
3480,0.0034388885720690564
3481,-0.002698735548966165
3482,0.004424468179290732
3483,0.015670311209898737
3484,0.0030837988817063906
3485,-0.0013802283303015247
3486,0.005058274563144154
3487,0.004630736718686874
3488,0.0009457622154726304
3489,0.0007754699115880802
3490,0.002400984724255477
3491,0.010211927574717193
3492,-0.0025626760752626293
3493,0.004033906051991276
3494,0.006472819553143817
3495,0.01008758753040577
3496,0.005475584028062173
3497,-0.001293631784460023
3498,0.005381630399805663
3499,-0.00028245362120637475
3500,-0.0029927965965897262
3501,0.00780978607767447
3502,0.013083966867358344
3503,-0.0010008007986733094
3504,-0.0008519722349980656
3505,0.0017290691807768498
3506,0.004811291263736479
3507,0.004428631223456294
3508,-0.001520467405053419
3509,0.0012268992934747116
3510,0.004663590246188214
3511,0.0006803062390854289
3512,-0.0022191183043968367
3513,0.0008007688768182173
3514,-0.001915254617118516
3515,0.019322615488914823
3516,0.00439305701424729
3517,0.005363280417212412
3518,0.005975371081061033
3519,0.014044455210920098
3520,0.0007689131738728323
3521,0.006404419471577223
3522,0.0005522284507515369
3523,0.01932676471035
3524,0.00778251921301544
3525,0.0073077185479458115
3526,0.0032041757284314576
3527,8.89778548583825e-05
3528,0.002158967842541673
3529,0.009301962286839015
3530,-0.0001532077178598417
3531,-0.0008227927433684234
3532,0.004952103735956261
3533,0.011618800136072426
3534,0.0036804354100885214
3535,0.0029726705935877833
3536,-0.0008318954864982506
3537,0.008872201387497034
3538,0.00786420081104541
3539,0.0056995616908318
3540,0.004360267083758199
3541,0.005827714232321236
3542,0.011659101589404228
3543,0.0026567686806440033
3544,0.0012499704581611457
3545,0.009627579206553917
3546,0.005573598763444432
3547,0.0003405874722966079
3548,0.004781499841431662
3549,0.010084494076121546
3550,0.017654780456524324
3551,0.006688408441840859
3552,-0.0017524445013861953
3553,0.00912870844374198
3554,0.004356963919977787
3555,-0.0030264124527454965
3556,0.014333681269861277
3557,0.0076253362305051045
3558,0.0016913833723560603
3559,-0.003124927146788147
3560,0.010923599294577317
3561,-0.00018824181538014406
3562,0.014263734902347669
3563,0.01326048937190909
3564,0.007694909647674129
3565,0.003158722623039883
3566,0.02140952540624615
3567,6.13027446603881e-05
3568,-0.001661756814339865
3569,0.0023903041120894378
3570,0.004048351051204158
3571,0.0006130469438902636
3572,0.00444089372817447
3573,-0.0019022143263638797
3574,0.0034204844053935084
3575,0.011141433808764447
3576,-0.000751593473284233
3577,0.024010806055443503
3578,0.01876088448863492
3579,0.0037808601777971143
3580,0.010130127716293874
3581,-0.0004919608079023696
3582,0.0011157599281291179
3583,-0.0027316161219960115
3584,-0.0014608428514808133
3585,0.005490413253249827
3586,-0.00021446300785005548
3587,0.012362458602375184
3588,0.008128509494741941
3589,0.020892778664846966
3590,0.011740572154594127
3591,0.00013166363262842075
3592,-0.0002668694414207969
3593,0.0013501392646210041
3594,0.00679937506671641
3595,-0.0011138543799118963
3596,0.006150966718962349
3597,0.0039011194983138847
3598,0.001146513446882708
3599,0.008627558781411575
3600,0.004978901945815677
3601,0.006046774898789551
3602,0.00616699490708416
3603,0.007389056289466983
3604,0.01438481108272592
3605,0.005642513785931766
3606,0.003800927335685423
3607,0.005124456147679771
3608,-0.003763277025226004
3609,-0.000558265642442466
3610,0.007653968627854214
3611,0.004401351086353384
3612,-0.0024611395211939693
3613,0.006978105633525546
3614,0.008748775650799446
3615,-0.0012345855400894487
3616,0.0026822837925917914
3617,0.014714707032972625
3618,0.003609608078304318
3619,0.01053852499217587
3620,0.006036339249048089
3621,0.002969076386626461
3622,0.009789592206083393
3623,-0.0018376520040731415
3624,0.007057315413695961
3625,0.004526271394904996
3626,-0.0015962282295178248
3627,0.008791481504609976
3628,0.0013551834673473668
3629,0.0076875707569198926
3630,0.004568483746757439
3631,0.0025187820079239677
3632,0.0023410628338808755
3633,0.001396937157158943
3634,-0.001577958749423354
3635,-0.0007474409927691154
3636,-0.0018814613284871638
3637,0.003511194354103169
3638,0.0033897957068871956
3639,0.004416936850749519
3640,0.005852675014504705
3641,0.006781777108936994
3642,-0.0014598634232814486
3643,0.0013595649502026186
3644,0.013778455220382884
3645,-0.001458476454796409
3646,0.0016167116670957587
3647,0.004813145430945846
3648,0.0006997574254660674
3649,-0.0007098203118890926
3650,0.0006749796004336065
3651,0.01511693245000503
3652,0.01488670472121265
3653,0.009747561733984587
3654,-0.0006395805901658891
3655,0.0021484907359233044
3656,0.01022392891564472
3657,0.0036950646235666615
3658,0.013986327733987131
3659,0.006156189426718629
3660,0.0018326880605049507
3661,0.014589445828417629
3662,0.012851282779802624
3663,0.011569317583669584
3664,0.0007502661811956083
3665,-0.0002995427759994278
3666,0.0019941071604214315
3667,0.0045349386461687215
3668,0.005945978569413979
3669,-0.0017414936385717998
3670,0.003153907887099825
3671,-0.0005868494404911734
3672,-0.001588663615895566
3673,0.0021625893825654996
3674,-0.000864878790777705
3675,0.0014390843460613464
3676,-0.0034560863830219515
3677,0.016107926668270312
3678,0.008975508984684591
3679,0.004767718395109238
3680,0.0015357061350117374
3681,0.005240552644709243
3682,0.00019642038627397905
3683,0.003663192804058378
3684,0.013413724114891848
3685,0.005196211311698604
3686,0.007135302305594154
3687,0.0034236293728570864
3688,0.0013386479476611476
3689,0.00568522188966256
3690,0.002312778661046351
3691,0.007748004178543957
3692,0.003637184768644889
3693,0.0017797345878483254
3694,0.001502313218396967
3695,-0.0013985216985123207
3696,0.006939064273089681
3697,-0.002055774076042025
3698,0.008089123765446668
3699,0.008023906823111483
3700,0.006103753470287944
3701,-0.00017235161867225866
3702,0.012353934012950388
3703,0.0018924010747373432
3704,0.008785653283906146
3705,0.002485885234557124
3706,0.004653899737358323
3707,0.0020254415067612226
3708,-0.002414396848608098
3709,0.004915708326718102
3710,0.01418841083812579
3711,-0.0012508698062020183
3712,0.008437675504627738
3713,-0.0025817366531253605
3714,0.01490132800658342
3715,0.0077367632762559806
3716,0.0032822117589736167
3717,0.0025617846420423925
3718,0.0005766493155130049
3719,0.003521013872840921
3720,0.0007299386750998366
3721,0.0011610562332417217
3722,0.008266500054598409
3723,0.02030351118088328
3724,0.007737893685963764
3725,0.0169410273151578
3726,0.0035418843628249354
3727,0.010400053084289335
3728,-0.0013327590911395362
3729,0.002526914983093608
3730,-0.0009887713820286113
3731,0.00802181811679864
3732,0.011427019945360765
3733,0.004080934453523158
3734,-0.002489482664883842
3735,0.006527047509761706
3736,0.0016432908836904372
3737,0.009798775525384596
3738,0.011425921326985111
3739,0.009499514497899778
3740,-0.0008357171003187305
3741,0.011572463293223454
3742,-0.0030299074863630888
3743,0.0029082841117098676
3744,0.005161503837887233
3745,0.004471870039334341
3746,0.0010171406870662213
3747,-0.0003461392214563052
3748,0.00944725024834131
3749,0.0025518741496293462
3750,0.014461152865493793
3751,0.004764338312732791
3752,0.007713051984164738
3753,9.229487914296473e-05
3754,-0.0009420403853905267
3755,0.010666331716884005
3756,0.01172676814709538
3757,0.012637034972372216
3758,0.0023933142704385194
3759,-0.000459821324913871
3760,0.004801652978955864
3761,0.0005367348494344296
3762,0.005112425306268632
3763,0.0011655403182038813
3764,0.00861657524828632
3765,0.009168678453844739
3766,-0.0030528453645438866
3767,0.002103198321821459
3768,0.007013240695125482
3769,0.005182978856180933
3770,-0.0030355098472131282
3771,0.005481655203898962
3772,0.006580542869748195
3773,0.005599019121752494
3774,0.009645379191735033
3775,0.00935472104285863
3776,0.003654913718320052
3777,0.01014886098006184
3778,0.002863692694294845
3779,-0.00142525811383791
3780,0.017546201965093728
3781,-0.0016288375587329637
3782,0.0002614044330592445
3783,-8.208535382559293e-05
3784,0.013773565849928709
3785,0.007026084856705864
3786,-0.0021785869077807878
3787,-0.002770552153182398
3788,0.004390715969441537
3789,0.008400987544586888
3790,0.004159711598421
3791,0.0005381190658239818
3792,0.0068311688868050585
3793,0.016270754138384483
3794,0.0002570413012590988
3795,0.005972708514801764
3796,-0.0002605750184655198
3797,0.003119648091479063
3798,0.004974176322083548
3799,0.0039329623256308885
3800,0.0002970144327682743
3801,0.008464612667302196
3802,-0.0019298548613278371
3803,-0.002122483986211553
3804,0.004849771269482803
3805,0.004978447143058635
3806,1.0621205520502247e-05
3807,0.014413149402784108
3808,-0.002889532416050864
3809,0.0008623336647439143
3810,-0.0021121769792536507
3811,0.005713986043286039
3812,0.0038537901029169
3813,0.0007362428935194232
3814,0.0034017318494039724
3815,0.013748232888998152
3816,0.0016991172897928494
3817,-2.1626888352896737e-05
3818,0.01135997912686789
3819,-0.0025928632986481313
3820,0.004012082715265913
3821,-0.00043138116381478443
3822,0.008229609914405429
3823,0.023858541039885568
3824,0.006545504491847251
3825,0.0021189754353349785
3826,0.0004659814323590781
3827,0.004361688276095128
3828,-0.0014967974366325056
3829,0.004951943455491679
3830,-0.002202114490174066
3831,0.003979935740370567
3832,0.0028059654650561296
3833,-0.0007682638607728071
3834,0.014417218041663654
3835,0.0008023099954063192
3836,-0.0010740031383368667
3837,0.014020598920387106
3838,-0.003012736058870206
3839,0.0023294157832666924
3840,0.0027754250463247025
3841,-0.0007441180723428177
3842,0.01905550821268182
3843,0.007070022937062617
3844,-0.0009554309146469278
3845,0.000348195426931628
3846,0.0021210405863719244
3847,0.003726299086574892
3848,0.0016760892102816519
3849,-0.002389262375369766
3850,0.013037472546425632
3851,0.01317584578277613
3852,0.008586976732214171
3853,0.005559658144945259
3854,0.006847712196750427
3855,0.00806611522630887
3856,0.00013584077796504994
3857,0.008806065146250177
3858,0.0028546780784084597
3859,-0.0006317758569630814
3860,0.0033347072548444955
3861,0.004007708628442873
3862,0.0037879492900135536
3863,0.00561428590743587
3864,0.0073649722647787415
3865,0.002578316155544616
3866,-0.00023308591768140402
3867,0.0032149787377949088
3868,0.00860979612376283
3869,0.0008612063653784148
3870,0.006869969627072217
3871,0.0015360460414615019
3872,0.0010819225148149553
3873,0.0015218274926340446
3874,0.00277646065568566
3875,0.0020769918621344648
3876,0.00031963538917272223
3877,-0.0026404184692532078
3878,0.0009035012375678761
3879,0.0009571676887702857
3880,0.002732727752540534
3881,0.0022791038598057624
3882,0.00542768105901064
3883,0.006701523624230436
3884,0.010838092026808223
3885,-0.0019332816597964746
3886,0.00924146640687781
3887,0.009668180982069292
3888,0.00278025148847897
3889,-0.0021753047340048893
3890,-0.0036216802016040515
3891,0.007199382764862521
3892,0.004563657166307397
3893,0.00439609686553704
3894,-0.002197701401554864
3895,-0.0009422897002458533
3896,0.007822786156257942
3897,0.0009742507363921168
3898,0.0025559095070535193
3899,-0.0003472081279300345
3900,-0.0008073577780185488
3901,0.0023836922791389513
3902,0.003761284978510776
3903,0.0062944326863733635
3904,0.01570449399286557
3905,-0.002257819651264219
3906,-0.0021452270046220367
3907,0.0005895290757137323
3908,0.010923286113463174
3909,-0.0011532499605591759
3910,0.0037384058917368894
3911,0.0053658537261575615
3912,-0.0007395250928044928
3913,0.003610326854635998
3914,0.0038132597071916866
3915,0.0014456775011071118
3916,0.0001437160468133105
3917,0.013236174773812122
3918,0.0023836865687835614
3919,0.006576916045685159
3920,0.010048384953347186
3921,-0.00021375388943298615
3922,0.010009243782351924
3923,-0.0012551648396632049
3924,0.008940925837104808
3925,0.006326918957358242
3926,-0.00014954235407394108
3927,-0.002943716891796738
3928,0.011887703512072308
3929,0.000729199933243033
3930,0.006102105569873305
3931,0.0050476138486118295
3932,-0.002722474758106233
3933,0.006645363742504101
3934,0.0013434662345681338
3935,0.024638270553478715
3936,0.007743764089268485
3937,-0.0007525096712049165
3938,0.002138495342142447
3939,0.017126069124858267
3940,0.0016755825454318387
3941,0.004351092686065754
3942,0.0013090604246522933
3943,0.001492853082680318
3944,0.013368416447341797
3945,0.005882050177826951
3946,0.006947181668353307
3947,0.00113388357807598
3948,0.007069249643399833
3949,0.004030824008102368
3950,0.015190612303240411
3951,-0.002007165591189939
3952,0.0035987590660271455
3953,0.006142383072221359
3954,0.002903697588448405
3955,0.002769415427833568
3956,-0.0001309192065870133
3957,0.005873918173878567
3958,0.0014845973256126244
3959,-0.00020824462325246852
3960,0.00324758711054848
3961,-2.111838991737322e-05
3962,0.0034279960497797107
3963,0.02094629334015145
3964,0.003729550653985534
3965,0.007098123646426379
3966,-0.0013943323665121833
3967,0.007596420182898914
3968,0.013231595313617034
3969,-0.00200767752057566
3970,0.003012365042245689
3971,0.0022633606658043898
3972,0.002482860839282331
3973,0.009032867646533091
3974,-0.0004191057539409751
3975,0.0036421626009202727
3976,-0.00023553512292990783
3977,0.0009483075137118515
3978,0.0162597146915973
3979,-0.0021212545805738194
3980,0.012376334778258297
3981,0.0019037785983667451
3982,0.002340567354411037
3983,0.015525409408460953
3984,0.005450894426412528
3985,0.0018599662622467462
3986,-0.0031075682251822355
3987,0.013520100751893877
3988,0.009196664956411697
3989,0.015067647050037172
3990,-0.0013976842463636532
3991,-0.0026929587133990816
3992,0.005347059027105416
3993,-0.0007221419768297151
3994,0.012396698396078178
3995,0.005546408655250638
3996,0.016083992823289026
3997,0.004925858973178203
3998,0.006982542778520933
3999,0.016338706272796703
4000,0.0036190328700387644
4001,0.000912086195032474
4002,-0.0030100421139817955
4003,0.007864736465740471
4004,0.010469923363388915
4005,-0.00192286232194408
4006,0.004612782841121019
4007,0.016711180881693828
4008,0.005164874199596929
4009,0.0012625227973084088
4010,0.007568398775809927
4011,0.000627835910398394
4012,0.0011083512189557793
4013,0.007356965034642934
4014,0.02230576985207029
4015,0.007457233342246499
4016,0.0065370489720043105
4017,0.010093310401118598
4018,0.007503621443985288
4019,0.0023942626429510477
4020,0.011499090871666087
4021,0.0058346941466850995
4022,-0.0020405620224941533
4023,0.004133042039080024
4024,0.003819503119755433
4025,-0.00026335420263587893
4026,0.00820431873877632
4027,0.019474280347305698
4028,0.006041638948770675
4029,0.0027484275409307007
4030,-0.0021015266194061005
4031,-0.00197213617151459
4032,0.0005338096690738758
4033,0.012068119605512104
4034,0.002789267386484634
4035,0.01768425069082229
4036,0.006582769138843883
4037,0.004208635093109845
4038,0.00433011180033013
4039,0.0050716729895224424
4040,0.0038384266234136356
4041,0.002428703183314406
4042,0.0009032847563323464
4043,0.004332437317188444
4044,-0.0014847001652321667
4045,-0.0008554204475078302
4046,0.005141878086421626
4047,0.011884692771157748
4048,0.0043521618367964
4049,0.0053238255665342404
4050,0.0028167398151875064
4051,0.0023746625980942786
4052,0.01688893300725576
4053,0.004773506455812183
4054,0.01830713766371266
4055,0.0016941286812235078
4056,0.030287976622309292
4057,0.0001053668296867212
4058,0.002401684447893588
4059,-0.0001607161611542323
4060,0.0008075624275915103
4061,0.0013212465611514845
4062,0.01297659775712343
4063,0.018804098008634303
4064,0.010734020800220179
4065,-0.0013206828024895922
4066,-0.0008622193913800282
4067,0.006522224311521045
4068,0.0035672251649741596
4069,0.0014757330721549052
4070,0.011639173835003836
4071,2.2046580051646864e-05
4072,-5.997011714456435e-06
4073,0.009970959246221534
4074,0.014940066357506231
4075,0.004145272347166003
4076,0.012336504425557601
4077,0.009178308231615993
4078,-3.9141266404318226e-05
4079,0.006421523666182524
4080,-0.0010954372268346339
4081,0.009723643934839384
4082,0.002573723099320517
4083,-0.0025031419944594787
4084,0.0014576505372235968
4085,0.004602893134928867
4086,0.004532931307531553
4087,0.004215692502509583
4088,0.012199236915403103
4089,-0.0026320130504369817
4090,-0.0005581071222930997
4091,0.003004951225270263
4092,0.004676908173563421
4093,0.003814153013108848
4094,0.009124399078730208
4095,0.009461978907539765
4096,0.0018135811881644648
4097,-0.00022084359734148191
4098,-2.75024893250167e-05
4099,0.00022510302858042182
4100,0.011181550363671695
4101,0.0063942112931489985
4102,0.007803582938670922
4103,0.0036731124699771953
4104,0.01603354408809749
4105,0.00035139655613955316
4106,0.0018469139305000108
4107,0.003908453153595563
4108,-0.002584500882666938
4109,0.006346446542363774
4110,0.006426888930522574
4111,0.0068307491218809364
4112,0.006906167206927903
4113,0.006146653364092709
4114,-0.000592115181393002
4115,0.011854065591728625
4116,0.0008254942949281925
4117,0.01021306192688691
4118,0.006772196975864574
4119,0.0007490110243042816
4120,0.004934890182922612
4121,0.010755326525161011
4122,7.55592890227981e-05
4123,-0.00011780524388622926
4124,0.012200303206689647
4125,0.0036520276098731264
4126,0.002440376421390191
4127,0.019646737885656098
4128,-0.002136432834390918
4129,0.010831567807157372
4130,0.008289238323641344
4131,-0.0014031895266469214
4132,0.0023825876451679245
4133,-0.00223768043461715
4134,0.0015772378442245015
4135,0.004493863299192005
4136,0.001768325263595034
4137,0.002913566667905411
4138,0.007528679793888247
4139,-0.0012087243712224204
4140,-0.0004744631550065489
4141,0.011856401359568013
4142,0.0031407479976997103
4143,0.008516838155697887
4144,0.0032561703976433515
4145,0.004596486306343392
4146,0.034930237938471886
4147,0.010487519372317754
4148,-0.002688002849886559
4149,-0.0006046862171730418
4150,0.0020902621538136275
4151,0.006178730314912732
4152,0.007090988368938851
4153,-0.001289677233915142
4154,-0.0018428848561326504
4155,-0.0007051865180742588
4156,0.015234815975509401
4157,-0.0009906826867576157
4158,0.007091995011597418
4159,0.00736632943502492
4160,-0.0027032548734468274
4161,0.011395837312098773
4162,0.002228140866114524
4163,-0.0022878251969834142
4164,0.004765081166687491
4165,0.004685217996194556
4166,0.00011195355960151067
4167,-0.0005353885815573417
4168,-0.0021184662993609434
4169,0.004574266385598522
4170,0.00043637427313846996
4171,0.00013730152528054762
4172,0.003603247513447056
4173,0.005318134933939518
4174,0.00492237424585603
4175,-0.0005031632751651555
4176,0.014746373526833379
4177,0.0016788160760901807
4178,9.939447361190581e-05
4179,0.004116936849515685
4180,0.00732405037310949
4181,0.007837553050050228
4182,-0.0019919428093585073
4183,0.0030017615695393032
4184,0.008942258918880577
4185,0.005333071558027161
4186,-0.0021141278690609017
4187,0.0005912338262853666
4188,0.012044085435746615
4189,-0.0029047604274086754
4190,0.008178445873506867
4191,0.0031456810948041584
4192,0.008368777111995095
4193,-0.00031350492691693994
4194,0.007645604678223117
4195,-5.2907686444917876e-05
4196,0.000875545577555403
4197,-0.00041070506132442203
4198,0.003043050653228834
4199,0.0008688890062478975
4200,0.008515877792143123
4201,0.0001062109365813791
4202,-0.0029899750878857583
4203,0.02212505191000368
4204,0.007221601073824892
4205,0.0013762188097333275
4206,0.0008168068322602275
4207,0.0027181212128895953
4208,0.0021950281689239355
4209,0.008022391102068649
4210,0.0038120043198246675
4211,0.006814458064145705
4212,-0.001819602127090007
4213,0.0009206114137963878
4214,0.0050627889169776105
4215,0.0001884530469823311
4216,0.0038075667155881184
4217,-0.0013640258687458353
4218,0.0001974125017153855
4219,0.0036011774890335954
4220,0.00929545698582111
4221,0.012206127022083537
4222,0.0014499578403365226
4223,0.0057147130198625835
4224,0.003322041350314855
4225,0.010741414152882316
4226,0.006891756948379919
4227,0.003758608505394341
4228,0.00505693784068003
4229,0.010188223955438006
4230,0.0008454521149445504
4231,-0.0006260774824641564
4232,0.023438018712271833
4233,0.00024230740241922878
4234,0.0026828377337557337
4235,0.0026451126629048125
4236,0.007782768774943858
4237,0.003740066578742096
4238,-0.0011884644593499992
4239,-0.002747864352354074
4240,0.007742919369299089
4241,-0.0006706182858237375
4242,0.004292284486799039
4243,0.001224317299003826
4244,0.007073402181124469
4245,-0.0011051853726813596
4246,0.010860187141458207
4247,3.10301359624475e-05
4248,0.004070381174556152
4249,0.0017713755427555666
4250,0.00014691852088222386
4251,0.0008271217501171785
4252,0.0051056969097118855
4253,0.006145139955263095
4254,0.004919830299849159
4255,0.007575033136064311
4256,-0.00036002652351019813
4257,0.006135997308740596
4258,0.001131301590315036
4259,0.0019526080933778903
4260,0.012063817991474421
4261,0.008990178739978004
4262,0.00011503125097681553
4263,0.0004666563652532124
4264,-0.0012858638328590282
4265,0.00304508248179362
4266,0.005400932842845513
4267,-0.0017988773692947935
4268,0.007766069588915042
4269,-0.00122793064537818
4270,0.011045067043945932
4271,0.011007103229928736
4272,0.0007896454934676871
4273,-0.00011202114556057956
4274,-0.00021137370777004477
4275,0.005148233223984985
4276,0.02268013142720655
4277,0.002509522579090085
4278,0.0028334922706111966
4279,0.0037378334417699777
4280,0.0001433974611784114
4281,0.006132091612297372
4282,0.01133699533494411
4283,0.005192402051693055
4284,0.008359182942003308
4285,-0.0007084931612158837
4286,0.010287074876681148
4287,0.00013201460348333423
4288,-0.001706710522784486
4289,0.0038910041612175983
4290,-0.0017645873859167861
4291,0.004925035707343962
4292,0.004981961424463839
4293,0.0038671965044941164
4294,0.010749053031513103
4295,-0.0014627600618062116
4296,0.0036360030941009515
4297,0.02986942057863266
4298,0.015000684748980104
4299,0.0011894116255652416
4300,0.000894888651292905
4301,0.003958898852635572
4302,-0.002740011823570015
4303,0.012721448148532509
4304,0.0010336773499689065
4305,0.0009480733777885841
4306,0.0036066383145844268
4307,0.0029158901791877592
4308,-0.00015045192765551947
4309,0.01397116151758769
4310,0.0013269542374936567
4311,0.0031937696914502434
4312,0.0022265049888958895
4313,0.0005490886208469395
4314,0.0037867813114927096
4315,-0.0018590184073139539
4316,0.0025827568320015357
4317,0.006269253019298086
4318,0.0092541859277801
4319,-0.002556197224323367
4320,0.0027109549052636295
4321,0.005097927375552248
4322,0.023779182597843406
4323,0.024646461981460147
4324,0.009565575270795216
4325,-0.0028193075944681935
4326,0.009684036385989428
4327,0.0035563546016716303
4328,-0.0022290157853410916
4329,0.004438318675752118
4330,0.0001922121811259777
4331,-0.0014675382597445184
4332,-0.002248606346246353
4333,0.0027148634174193748
4334,0.003222354808858751
4335,-0.001992681194413627
4336,-0.0028227617855313605
4337,0.003402873990703728
4338,0.006554827848953931
4339,0.009840598559264249
4340,0.0019144842877847346
4341,0.0044077739220961636
4342,0.005853491696944751
4343,0.0031119667406887437
4344,-0.00010442780547226943
4345,0.001547653712834175
4346,0.0021177213211826668
4347,0.006569899131105082
4348,0.0038824833030453587
4349,-0.0012727766669565505
4350,0.00037702326769791655
4351,0.00026436525126043685
4352,0.018073825794491013
4353,-0.00028858262607481255
4354,-0.00034424501315775784
4355,0.009792651913355217
4356,-0.002902236181336471
4357,0.008755856539874762
4358,0.008732901977434638
4359,-0.0015852000515724912
4360,-0.002136421865007154
4361,0.003315137833021606
4362,-0.0004287168768155273
4363,0.00438065092849807
4364,0.007070550986890474
4365,0.00019281660850770273
4366,0.009344230160363141
4367,0.005218222466416594
4368,0.003058688513174687
4369,0.0026370223290041184
4370,0.009083374059148167
4371,0.013349873954249001
4372,0.001238168943730869
4373,0.0009248252670366816
4374,-0.0010127998510586125
4375,-0.00032522308624612084
4376,0.00048040557729662516
4377,0.0010566411518255422
4378,0.012626615725091446
4379,0.016270743319203584
4380,0.0009204371251190658
4381,-0.00013573708161596955
4382,0.006818712533233601
4383,0.005272841292854991
4384,-0.002418880971185816
4385,0.004304277871520934
4386,-0.0005192829350483801
4387,0.002774335582364156
4388,0.010039894044888087
4389,0.0017662096585198614
4390,0.017645927481435595
4391,0.000607013408952058
4392,0.00822037715535899
4393,0.011593501436331633
4394,0.008774633653828304
4395,4.8320554811727076e-05
4396,0.0052957831125079805
4397,0.005758284662636233
4398,0.0048944118376604145
4399,0.0021739602668692237
4400,-0.002293635926607099
4401,-0.0008891947100799196
4402,0.005818500045789422
4403,0.005513822915557465
4404,0.010309616739535916
4405,0.0012070705673490195
4406,-0.0019666118572518546
4407,-7.891105548168097e-05
4408,-0.0016507867005859014
4409,0.00953701974708895
4410,0.016615009038705258
4411,0.002436705756936698
4412,0.003021559847215839
4413,0.002404244215124099
4414,0.017656622621672943
4415,0.001711764075370853
4416,0.00047110791673243314
4417,0.001653402615337635
4418,-0.0016746982276230008
4419,-0.0012149989332412483
4420,0.00647349998050703
4421,0.0017989545322210799
4422,0.010620162928784795
4423,0.0032946300176819043
4424,0.0031095344626452734
4425,-0.0015239821627336184
4426,0.004209783740697453
4427,0.0034540375567112883
4428,-0.0003259660077753069
4429,0.014418608961690366
4430,-0.003003027633844817
4431,0.018345530499392724
4432,-0.0012230339869508146
4433,0.0055246513291792206
4434,-0.0009820069924336445
4435,0.0009855215281768005
4436,0.005920073315485726
4437,0.0021205156948443417
4438,0.003159056538851783
4439,-0.0012598353733224588
4440,0.01989610728769863
4441,-0.003145828287141333
4442,-0.0007380685713014971
4443,0.007377207285940084
4444,0.002833446389433971
4445,0.009301397349367357
4446,-0.002600449273781641
4447,0.0017662021340162926
4448,-0.0005839192626443113
4449,0.008744793015666191
4450,0.0018548735495917661
4451,0.009205425973450483
4452,0.004425858835987187
4453,0.00841866372156604
4454,0.004653731611754017
4455,0.0031244465736876906
4456,0.008122298906101721
4457,-0.0028452768679308026
4458,0.0015359340124869413
4459,0.0008579708054084617
4460,0.011006002783693347
4461,-0.001972848351071775
4462,0.008045090651791369
4463,0.008236826829263418
4464,-0.0013291066947223248
4465,0.0036554080254246786
4466,-0.0022977977948545163
4467,-0.0027450806910129123
4468,0.019583015244535335
4469,-0.002732813369609099
4470,0.003384655246955748
4471,0.0024813374648177296
4472,-0.0006803950226075706
4473,0.009792283865050891
4474,-0.001358001572190336
4475,0.002519804028464738
4476,-0.002423540633174461
4477,0.010835398516511916
4478,0.0016685324228872499
4479,0.010686349947751809
4480,-0.0029842848228657064
4481,0.004768753415547795
4482,0.013273773471324125
4483,-0.00041507189777036275
4484,0.0022139693654357265
4485,0.009335780597636636
4486,0.0026195308611770794
4487,-0.002199298541995692
4488,0.003099943028369998
4489,-0.0003367201869113913
4490,-0.0014266500070964413
4491,0.0028610242380948912
4492,-0.001897199765180593
4493,0.012137524869573136
4494,-0.0014022849670077258
4495,-0.0019030017184497872
4496,-0.0012174080340017074
4497,-0.0019662714720662788
4498,0.011186539155060259
4499,-0.001006648627600422
4500,0.0011511624877162188
4501,0.0020585573085246563
4502,0.008523274215755564
4503,0.00478412714644481
4504,0.006160552220342789
4505,0.002921249897238295
4506,0.005888789679201128
4507,0.012338262840337927
4508,-0.0013721769137627557
4509,0.0016328088618767153
4510,0.012076532234691118
4511,0.008314724980254075
4512,-0.00022169592695725493
4513,0.002532992051836845
4514,-0.0007009365826338987
4515,0.011816544948135024
4516,0.0033853588903869775
4517,0.0010321149250936846
4518,0.006701818290377311
4519,0.006623309440959745
4520,-0.001178582332574363
4521,-0.0010290758056716986
4522,0.0037993858758973605
4523,-0.0011739779821173524
4524,0.01737071906839766
4525,0.004610199694582626
4526,-0.0025744218022534845
4527,0.02046957158032493
4528,0.011309734364082946
4529,0.008297653100401599
4530,0.011877462630068898
4531,0.00648709074539415
4532,0.004092615945979452
4533,0.007216042785951192
4534,-0.0011447006032516433
4535,-0.0018363162159711448
4536,0.007637106868306133
4537,0.002061023910180662
4538,0.00445394408095837
4539,0.014442113064288841
4540,0.0022641167287306245
4541,0.007898072446200548
4542,0.0030899329171847796
4543,0.009482534228727111
4544,0.0005785257029171237
4545,-0.002687778473834869
4546,-0.0019178030455902322
4547,0.0010323471485838218
4548,-0.0004546565115791032
4549,0.013107311187289486
4550,-0.0014330344802480459
4551,0.009767240322667074
4552,0.003713861699937926
4553,0.017490147102027405
4554,0.004414602487170606
4555,0.0035844503892239615
4556,0.0015613265496680281
4557,0.006494254208242012
4558,-0.0011936120062703403
4559,0.006024207400958107
4560,0.0027680931462068514
4561,0.011719511698109704
4562,-0.0014927456009310308
4563,0.004121581971124704
4564,0.004003860193374221
4565,0.00819618363155548
4566,0.006112012093636134
4567,0.0007445235730172105
4568,0.003098773865395369
4569,0.006396383979721282
4570,-0.002454875808310093
4571,0.014282721440928708
4572,0.002620311625342684
4573,0.004010974281124912
4574,0.010718859499782768
4575,0.0028121691934514977
4576,0.006884363976645144
4577,0.004642927037136098
4578,0.010333993457945449
4579,0.0028237556392828426
4580,0.01992933693038659
4581,0.0004666769298611196
4582,0.001492908211951225
4583,0.007562678809475493
4584,0.002517710483981205
4585,-0.0011008497765208937
4586,0.005767927012837227
4587,0.006565069236896325
4588,-0.0022855025026889495
4589,9.747223274300665e-05
4590,-3.668513080607762e-05
4591,0.0011876826566969475
4592,0.006276378498349118
4593,-0.00010874832402017753
4594,0.005155020269679331
4595,0.020301650965374323
4596,0.009935479776607962
4597,0.014518377097887947
4598,0.003812772829808561
4599,-0.0012262918731413587
4600,0.005115167861749391
4601,-2.6801099016912633e-05
4602,0.013920540384588075
4603,0.008045408047813587
4604,0.001739474228309449
4605,0.006185307125657298
4606,0.00791795125952613
4607,0.006010843040896229
4608,0.008571848122911962
4609,0.000508403018201745
4610,0.005223511561719053
4611,-0.0020718839279474117
4612,0.004277882911904302
4613,0.0020040889957225957
4614,0.0011331864657408864
4615,0.014591313012362394
4616,0.007553264412424699
4617,-0.00020319727199978252
4618,0.001696268408466442
4619,-0.002900310234432872
4620,0.01191054226144856
4621,4.0412079873769144e-05
4622,-0.0007736013972585807
4623,-0.0005858038191030278
4624,0.015359494112505985
4625,0.0005111137535614395
4626,0.001601262317106722
4627,0.020839916117938628
4628,0.009706957293348004
4629,0.01369407270534764
4630,0.010394852367692317
4631,0.004048466661130793
4632,0.013556797903049232
4633,0.004461892907927922
4634,0.0024377496671135063
4635,0.004272507070199692
4636,0.010348773345744938
4637,0.0008707733993681271
4638,0.0023942286339817716
4639,0.020744261543634897
4640,-0.002067919339069647
4641,0.0033606729767784484
4642,0.0060917443086286015
4643,0.0006895694259401782
4644,0.004083128963678406
4645,0.0013689707485963955
4646,0.003747881113823383
4647,0.006222448291849987
4648,0.008305167831069108
4649,0.02065028744623319
4650,0.005431545691391211
4651,0.0037559566561798027
4652,0.006169381651375497
4653,0.0051610863928797795
4654,0.007127142545511077
4655,8.098948582271545e-06
4656,0.004366634800639625
4657,-0.0018294660508117976
4658,0.005878116718599877
4659,0.01998301763989827
4660,0.0021917430209886964
4661,0.004440479212915745
4662,0.014433427618642261
4663,-0.0028243410903774895
4664,0.034016326241134764
4665,0.0006760756205407819
4666,0.001226311416081741
4667,0.008442632437604142
4668,0.007933839998398105
4669,0.0015415892528992722
4670,-0.0008487312489535975
4671,-0.001626507366515555
4672,0.005464471683582276
4673,0.0020907806035655903
4674,0.0006444624158509545
4675,0.005824418238945011
4676,0.00450072786324892
4677,0.0014874713951362872
4678,0.0006785505066344358
4679,0.01045757578971035
4680,0.005731776023999845
4681,-0.002905332678370778
4682,0.0014761613277963787
4683,0.0017718217402351057
4684,0.010769822869518435
4685,0.004438650128572422
4686,0.005620418067851119
4687,0.00041917111332480557
4688,0.00447847097111833
4689,0.006733336114565013
4690,-0.002166803359354992
4691,0.008545640488622091
4692,0.01566789478041438
4693,0.003899006714106888
4694,-0.0002390796031217137
4695,0.006023605018095814
4696,0.008472408966542371
4697,0.0029582935609311495
4698,0.0011944426296310005
4699,0.0023351952376844537
4700,0.003810649901271706
4701,0.015987507208779478
4702,9.347304125283985e-05
4703,0.01930814398652152
4704,0.0010372504337796008
4705,0.00036202213290190653
4706,-0.0008419194387385438
4707,-0.002662598479028175
4708,0.0037245713071444933
4709,0.004290829841222119
4710,0.0021395124315479325
4711,-0.00276020858540405
4712,0.00410872377347811
4713,0.0049950140336874164
4714,-0.0007919220945126777
4715,-0.002877849310517223
4716,0.002376146671386095
4717,0.0073331247766306035
4718,-0.0008915207526894679
4719,0.015973927219173588
4720,0.009624809061594589
4721,0.0013817187228854187
4722,0.006101254794670229
4723,0.000657049646583082
4724,0.0018055954680263817
4725,0.005406570175941816
4726,0.00027713718161900304
4727,-0.002077277793210713
4728,-0.0002010330645093577
4729,-0.0008838109641046386
4730,0.0005944868474422518
4731,0.007314126077024894
4732,0.008184023995842789
4733,0.004428994268230301
4734,-0.001565081774359111
4735,0.0043456413027757185
4736,0.0014729990027348289
4737,0.002048991619398654
4738,0.009281908692902446
4739,0.004151430586611125
4740,-0.000328732082864068
4741,0.0024627295889569738
4742,0.011079548950708479
4743,0.008813911103822392
4744,-0.001167715010061991
4745,0.002444679410247303
4746,0.006612786610375294
4747,0.00582093782697066
4748,0.00433934624875907
4749,0.00713435644401245
4750,0.012749302315730831
4751,0.00048306032745115864
4752,-0.0027435669402927874
4753,-0.0006580251711707594
4754,-0.0027887069231942972
4755,0.011020377303475208
4756,0.00408453903094699
4757,0.0012997753128106831
4758,-0.00046648678444924374
4759,-0.000283079429825292
4760,0.000984204769098206
4761,0.0014915159739519093
4762,0.0029003135750428066
4763,-0.0015050147956362798
4764,0.00029901542041521796
4765,0.011773091320755661
4766,0.002298030416089513
4767,0.003962557810698215
4768,0.005337171878646383
4769,0.002336920963461688
4770,0.006152316313785704
4771,0.0006953619273436188
4772,0.004880468663520616
4773,0.018147041192877997
4774,0.008084215671746102
4775,0.004778283016221727
4776,-0.0029638395968705697
4777,0.0019639069813421894
5978,0.00161968855030193
5979,0.0012967835743466997
5980,0.004321639488446299
5981,0.0004382789445203303
5982,0.005257193007612942
5983,0.003756413178967525
5984,0.014778968382430258
5985,-0.0012432731523748918
5986,0.006311391614771775
5987,0.01264012631343046
5988,-0.0010669189586684346
5989,0.0005134156577022066
5990,0.0168979224673484
5991,0.004080076794112691
5992,0.002622721341963362
5993,-0.0005724860574025867
5994,0.004027625276828158
5995,0.008737178060919646
5996,0.0019547796201417715
5997,0.0026026485519676304
5998,0.011006673413751937
5999,0.00894469842433799
6000,0.013985222494443415
6001,0.011407446383587684
6002,0.006757270421850044
6003,0.003592356771678927
6004,0.009562866685433335
6005,0.015928127920959198
6006,0.001965280083894634
6007,0.002750520538869577
6008,0.002032046928731237
6010,-0.00032647962883445257
6011,0.001979935265390094
6012,0.0077068778527817905
6013,0.007463127339469369
6014,0.003064994495545599
6015,0.0025222407257049495
6016,0.00944625334951562
6017,0.004984206367175805
6018,0.000643320632644483
6019,7.013667420330098e-05
6020,0.0024363846721310693
6021,-0.0010047252611503302
6022,0.012838770381178047
6023,0.0041007346912067325
6024,0.010944870611695634
6025,0.012016268383620656
6026,0.00943988339619839
6027,0.0028662460729002096
6028,0.005647122447619897
6029,0.001654639682139223
6030,0.004083112305683822
6031,-0.001205718423427829
6032,0.007123296619641242
6033,0.003733047110942002
6034,0.002336498843936198
6035,0.001442609337103112
6036,-0.0017931759087097664
6037,0.0019398583251138204
6038,0.0009548290058516689
6039,0.010114653101870284
6040,0.01095945387717872
6041,0.011726307137173698
6042,0.007429603090035621
6043,0.009293645987612096
6044,0.006798337198353752
6045,0.025555062939559264
6046,0.006495158619190155
6047,0.00595955915952354
6048,0.006639238293995858
6049,0.0035078010592624505
6050,0.00016568750558995302
6051,-0.0015135543791424972
6052,0.009695534699788684
6053,0.004458595911307931
6054,0.004532453821512131
6055,0.004758063641266467
6056,0.004590991200583341
6057,0.008098944927124197
6058,0.0015352336780563355
6059,0.011030029685521164
6060,-0.001033166098482887
6061,-0.00015679483984040038
6062,0.004347386067491979
6063,-7.447579399340494e-05
6064,0.00811915677237867
6065,0.001475918536381472
6066,0.0005427663616482722
6067,0.013896249052493759
6068,0.002537189363199247
6069,0.010675473903848053
6070,-0.001077811472756875
6071,-0.001625277361567817
6072,0.012209883862900932
6073,0.000654912410023618
6074,-0.0030170113172153477
6075,0.0003436884996272545
6076,0.0038092333841288177
6077,-0.0005491776310126099
6078,0.01136853333704408
6079,0.01943152747907027
6080,0.006442503625113973
6081,-0.002239064774703004
6082,-0.0016404306523085475
6083,0.0059010694544714
6084,-0.0011408146141735492
6085,0.005161354595080651
6086,-0.00010627442729244443
6087,0.0006346084940457974
6088,0.003455212444285708
6089,0.010048442882347863
6090,-0.001523330587533983
6091,0.00015331675547020085
6092,0.0045627757034920335
6093,0.0013782543102058824
6094,0.002640107633725814
6095,0.0005673151531426918
6096,-0.0008166085965348718
6097,0.0055721303991984154
6098,0.001648503380605227
6099,0.006147450099427836
6100,0.00453178782945202
6101,0.009132579661851527
6102,-0.00029587550129246167
6103,-0.001166649745761703
6104,0.0018603299361441734
6105,0.007495035476946771
6106,0.00045852478919217177
6107,-0.0017244298622596209
6108,0.013222153967368082
6109,0.011324227405816092
6110,0.01085975799200976
6111,0.004947351644619496
6112,-0.0015067520588742354
6113,0.0045671189717852445
6114,0.01130732232681795
6115,0.0017462828268905196
6116,0.00906931190279638
6117,0.005536394557667468
6118,-0.00019471702824803115
6119,0.0038838072025892817
6120,0.0061937352807223504
6121,-0.0019604801874986613
6122,0.0010422180375586152
6123,-0.0011706156316509276
6124,-0.000796022380627287
6125,0.0010628230862984311
6126,-0.0009346473704115229
6127,0.01095862796978312
6128,0.004461051352798864
6129,0.013213157324285997
6130,0.006623639847893496
6131,0.0006207590159532112
6132,0.006208477194162648
6133,0.004635738068044411
6134,0.0032151589999374064
6135,0.0013171136747599631
6136,0.007681689589790784
6137,0.00033723234386139403
6138,0.00136401320277031
6139,0.01132405372957674
6140,0.005677408858238822
6141,0.01778458720140619
6142,-0.003156632112695488
6143,0.005230635869586334
6144,-0.001256764315363897
6145,0.002630193906263723
6146,0.011032559296987578
6147,-0.00022237662719774495
6148,0.006932747944522255
6149,0.0035417668173277905
6150,-0.002402172966873844
6151,-0.002292954652484457
6152,0.004822770636788314
6153,0.001063069073494809
6154,0.012298462000786624
6155,0.0026348772891390607
6156,0.011132776405701164
6157,-0.001486940102949523
6158,0.011144679858134762
6159,0.004107378673504549
6160,-0.0007187480182640517
6161,-0.0013558756011160331
6162,-0.0005155711516825964
6163,0.004636426873029554
6164,0.0016518165152688297
6165,0.006312962038810363
6166,-0.0028125746342419905
6167,-0.00026923196009852844
6168,0.0036086248959186842
6169,-0.0009703109134435103
6170,-0.00047064978788751745
6171,0.004828928590773253
6172,-0.002929013487384679
6173,0.006842587048798841
6174,0.009457258521781451
6175,0.001360140501016344
6176,7.667975860771795e-05
6177,0.0008845006337833503
6178,0.002652884062591808
6179,-0.0005482827119819775
6180,0.0028743158997936516
6181,-0.0007742722158990325
6182,0.0009035171619986172
6183,0.016784016808684084
6184,0.004663104997947445
6185,0.004400483232177902
6186,0.016035834311812398
6187,0.008690202838934805
6188,0.01600856356418212
6189,-0.0006422268198672202
6190,0.004523317772893037
6191,-0.0008929313466599555
6192,0.012431769837672961
6193,0.016094999733091565
6194,0.004083832777592243
6195,-0.0005747823677106981
6196,0.0017399968842662736
6197,-0.00032612143295004253
6198,0.0008378762384606466
6199,0.014303357432202696
6200,0.005210281256990072
6201,0.003773636688559699
6202,-0.0024356769848319203
6203,-0.0034399090867052156
6204,-0.0031056721970879626
6205,0.007784971414437979
6206,0.0017744183815865643
6207,0.008321904348212925
6208,0.005954546897310176
6209,0.004403228824563232
6210,0.005576651831588984
6211,0.0030697693676069865
6212,0.0007524737699849925
6213,0.008639943588974325
6214,-0.000905258303844303
6215,0.009972457442681559
6216,0.00291047711379281
6217,0.0012775652645773908
6218,0.0008468768522434736
6219,0.0024349914331423285
6220,0.0029173636000179304
6221,-0.0016193938876327973
6222,-0.001987964176962717
6223,0.01641836169361189
6224,0.011246938052855801
6225,0.005800686317313189
6226,-0.0005228523398724521
6227,0.0005787692024636255
6228,0.002031000491645507
6229,-0.00010121190788326025
6230,0.00947021851170031
6231,0.02368526810810084
6232,0.004524650132698527
6233,0.0029924720968523624
6234,-0.0017814955788107278
6235,0.0038488689405360224
6236,-0.0019036234045311604
6237,0.0031631230378572107
6238,-0.00018567460495445137
6239,0.005497347826260386
6240,0.0036412064389697504
6241,0.0013822012484445596
6242,0.0019572193072488545
6243,0.0003478974907902572
6244,0.008702524850749224
6245,0.008110517195055872
6246,0.012465941401308654
6247,0.004346284622068278
6248,-0.002133742760655092
6249,0.008259685472373879
6250,0.008092861520879468
6251,-0.0008170280991614872
6252,-0.00010631974000301948
6253,0.00446096960506712
6254,0.0038365915935736107
6255,-0.00032871922766903976
6256,0.004196233077085377
6257,0.023160107166074643
6258,0.001955005054660345
6259,-0.0023014803372075412
6260,0.004358277394286375
6261,0.005963403132632678
6262,0.004467752028834468
6263,0.0005773985690654855
6264,-0.0013137035145551548
6265,0.0015940238426496757
6266,-0.0016083531173879551
6267,-0.0006829702422156518
6268,0.0006830499022514053
6269,0.005339182553060571
6270,0.007705556752539245
6271,0.008469484016227227
6272,0.023339318935343575
6273,0.011683475559883805
6274,-0.00018311162561912217
6275,0.00026842600305636115
6276,0.010334740022225484
6277,-0.0009509104453945122
6278,0.007890212708419022
6279,-0.0011419638938793362
6280,-0.001743647294578184
6281,-0.0025695043342529224
6282,-0.002743328051807048
6283,0.0011993952213172742
6284,0.015865970183053017
6285,0.0036364489012914517
6286,0.005737632942944517
6287,-0.0003226390890987557
6288,0.012293012181082464
6289,-0.001461855899683952
6290,0.0011155600540311908
6291,0.0074255379106508805
6292,0.004632921322393967
6293,-0.001825610566081895
6294,0.0018390499223242384
6295,0.0084421965862388
6296,0.0010037234852032471
6297,0.0019010866869364658
6298,0.0034588395469723927
6299,0.0029425831863843406
6300,0.004536309228276289
6301,-0.0028005423067155137
6302,-0.002280575243283794
6303,0.002874459364201845
6304,0.0052091529095751495
6305,-0.0022829922611305054
6306,0.0042772630037642215
6307,0.006411831093633861
6308,0.015046626880103338
6309,-0.0024681965247644825
6310,-0.002735078434207918
6311,0.0014426013024492635
6312,0.028530039283056318
6313,0.010544359265770232
6314,-0.0032147122346831147
6315,-0.0024541039555119187
6316,-0.0010315072033149544
6317,-0.0003613908278093485
6318,0.009783890381226481
6319,0.001322225785793588
6320,0.005355364165446148
6321,-0.0009522857970717859
6322,0.003066373104795919
6323,0.007053827068428248
6324,0.007331205645300241
6325,0.007353306751226828
6326,0.0006941705293074252
6327,0.0043356526832985555
6328,0.0027619271526542755
6329,0.0036310889898216216
6330,0.0011618316175017514
6331,0.016239317186897462
6332,0.0004360114460680211
6333,0.015950805011030533
6334,0.0019017081965150649
6335,0.00012715853942734529
6336,-0.00011368615708934673
6337,-0.00018986431231160332
6338,0.0035826857847890865
6339,0.001984957413175392
6340,0.0065701774663920395
6341,0.012095028955921707
6342,-0.00043141025014354836
6343,0.0042995907240535695
6344,-0.0016082010037805575
6345,0.006760534144058198
6346,-0.0017555282872694748
6347,0.005009203280194784
6348,-0.002079096852381385
6349,0.0009347826024527269
6350,0.004106605157614518
6351,0.013493166047140605
6352,0.011683650636425819
6353,-0.0006819428925258463
6354,0.011238336983875784
6355,0.009044054473281306
6356,-0.002137693900713415
6357,-0.0023439586958405277
6358,0.002480079349148602
6359,0.0019324673722889152
6360,-0.0011021760603775292
6361,0.00946093289848957
6362,0.022007316591418063
6363,0.01278335174893876
6364,0.009843662596928527
6365,0.0032468069212794985
6366,0.004658426618353698
6367,-1.5203932045418367e-05
6368,0.00835303374839292
6369,0.0027665592120538346
6370,-0.0003285800555424389
6371,0.003457005539697515
6372,-0.001880641088951857
6373,0.008368166969849218
6374,0.0028832368010890987
6375,-0.0027447160817712993
6376,0.0005712852562456249
6377,0.01478755277909011
6378,0.015488967916353971
6379,0.005158334630156591
6380,-0.0013251718654777901
6381,0.00214823959734595
6382,0.002323055800835031
6383,0.0060955374118797576
6384,0.006007159897473399
6385,0.006994257584309341
6386,-0.0008049043677790767
6387,0.0018581642608690215
6388,-0.0009504717821999797
6389,0.009877712147225274
6390,-0.00112994219201854
6391,-0.0003741878570382752
6392,0.00664762219267348
6393,0.005490010381411593
6394,0.00203449520310741
6395,0.006706705112308729
6396,0.00422690312748451
6397,-0.000672589046818153
6398,0.006706200902441162
6399,0.005181572517492815
6400,-0.002537519870035582
6401,0.0043477728180384215
6402,0.011743405880703939
6403,0.008707887532342792
6404,0.0026769288608190916
6405,0.0016441775216192757
6406,-0.0024505509336567605
6407,0.010457596545062404
6408,-0.0008993964031631593
6409,0.0021567139570305253
6410,0.004496400067457426
6411,0.013294062693895919
6412,-0.001069245339779045
6413,0.0045232534047823895
6414,-0.0032860968468878694
6415,0.013587846293018936
6416,0.019008567914480124
6417,0.0026030582729086593
6418,-0.0004952557318456362
6419,-0.0004970278523165894
6420,0.0005749482980766853
6421,0.0021783506758387694
6422,-0.0018471649467487437
6423,0.01194607328950898
6424,0.007248749133842856
6425,0.002657807891601645
6426,-0.0006124448074768529
6427,0.0037739887281056997
6428,0.000532828157172734
6429,0.002352914046365475
6430,0.0077265269541913865
6431,0.0017714233620789513
6432,0.001193842193806154
6433,0.002796773248514621
6434,0.0008826239896932118
6435,-0.001040268578969064
6436,-0.0030646173136725796
6437,0.0025620162099083653
6438,0.006323765524621362
6439,-0.0024843265348818196
6440,0.00012638416666009393
6441,0.007723158489751785
6442,0.0001840918104979057
6443,0.0024362800537614804
6444,0.005179403900140139
6445,0.0011293840870133607
6446,0.0019298536682363678
6447,0.0025167116424076146
6448,0.011053105129439356
6449,0.0052560051592097715
6450,0.001043692302403974
6451,0.015194955607572214
6452,-0.0007576180283370183
6453,0.003928308537968654
6454,0.015608640210164136
6455,0.00500607727768778
6456,0.0044437209217775345
6457,0.009032037066972913
6458,0.013115687287557742
6459,0.0018866018779430723
6460,-0.0014945536525698914
6461,-0.002441650570252295
6462,0.000312892725788343
6463,-0.0002565915160679371
6464,0.00132043252979599
6465,0.0029137543547944345
6466,-0.001005476452434548
6467,0.0005844780277997706
6468,0.012322104681117257
6469,0.00012353422199572368
6470,-0.002152584963667499
6471,0.00025439890438683915
6472,0.0105680192478789
6473,0.0028515840577596797
6474,0.0065579837360652884
6475,0.008475131757818721
6476,0.005093902797502419
6477,0.018953398419845984
6478,0.0037827407996693513
6479,0.010965200586409974
6480,-0.0008664549579827045
6481,0.0042102346848892185
6482,0.003451607741540453
6483,0.011091078991492594
6484,0.001049805965310558
6485,-0.0009011052556565577
6486,0.0005962296132299219
6487,0.003962937564761553
6488,0.004385319960378463
6489,0.0018676004380155913
6490,-0.002203150585897432
6491,0.006505695654119497
6492,0.002193880402739122
6493,0.007709093530583164
6494,-0.0008977292806781716
6495,0.007027743095930371
6496,0.003890053420890889
6497,0.0023283496787858335
6498,0.004335048055940625
6499,0.0014149187258869975
6500,0.017410421360610884
6501,0.014663819983430963
6502,0.003764482832926852
6503,0.008040384957970853
6504,0.0016672892246746025
6505,0.006994605798520216
6506,0.007573064405894184
6507,0.015925642141550463
6508,0.004133248579521093
6509,0.0005873325622557379
6510,-0.001307165107319581
6511,-0.000827491997836962
6512,0.00036946644788139055
6513,0.0029852900077905822
6514,0.002747624210483114
6515,0.0060963970815557135
6516,0.001395870966928876
6517,0.016221567827418164
6518,0.005386079895906972
6519,0.009327672904017374
6520,0.008458722811181277
6521,-0.0014803021756547574
6522,0.009978449796591928
6523,0.00965826469820745
6524,0.00453518334880184
6525,0.004537800683898727
6526,-0.002477443428418191
6527,0.0057714955412447415
6528,0.014364187616299387
6529,0.005615184261051353
6530,0.003228408033090862
6531,-0.0024489242863235377
6532,0.012654412954265632
6533,-1.9662016519162925e-05
6534,0.011693770279850402
6535,-0.001913063375101975
6536,-0.0007567669490597412
6537,0.0024507258110550087
6538,0.0015892566306207594
6539,-0.002826934118104505
6540,0.0035184192655440434
6541,0.001893323509835709
6542,0.009389178184868553
6543,-0.0012858038986028816
6544,0.003795167555853036
6545,0.001993742303496908
6546,-0.002832278160146586
6547,0.006923558668091665
6548,0.007569330660986966
6549,0.0016289580140688518
6550,0.004107406512426536
6551,0.0019969895379632757
6552,0.012387942527371583
6553,-0.0017961351615178225
6554,-0.002630118671083797
6555,0.014249577659522596
6556,0.004876188763806931
6557,0.006439617569419541
6558,-0.001749640129915967
6559,0.0006449486369411433
6560,-0.0016807271280569313
6561,0.00020354263078342476
6562,0.004485283285559347
6563,0.0004174507626447579
6564,0.0035121543184030816
6565,0.013441955946743259
6566,-0.0002905952506333572
6567,0.0019713163573354675
6568,0.016429015054847906
6569,0.006590104500337292
6570,0.0032027909633037914
6571,0.0008013572345287184
6572,0.0008453184605825993
6573,-0.0021933506445268956
6575,0.010437066755636468
6576,0.008431777879279533
6577,-0.001194343453817883
6578,0.0034274594917740077
6579,0.002676338833447065
6580,0.0008678109160975712
6581,-0.0016329513828594513
6582,0.0025288738200972168
6583,-0.00035858819721749403
6584,0.0015205663192061555
6585,0.007467712730253477
6586,0.0019156930529232834
6587,0.00458940458187191
6588,-0.0007963003718749594
6589,0.0031453052261761795
6590,0.009793017264638954
6591,0.008981984572576908
6592,-8.95475848371359e-06
6593,-0.0011329637922780009
6594,-0.0022610948731418036
6595,-0.0002081012536694557
6596,0.006790509807998973
6597,-0.0022359425249269486
6598,0.007538019401789137
6599,0.012488397618890274
6600,-0.0006744045096105742
6601,0.009840272792113199
6602,0.0031782471280047443
6603,0.003046249167016367
6604,0.0014636730821855869
6605,0.004480589659734111
6606,0.003334975787942139
6607,0.009039874387561334
6608,0.006082162289540085
6609,-0.0015334912391031588
6610,0.005695899199142155
6611,-0.002719824518134902
6612,-0.00038949239719180545
6613,0.003852094899581524
6614,0.002969005915242351
6615,0.01048047664367522
6616,0.004147895131584787
6617,0.003741207932005889
6618,0.005081551841622459
6619,0.0007689754561195066
6620,0.0007230311901375765
6621,0.008560634596763993
6622,0.009166245609808586
6623,0.010973540095800094
6624,-0.001670980475829838
6625,0.0071091239073060655
6626,-0.0017094607496788202
6627,0.008313449461597646
6628,0.0010341776881458795
6629,-0.0017020498085719461
6630,0.00026839250846957645
6631,0.0018112296144166453
6632,0.005681965354675082
6633,0.02257785362769894
6634,0.008757380740849446
6635,0.0011388769948945925
6636,0.0074663050765506715
6637,0.013499845109021424
6638,0.007216496702919243
6639,0.004959307798288997
6640,-0.00022047466762011546
6641,0.004131238484473498
6642,0.009937966172191517
6643,0.0005740688228381505
6644,0.00225406801362249
6645,0.038238621991307495
6646,0.002094104202034156
6647,0.011883172390223708
6648,0.002577041272190026
6649,0.001809806232007367
6650,0.0009015596938943774
6651,0.007390903536392102
6652,0.010276503210303722
6653,0.0012297876132061625
6654,0.0026889381284327003
6655,0.006607842288911363
6656,0.006453199658651702
6657,-0.00238387960089944
6658,0.0037029366200367793
6659,0.008771378107376795
6660,0.010115329702043797
6661,0.010108085582696921
6662,0.003189702170887241
6663,0.008260760927568049
6664,0.018442307506015273
6665,0.009452247811282014
6666,-0.0017020860731489455
6667,0.003157639308144642
6668,-0.0008227289620013501
6669,-0.0014867162201405697
6670,0.0020686696275761286
6671,0.010921321531924242
6672,0.0014202976457861616
6673,0.005475872456102343
6674,0.005420700658781308
6675,0.005095222324295344
6676,0.003140235613800696
6677,0.0015026734106439298
6678,0.01810065554441913
6679,0.001576661996883378
6680,0.0034957255670912714
6681,-0.0016176626696259248
6682,0.012536397376400648
6683,-0.001460269192334834
6684,0.007752894930963282
6685,-0.0012677080724150767
6686,0.015119740630181695
6687,0.01070254862581569
6688,0.004932019855918155
6689,-0.0004487493802789993
6690,0.019123942510676954
6691,-0.003341093713098965
6692,0.0015391195791329814
6693,0.0026762788210167934
6694,0.002883524633902075
6695,0.003565489381642712
6696,0.003394426570060574
6697,0.008951999815555445
6698,0.005560216136084151
6699,-0.00094741568600888
6700,-0.0019330487417660806
6701,0.005024484288222053
6702,0.006032195118535193
6703,0.00915538701970025
6704,0.004083354190924485
6705,0.009327913821867467
6706,-0.0016726255658623661
6707,-0.0016429245935151125
6708,0.009242063265474425
6709,0.013381641507655497
6710,0.004523680203479399
6711,-0.00015357429724963644
6712,0.0024904733586225414
6713,0.005041698243482665
6714,-0.00020633671578419548
6715,0.00014292749587315433
6716,0.01112680445428418
6717,0.008849512238449007
6718,0.00017231423847262513
6719,0.0004664584103604118
6720,-0.002111177381068856
6721,0.00032565765785622265
6722,0.004802053023670681
6723,0.0004821843777704938
6724,0.009133287488315454
6725,0.002364734524100423
6726,0.0031882447684760742
6727,0.009536425699148875
6728,0.006680080775392602
6729,0.0015573333332351731
6730,0.014315767518434323
6731,0.007965530749346375
6732,-0.0012023761468261864
6733,0.006243133236628371
6734,0.00394798228514992
6735,0.020257351098695673
6736,-0.002027586363718397
6737,0.006069735654398514
6738,0.0032035701769030714
6739,0.0007208382966762492
6740,0.0025944447978929405
6741,0.0034397868989574677
6742,0.001504238743679026
6743,-0.003216043495551801
6744,-0.0027756787442169105
6745,-0.0009546161987634902
6746,0.009368043027344352
6747,-1.9249833895564408e-05
6748,0.0042040714458719125
6749,0.004638043037310944
6750,0.005982993850547919
6751,0.0005437176107741838
6752,0.00490522259831825
6753,0.0021508217291487178
6754,0.00036204626134390266
6755,0.013125998205663247
6756,0.002758036892772195
6757,0.0036425001966345558
6758,0.002027293861817027
6759,-0.0008854208874976774
6760,0.007866271195491818
6761,0.013212819515197673
6762,0.008636747206101813
6763,0.00015491508809297241
6764,0.018386350598301935
6765,0.01166915814338202
6766,-0.00225644966939015
6767,0.002278321131802319
6768,0.013137910353190174
6769,0.012014409805532495
6770,0.0023777926945544384
6771,0.0030971782611145145
6772,-0.0006436506658742455
6773,0.00527702535450017
6774,0.006038902784209894
6775,0.006395382607244513
6776,-0.0019161963953182974
6777,0.0054040018111779185
6778,8.724366544564897e-05
6779,0.0018069208779172997
6780,0.0014674182047088435
6781,0.009274077009656354
6782,0.005511075402762126
6783,0.006068127681492657
6784,0.010225114686704756
6785,0.014406550591148405
6786,0.002029252836009819
6787,0.008071756388681576
6788,0.0011969010494383321
6789,0.006816288507786723
6790,0.0050481716780199255
6791,0.005173579365662824
6792,-0.0014962486886413388
6793,0.014970908872245205
6794,0.010922687211705941
6795,-0.0010952482930510678
6796,0.0062149654344342
6797,-0.00121454071214833
6798,-0.000707850909397607
6799,0.002706694267514711
6800,0.0010139583102306768
6801,0.0037106155968597843
6802,-0.0013710111346461658
6803,0.015658160107512264
6804,0.0027707710110862205
6805,-0.0004660135786994351
6806,0.010571816495575356
6807,-0.0014353827114421212
6808,0.024729594326509775
6809,0.02126154454895521
6810,-0.00020201490510298944
6811,0.004230665037568946
6812,0.008686095062754175
6813,-0.0005345612861741202
6814,0.0016048900365429226
6815,-0.0016250788517153496
6816,0.006683591077463691
6817,0.006703143535657659
6818,0.003423356491301717
6819,0.0006684559549598335
6820,0.005360138266262797
6821,0.0026363709233350116
6822,0.0002960299301930404
6823,0.002671187572432218
6824,-0.0010405640904095417
6825,-0.000769897768037377
6826,0.00869504881652805
6827,0.001581840494763516
6828,0.00012765940689061367
6829,0.0023022138140097806
6830,0.0028262583745544585
6831,0.0012234443053698568
6832,-0.001906896811220844
6833,0.0026994524023240124
6834,0.002609699407123925
6835,0.013655420030478371
6836,0.00263322683092828
6837,0.016650593861863818
6838,0.009859656106070442
6839,-0.0003287078241423144
6840,-0.00025391600211605025
6841,0.004180359109405674
6842,0.001258347338542267
6843,0.0021528833663560995
6844,0.011268086215921444
6845,0.017585555483675182
6846,-0.001509960915900447
6847,0.005209795994040287
6848,-0.002376185867388539
6849,-0.0017055589226580969
6850,-0.0019791942322108288
6851,0.008337977895793238
6852,0.002722798273186281
6853,0.012580209000921237
6854,0.004566903581181645
6855,0.005017958102758235
6856,0.010978058598005672
6857,0.007326868963918511
6858,0.009559207458401445
6859,0.0012238918302308766
6860,0.014046485760554818
6861,0.011163267885240528
6862,0.011333402105783395
6863,0.0014493565154808513
6864,0.0018096100424141916
6865,0.007262961566887684
6866,0.0006938170122927911
6867,0.014476955256810857
6868,0.013611288810059796
6869,-0.0010027948648434013
6870,0.006161598013636339
6871,-0.002575534081500533
6872,3.373314219648482e-05
6873,-0.0017179626498805157
6874,0.0002766587131977378
6875,0.003510428299736402
6876,0.0016308857182561007
6877,0.002501849860080854
6878,0.0008387993591345913
6879,-0.0017978900609547776
6880,-0.0009320380186394854
6881,0.009116755518288472
6882,0.006496796790769508
6883,-0.0017688559119936297
6884,0.004539378121149962
6885,0.007317464939223771
6886,0.011925859494571183
6887,0.01147246444514673
6888,0.012115042632797893
6889,0.01455524769140661
6890,-0.003047081224171508
6891,-0.0024542140379639147
6892,0.004051546931446642
6893,0.004584014815551485
6894,0.005677679426040295
6895,0.0023458786428461227
6896,0.007053415595363901
6897,0.00532214170372931
6898,0.0022611530696051534
6899,-0.0033409989203057426
6900,0.019348274599492562
6901,0.0012739288327923756
6902,0.0035286551907905313
6903,-0.001092025716127933
6904,-0.0002994237478207845
6905,0.02651538416386044
6907,-0.0009266527620385313
6908,0.0028679581085569346
6909,-0.002883934495306611
6910,0.012212221125833735
6911,0.0036313175094905073
6912,0.00776158357184617
6913,-0.0011767708471416283
6914,0.0026540301779810413
6915,0.001914141564825441
6916,0.005935566832057634
6917,0.0028088439418895196
6918,0.012606248226452278
6919,0.006507060493026656
6920,0.0014567087778865704
6921,0.009625378632792926
6922,0.0059451058240201984
6923,0.01605261176970283
6924,0.004069395058293478
6925,0.009991303607798256
6926,0.001623750649836428
6927,0.001280223306941405
6928,0.0034683589094343693
6929,0.0032770422514440747
6930,0.0022107508349334844
6931,0.008821297699530148
6932,0.008381147643948962
6933,0.004623317060627633
6934,0.009856768641952198
6935,0.0014944646970490878
6936,0.005600808047272091
6937,0.001566031417881343
6938,0.00041371361919662585
6939,0.0033973599453056454
6940,0.0009665346281247014
6941,-0.002443817850963932
6942,0.011614333412860459
6943,0.0065909473269487075
6944,-0.0023453675075741295
6945,0.002087615709948979
6946,0.004877874808178365
6947,5.1198043233639454e-05
6948,0.0016081913150607016
6949,-0.0004889902399983007
6950,0.006857757583176787
6951,-0.0024585497886617444
6952,0.012684440539411746
6953,0.0040760562252524085
6954,0.004175753473196469
6955,0.00676036113512787
6956,0.004513768260085704
6957,-0.00046872247328144656
6958,0.008761565425815705
6959,0.0025910349971350714
6960,-0.0021659619522354217
6961,0.011620553835910343
6962,0.011748241722162284
6963,0.00022649233617538615
6964,0.003559926058869997
6965,0.01634440767748944
6966,0.006926595792894785
6967,0.0006375929289415792
6968,0.007060860800108749
6969,0.013319348696786842
6970,0.008288516164397706
6971,0.0024287197072136828
6972,0.006075301653045571
6973,0.0022222079289963004
6974,0.003843251204789313
6975,-0.00013330431354091447
6976,0.002364265887957351
6977,-0.0024292037893487387
6978,0.00391881890865934
6979,-0.0017240263380173416
6980,-0.0006518674780918166
6981,0.005977050350601039
6982,-0.002479089153494426
6983,0.007619389775606826
6984,0.004878145819097492
6985,0.015437324492933193
6986,-0.0023190283623852215
6987,0.004038560806876798
6988,0.0004763242657842594
6989,0.004536201148672071
6990,0.0062053786736222145
6991,-0.0008885433304085394
6992,0.005615816455805625
6993,0.007445740405559814
6994,-0.003074057848858015
6995,0.0008877786849430559
6996,0.00859420820748712
6997,0.012578684441445904
6998,0.0077128490819706776
6999,-0.0021247103544365306
7000,0.0015940023291477964
7001,0.007624006700446075
7002,0.004224181759645285
7003,0.0014674967085117063
7004,0.00509286085686423
7005,0.002384403851527512
7006,0.012909036151949976
7007,-0.0012372718563906735
7008,0.0032426806902434227
7009,0.020828272226918677
7010,0.012131461345269736
7011,-0.0017955774410890486
7012,0.007921808450678358
7013,-0.0022931207679091695
7014,0.013134755095219778
7015,0.005140960955165155
7016,0.005457132521388155
7017,0.008218791387330966
7018,0.00708854559200121
7019,-0.0013035671540830036
7020,-0.0018888221142932954
7021,0.0005854637624321604
7022,-0.0016452301954652856
7023,-0.0021580081719760284
7024,0.004027264182600781
7025,0.000895657842152349
7026,0.004064123479933637
7027,0.004226954427916697
7028,0.021083826412196378
7029,0.00242587421753563
7030,0.003676772355884074
7031,0.005862278725956082
7032,-0.003246541723320546
7033,0.012010557864075684
7034,0.010996352631180633
7035,0.00778093087468313
7036,0.002130963907153477
7037,0.0022623558895762397
7038,0.0039639998472370715
7039,-0.0026035127933721914
7040,0.006543373701121388
7041,0.0001788767136064965
7042,0.001712616466061731
7043,0.004790720592807652
7044,0.0009287102227257711
7045,0.0023606154337813823
7046,0.013292496499225672
7047,-0.00030567391130785146
7048,-0.0012712491711952042
7049,0.010425844151692544
7050,-0.0023336382677102297
7051,-0.002322124726860197
7052,-0.0005421370809693803
7053,0.01306789052034735
7054,0.0008359120634857595
7055,-0.0021036461740714957
7056,0.0009069883083710779
7057,0.01684089121267343
7058,0.0007113054492409576
7059,0.006691561054288104
7060,0.002061707790649639
7061,0.008309551108660402
7062,0.01190746011545489
7063,-0.0018707700408478155
7064,0.0022200375346226216
7065,0.013656947099220926
7066,0.003648964090342998
7067,0.0026031652280215853
7068,0.019439828493492
7069,0.00414965647006622
7070,0.007354126755179317
7071,0.0032619596050641082
7072,0.011784409953670215
7073,0.010371464151023246
7074,0.012478695299352607
7075,-0.0012664359722150322
7076,0.00024413382208616184
7077,1.0169452844733043e-05
7078,-0.0012679306863924364
7079,0.007126206125206265
7080,0.0017543107232890973
7081,-0.0020308697825601844
7082,0.0008167892856813276
7083,0.008603278455209532
7084,0.016407775066401543
7085,-0.0011174084199116613
7086,0.010404579367725143
7087,0.012956462734246985
7088,0.009664536236550541
7089,0.026591612713853723
7090,0.004144788579221521
7091,0.0018764607464575485
7092,0.006565324583211317
7093,0.009814571975279636
7094,0.006164455555079707
7095,0.008064014107202453
7096,0.003386155299866536
7097,-0.0010984154102823482
7098,0.01187507696663841
7099,-0.00120661706189832
7100,0.002413131256721511
7101,0.004074665739858829
7102,0.0064918605478113955
7103,0.0007377575271108553
7104,-0.002248861953443702
7105,0.004344905294803268
7106,0.0019725450461919453
7107,0.010755111628099025
7108,0.006265178953512886
7109,-0.0010081906119005987
7110,-0.002325178623032534
7111,0.0030571637499964173
7112,-0.0016451104178300292
7113,0.030245244596268376
7114,0.004938898743986293
7115,-0.0001544850990227234
7116,0.007682290178325616
7117,0.0010803693428047892
7118,0.0025594591321647826
7119,0.0048155249223481335
7120,0.0003007986358917244
7121,0.0024683155864354857
7122,0.0015560141277511635
7123,-0.0021069085010566105
7124,0.0011570439722260514
7125,-0.0008766561046837894
7126,-0.0022942589267076034
7127,0.004219680306835699
7128,0.006470525330179628
7129,0.005226119746959249
7130,-0.0006572440787038988
7131,0.003734245439544308
7132,-0.0010773971446153552
7133,0.006342754451896655
7134,0.0071291591809154314
7135,0.0019127941968957937
7136,0.009429112601915292
7137,0.007611515497882582
7138,0.00038080381113905944
7139,0.008535988274924682
7140,0.006070338376914175
7141,0.016117091758387898
7142,0.006591208604842271
7143,0.0038853633280726274
7144,0.0025668501320306354
7145,0.006649239127823402
7146,0.005887359392547309
7147,0.0025076909963670582
7148,0.011544912073725811
7149,0.0042285792392071885
7150,-0.0012560678908550855
7151,0.0030673526809342107
7152,0.0025102063876849823
7153,0.013199115410783679
7154,0.0010689995927070928
7155,0.003623969922190374
7156,0.0026383347042301664
7157,0.011725314875479401
7158,-0.00012678594609780852
7159,0.00725437997510681
7160,-0.0006841065869792849
7161,0.002557383019572191
7162,0.003883370430809302
7163,4.8994379208222236e-05
7164,0.00454276595782864
7165,-0.001063703242395143
7166,-0.002079346084142881
7167,-0.0009511923399943348
7168,0.005904060709672053
7169,0.00474082826864761
7170,0.002722184097289998
7171,-0.0020184904341223
7172,0.006620029954879283
7173,-0.0026738396091904384
7174,0.0013150558061288606
7175,0.007055529887103184
7176,0.010494622073116553
7177,-0.0023203396647850077
7178,0.0025057560753348543
7179,-0.0005925839136108682
7180,0.0008939468947224
7181,0.005277958498813434
7182,0.004005403921657137
7183,-0.002470717967138254
7184,0.010963600696894293
7185,0.0014615871741730305
7186,0.003494967049037418
7187,0.008761492198178799
7188,0.0043854512911048645
7189,0.0029358474502384144
7190,0.013044304957585094
7191,0.023660686381417193
7192,0.010982949142959286
7193,0.0026670345537971214
7194,-0.0003650673367873395
7195,0.004436333343401277
7196,0.0085986701241892
7197,0.0011150713944049918
7198,0.004814777428934613
7199,-0.0005984565320925964
7200,0.00845544913361989
7201,0.006314884148718232
7202,-0.002970958048140458
7203,0.0030474615134688
7204,-0.0014880620488053296
7205,0.00944529784165074
7206,0.003558157627578735
7207,0.0013365830984446766
7208,0.0018747559820995307
7209,0.011839096995917456
7210,-0.0026909591269807225
7211,-0.00017999494671298508
7212,0.0011411040367960371
7213,0.0039764419839007255
7214,0.01239655026768989
7215,-0.0017084276053846003
7216,0.004806277710120824
7217,0.005800704148975135
7218,0.009029867825250289
7219,0.0063763789756348145
7220,0.0077919090367254765
7221,0.009227064228747344
7222,0.009564726137354214
7223,0.004378796386850587
7224,0.01596445408399969
7225,-0.0019025465479240809
7226,0.0014281973894328982
7227,0.002549107287507787
7228,0.007584238102415344
7229,0.005860989487017951
7230,0.006906690031645055
7231,0.0009277184720420037
7232,-0.0016250779300571207
7233,0.004822017611114542
7234,0.0016202128789580515
7235,-0.002065562884316077
7236,-0.0012029056695082967
7237,-0.0017228445544309138
7238,0.00492048742164445
7239,0.000941150959640957
7240,-0.0019361275410228005
7241,-0.0006644013562650906
7242,0.0006413220334981137
7243,-0.00015253112994178565
7244,0.0014303789629417814
7245,0.0019085272472096557
7246,0.0035670992030518885
7247,0.004566433360541973
7248,0.0005938097856033019
7249,8.669059338752179e-05
7250,0.001855263483289172
7251,0.005461183863845934
7253,0.003666572479215636
7254,0.0028569893002644633
7255,0.0007041847053312743
7256,0.004649567335578926
7257,0.004549682078333006
7258,0.005589063447622986
7259,0.0009277344598937112
7260,-0.0033207102511000636
7261,0.0005371046846205426
7262,0.00663719353021823
7263,-0.0018558202593371206
7264,0.008388365904682633
7265,0.008990240627466423
7266,0.00024403777111247846
7267,-0.0008132767097880442
7268,0.0004895011289318563
7269,0.01066341683728575
7270,-0.00033219021979527877
7271,0.002012166764641398
7272,0.012465591757440476
7273,0.0025757680769389092
7274,0.015339923082636913
7275,-0.0029315006402118784
7276,0.0024713248158836285
7277,0.001209087474376893
7278,0.00233085219381874
7279,0.012278827558598146
7280,-0.0015681888525945695
7281,0.025882413921318504
7282,0.011645257075753708
7283,-0.0017484256219428614
7284,-0.00044750630239623855
7285,-0.0009957082190213372
7286,-0.00044295409915947985
7287,0.006655472512556944
7288,0.005451561229998084
7289,-0.0012571349723880538
7290,0.016935822715432522
7291,0.0027184199432463314
7292,0.00916959453111266
7293,0.007611845852472352
7294,0.001463664055990235
7295,0.006400264106976319
7296,0.0020153615375711927
7297,0.004265229123573983
7298,0.006580753869862871
7299,0.01422923829364776
7300,0.015897550821793772
7301,0.006906966884972613
7302,0.004988497741186659
7303,0.0002932253277195835
7304,0.02079547710758817
7305,0.0021661929137680343
7306,-0.000209987714113357
7307,0.0024850554631153966
7308,0.010853371593630892
7309,-0.00113220859936463
7310,0.0064771504895623395
7311,0.002534403450248607
7312,0.015558317197373727
7313,0.008463233935032694
7314,0.0027519678408696353
7315,-0.0021554984044626357
7316,0.0012086648847306133
7317,-0.0018737687552168245
7318,0.005615337833165951
7319,-0.0028096998754807527
7320,0.0011404183990634652
7321,0.0038751281296047525
7322,0.0026099488523288715
7323,0.00012800834187595873
7324,0.008732004476009851
7325,0.017655434497352702
7326,-0.0023886056772584145
7327,-0.002529081424487876
7328,0.0006999800254050281
7329,0.018901855478614348
7330,0.008836887250662867
7331,0.0005260559680041674
7332,0.0016550648309923838
7333,-0.0011191566425966613
7334,0.006193995997116442
7335,0.0010855119784667442
7336,-0.002422131391658521
7337,0.0034328851542835895
7338,0.011132323444624104
7339,0.002454388540571166
7340,0.000966944858267876
7341,-0.0007776963857432182
7342,-0.0008631959912616619
7343,0.018326330552357755
7344,0.007094375943557347
7345,0.0049303365202261785
7346,0.003951335889892035
7347,0.013464186351092224
7348,0.005100625105853341
7349,0.015493425007790568
7350,-0.0011322844983133584
7351,0.00014801930854732234
7352,-0.0011640149092488547
7353,0.008079089813133582
7354,0.015179664760223827
7355,0.001801041717506056
7356,0.007431321876126988
7357,0.0010791391249110587
7358,0.0016086192061658452
7359,0.009275443725324992
7360,0.002326310433552147
7361,0.004088773577642837
7362,0.004764504692785783
7363,-0.0018452966077049451
7364,-0.0023431857073988177
7365,-0.0003302878910845346
7366,0.002303335746844642
7367,0.00521877640961553
7368,0.012615529264453466
7369,0.009817021369474377
7370,0.0015484447526875975
7371,0.00025945175826541655
7372,0.00599233213432775
7373,0.008040657635381657
7374,0.01305710905748515
7375,-0.0012726875246556017
7376,0.007424891263916284
7377,-0.0001368506920300938
7378,0.006512124132504373
7379,-0.00029613464452353695
7380,0.008422398211694791
7381,-0.0011384134411363631
7382,0.002680764700259953
7383,-0.00040261650361868295
7384,0.0016047237098092831
7385,-0.0027972660657937225
7386,0.006841871919075343
7387,-0.0022337410659802933
7388,0.002662896273862528
7389,-0.0026819522422636757
7390,0.022549036550112925
7391,0.024882849454656002
7392,-0.002088609025182153
7393,0.00317529728122189
7394,0.008989367647254012
7395,0.007482277110132468
7396,0.012424594334585377
7397,-0.0011783163912076726
7398,-0.0012289506801391407
7399,0.006565571038681366
7400,0.004012568007567954
7401,-0.0033936195289476865
7402,0.009049459997795845
7403,0.010408651277099407
7404,0.01116944939594823
7405,0.0008045825595066596
7406,0.00013136144956409426
7407,0.01320012338647325
7408,-0.002417035245751098
7409,0.020276456935917498
7410,0.015540918465520477
7411,0.00510333546371302
7412,-0.003552681204734084
7413,0.0027771922245026087
7414,0.0034177981672518162
7415,0.0020258156904133864
7416,0.004404864785067492
7417,0.0010365091443724772
7418,0.002869965559064238
7419,-0.002929013802915213
7420,-0.0018771597016311297
7421,0.001159624557066091
7422,0.0032913363975382963
7423,0.0037707920417988337
7424,-0.0014650371942475891
7425,0.003479105374512074
7426,0.004855375840523833
7427,0.006058777779189822
7428,0.006131644327718549
7429,0.0011613599188828247
7430,-0.002803005279199503
7431,0.02216220641830503
7432,-0.002893198348161593
7433,-0.001765399444389252
7434,-0.0010010224946718303
7435,0.0006440822800103385
7436,0.0014274323700175662
7437,-0.0006532894606970496
7438,0.01462130700242478
7439,-0.0010564316926998472
7440,0.006964218567449696
7441,0.0005549827371540954
7442,0.0010862227691856314
7443,0.013309533946994384
7444,0.003991658272123971
7445,0.0016294448475007942
7447,0.0005271614906999355
7448,0.002377652717580836
7449,-0.002605921700250766
7450,0.01267363613684818
7451,0.0032924439182591553
7452,-0.0008838958442473049
7453,0.004209656318894063
7454,0.02308505218825126
7455,0.009744848851933236
7456,0.00029033142010120166
7457,0.005425495958175774
7458,0.0055123347665693954
7459,0.0006920127063631439
7460,0.0037734562243452938
7461,0.005177552468472062
7462,-0.0013621500759697057
7463,-0.002405137055087955
7464,0.016479366549077334
7465,-0.001142985058722788
7466,0.010498034321530087
7467,-0.00016051887104384308
7468,0.000611913359306172
7469,0.00495824831361192
7470,-0.0024652107846180552
7471,-0.0011391315373170067
7472,0.004867489997346177
7473,0.002067588546564497
7474,-0.0012331868206838272
7475,0.0019666681416974155
7476,0.0034461192226699876
7477,0.0010340323278123023
7478,0.004868924722456522
7479,0.003292139457065423
7480,0.0021847566479463697
7481,0.003445794715798624
7482,0.010128426935102717
7483,0.005643655382316936
7484,0.003594518686446675
7485,0.002945513501865206
7486,-0.0018529963440077936
7487,0.0068370419041277435
7488,-0.0007622852807699747
7489,0.0024514008618989405
7490,0.0028912246974684835
7491,0.005077734326205875
7492,0.007264435457273691
7493,0.012786629533756748
7494,0.019257562970924385
7495,0.005744919984346095
7496,0.0032880656290110305
7497,0.005720546878990675
7498,-0.0016745021374464583
7499,0.00011454387718467206
7500,-0.0002676752545575419
7501,0.0032487237345152943
7502,0.0015049775532429352
7503,-0.002547983135867035
7504,0.0006040630148450264
7505,0.004899587779856319
7506,-0.0029280667828518563
7507,0.003527428813110349
7508,-0.002910608529299974
7509,0.005995582555604173
7510,0.009848058232965261
7511,0.022760396842856374
7512,0.011762053722689517
7513,0.002572728361999139
7514,0.0006309509527327884
7515,0.0036703133448322683
7516,-4.6239876875270314e-05
7517,0.012587318288048738
7518,0.008716960734736774
7519,-0.0002400108287054295
7520,-0.0026130446795769
7521,0.0032881899668681033
7522,-0.0017289854498149706
7523,0.013417046435462831
7524,0.011765808145898338
7525,0.0018372107476407468
7526,0.023191375208518192
7527,0.00640728381175177
7528,-0.0034227937158310545
7529,-0.00024771826827669693
7530,0.005962044323818111
7531,0.008828424678583316
7532,0.0033723767610891013
7533,0.0006094356784048169
7534,0.00014548804057928737
7535,-0.0015852599054448496
7536,0.000870798773298459
7537,0.0004836966987123992
7538,0.021210293589589358
7539,0.009096362067011983
7540,-0.0003025756071121169
7541,0.0036179179250182686
7542,0.0022283475801589507
7543,0.004932704547788845
7544,0.0030710530441406744
7545,-0.0008734547483391971
7546,-0.0009121697691309126
7547,0.002749536864346612
7548,0.00675707875908008
7549,-0.0027874888771128297
7550,0.002363125288056111
7551,0.003362728455225346
7552,0.01237381179190096
7553,-0.00035174790075143646
7554,-0.001857823867326731
7555,0.01367469191604738
7556,0.0011496232158584273
7557,0.014383969663742207
7558,0.00029597507529615687
7559,0.005072320437712413
7560,0.0026723923732360835
7561,0.0015941182286500488
7562,-0.0018861086201246487
7563,0.0057056339036594475
7564,0.0024828819092793594
7565,-0.0009647530409890304
7566,0.000615043479742285
7567,0.026503850198363325
7568,0.002546597371283023
7569,0.007484951399399562
7570,0.0108109320085568
7571,-0.0018833783370950305
7572,-0.0017102355416895813
7573,0.012308995071671866
7574,0.00306170263714272
7575,0.0037702208945973627
7576,0.005249967975139581
7577,-0.0020797276817160707
7578,0.00021014213811930763
7579,0.014347902212059178
7580,0.0010047431608238202
7581,0.007129292402536725
7582,0.0009565974892219616
7583,0.012753465114654205
7584,0.00874248390506125
7585,-0.00026870483400013613
7586,0.002146239417990501
7587,0.006225140013651719
7588,0.005828783621816019
7589,0.006517148861391823
7590,0.00999415381547969
7591,0.0015934725772407277
7592,0.0017640662951641014
7593,0.006764952619385093
7594,0.006658979219103529
7595,-0.0035496413377017876
7596,0.007642856335577153
7597,0.0015068994888850131
7598,0.01217914443069023
7599,0.014096304045200583
7600,0.003107799735308399
7601,0.0054052566138112525
7602,0.007234937470834375
7603,0.00339152618266474
7604,0.012274258606521482
7605,0.0044602252177603045
7606,-0.0003331091101799119
7607,0.002554925041363485
7608,0.0018594424916820538
7609,0.014114459475310908
7610,0.004495469922352741
7611,0.015478454199702348
7612,0.00027716616544063745
7613,0.013722298496283928
7614,0.012132889956955481
7615,0.00862757235009438
7616,0.008603393195225888
7617,-0.0010184807522563774
7618,0.0017413615684143038
7619,0.0016824031264126849
7620,0.003919358843203415
7621,0.002573945507410514
7622,0.00522084879897429
7623,0.0012510542250263879
7624,-0.0009657440354745635
7625,0.005430419907137947
7626,-0.0008742273776999616
7627,0.0005543959670716858
7628,0.0002016213873921209
7629,0.004400654926213426
7630,-0.002754410933401487
7631,0.015288297276015606
7632,0.008978202855343655
7633,0.0012012543936601484
7634,0.011518024636910842
7635,-0.000260947920103647
7636,0.01238002639507876
7637,-0.00034221475311950987
7638,0.006284726918149491
7639,0.012892683976004446
7640,0.00021707756806006902
7641,0.007149757801344737
7642,0.0002243401378035914
7643,-6.01208006851834e-05
7644,0.004980100471491656
7645,0.005340697154891258
7646,-0.0007260274469742273
7647,0.012041843307591202
7648,0.004337431031418738
7649,0.003098569685657304
7650,0.003985724442611457
7651,0.0094582053092899
7652,0.004634328250320903
7653,0.011347440627634153
7654,0.004495990681267326
7655,0.002168934392847807
7656,-0.001489627236522512
7657,0.0001604499248114826
7658,0.015969894657598006
7659,0.0015702178403168496
7660,0.018102158447317596
7661,0.0057192464688110844
7662,0.010912984822806247
7663,0.00028355892647680125
7664,-0.001807732160850499
7665,0.0009106404147387667
7666,0.0013025972147271362
7667,0.01871971105817653
7668,0.003693716591708765
7669,0.0017641386396490821
7670,0.0069746558581671066
7671,0.00046969463869726315
7672,0.011095147287416191
7673,0.003700002987424844
7674,0.01442192379446048
7675,0.0005638387471752389
7676,0.014987502147689485
7677,-0.001689365106561579
7678,0.02590833916891042
7679,0.0013250990749577307
7680,0.004996547908094173
7681,-9.194186712212227e-06
7682,0.004671590376506527
7683,-0.002006792171856557
7684,0.006391352419930597
7685,0.0052204226172359106
7686,-0.0010283281312965312
7687,0.004369273853234143
7688,0.000301672212244428
7689,0.00010534455949380919
7690,0.00951360247627759
7691,0.0001384268345298468
7692,0.014039702289465567
7693,-0.0020265543799006403
7694,0.010776012566527032
7695,0.000582450178193597
7696,0.007290115119533987
7697,0.005310156312386769
7698,0.021912166426609408
7699,0.0016121122257806986
7700,0.004518116758923822
7701,0.007079250336524359
7702,-0.0004512831905779391
7703,0.0044222337313358055
7704,0.0043337263132622005
7705,-0.002051179371034023
7706,0.006046844089597752
7707,0.0038110237987061465
7708,0.004312974819230389
8863,0.0005654269200787727
8864,0.0009996856968363874
8865,0.01808796829049494
8866,0.01678792494604192
8867,0.010067050847600272
8868,0.0015667736219472112
8869,0.003946947724555075
8870,0.0036184407021453355
8871,0.006571375091061128
8872,0.0025047925885044106
8873,0.004968934924874834
8874,0.009713454970557374
8875,0.009022755745480206
8876,0.005718030470367057
8877,0.012338350583506925
8878,0.00029193453757286707
8879,0.014205085753688739
8880,0.007051068427288101
8881,0.0027298667142831995
8882,0.019758294010968496
8883,0.017969959403007923
8884,0.008902628915676263
8885,0.004470069078989156
8886,0.005112280946113025
8887,0.010262509367315431
8888,0.011287525104233403
8889,0.001882056445558021
8890,0.001075348224077989
8891,-0.002012361913440888
8892,0.007478329053429749
8893,0.00019190324333495136
8894,-0.000262632970417653
8895,-0.0025877086854395916
8896,-0.0013880523971640472
8897,0.009178058228460517
8898,0.0032967338661779484
8899,0.0072932104039394804
8900,0.012410957935197794
8901,0.003954210985930982
8902,0.00853377721218157
8903,0.005844484152516469
8904,0.005974990344424495
8905,0.002803153427479794
8906,-0.0014813950944209241
8907,0.008288554114798046
8908,0.007918480944011794
8909,0.0010499063261896046
8910,0.0008421503762266937
8911,0.006389618471697139
8912,0.006498184569625663
8913,0.002054948282386261
8914,0.004077341323173177
8915,0.0038615782740473413
8916,0.006430619856691834
8917,0.008307861685946452
8918,-0.0009666885050220383
8919,-0.0011906410443895642
8920,0.013059740186088499
8921,0.00568026401491507
8922,0.007387406815893914
8923,0.014160224077182735
8924,0.002321440936368522
8925,-0.0024226454444812254
8926,0.013758408530305858
8927,-0.00016745861872844575
8928,0.00801094954755283
8929,0.006486658553485673
8930,-0.0009644357900625341
8931,-3.594222203089255e-05
8932,0.007339243771336244
8933,0.006592929392926418
8934,0.007470629908437467
8935,0.011052139305585282
8936,0.0035087719861043795
8937,0.01171336179975101
8938,0.0030764206047202286
8939,0.004238139274349434
8940,-4.631435819135721e-05
8941,-0.0006929144746827837
8942,-0.0011281029975610257
8943,0.009722493737832131
8944,0.002424946093034796
8945,-0.001710008139632303
8946,-0.002237204885739542
8947,0.0016449434560546206
8948,0.01475204159128863
8949,0.001027194833315495
8950,-0.002426720933768594
8951,0.013154796368789325
8952,0.004238325716354883
8953,0.008492260482126257
8954,0.0019948122873546838
8955,0.0060354413339644905
8956,0.013273865322160395
8957,0.009925278674402075
8958,-0.0028962383980792508
8959,-0.0014151739220363002
8960,0.0006757282019144786
8961,0.019060193006240605
8962,0.0015576269252276839
8963,0.004407122190582036
8964,-0.000802168019940111
8965,0.012094587639428379
8966,0.011586049711172792
8967,0.0035236573004285426
8968,0.005925718832000992
8969,0.0006211588082820664
8970,0.006920271688574845
8971,0.011118000230148032
8972,0.003402426387752098
8973,0.0001083237304666737
8974,0.0019187472852853875
8975,-6.40396064839014e-05
8976,-0.0037384191388807973
8977,0.0054953624189636174
8978,0.004681457490018571
8979,0.003539166233221862
8980,0.0019135600390359775
8981,0.004623603030646153
8982,-0.0007115999826345885
8983,0.0030611537828545837
8984,0.002019439940874397
8985,0.007970317223871572
8986,0.0025689854073611407
8987,0.0045696321073867875
8988,0.008984596807743477
8989,0.005249343492688033
8990,0.004460716792595881
8991,0.0052353752225180045
8992,0.008462018181991708
8993,0.001971980881838989
8994,-0.0007253992369685124
8995,-0.00022271796791684811
8996,0.014983221753870325
8997,0.0005032542089539113
8998,0.00014310231042999853
8999,-0.0007107218283478461
9000,0.010233142204325071
9001,0.002011862414915258
9002,0.0017131813880959194
9003,-0.0030311534188952136
9004,0.014852142739274567
9005,-0.0004902422510007307
9006,0.011982439464170297
9007,0.021565054371991774
9008,0.012823385300082112
9009,-0.0022497811406713836
9010,0.0017943201852071641
9011,0.003286384861370256
9012,0.003357390623002738
9013,0.009639892435031178
9014,0.003750909286735188
9015,-0.0011496026612795116
9016,0.005100761256807206
9017,-0.00036726151263125756
9018,0.0007397617052572816
9019,0.012690003152162201
9020,0.012506571358452158
9021,0.003972205811458147
9022,0.011353142330055514
9023,0.005825258891597414
9024,0.0025926504320551436
9025,0.012442901888453668
9026,0.005464315220830553
9027,-0.003069121622561153
9028,0.0018061954179109524
9029,0.006450419569556904
9030,0.011754837676343034
9031,0.005197804388266659
9032,-0.0012682433150686557
9033,0.001001001791364019
9034,0.007831061160819414
9035,0.0015791196871599317
9036,0.009201422800303213
9037,0.0024809607790354966
9038,0.002037286771165197
9039,-0.0024065609748931526
9040,0.0066153676639308
9041,0.003903489785532052
9042,0.005175539409176994
9043,0.004236837649149686
9044,0.0024901177386091634
9045,0.009989170328743968
9046,0.005387325352371387
9047,0.006681014859541281
9048,0.013028199625965634
9049,0.002329540178996437
9050,-0.001638450718851995
9051,0.014270052133052605
9052,-0.00018627898792359168
9053,-0.0024093498522575127
9054,0.016418643135884894
9055,0.007535582169386667
9056,-0.0013416796518170692
9057,0.0014470568743599928
9058,0.0021435374670022572
9059,0.00012372144084058477
9060,-0.0019193417119872241
9061,-0.0015418534528214532
9062,-2.0692576403906482e-05
9063,0.0004617951762569336
9064,6.194040751450122e-05
9065,0.00863369217704344
9066,-0.002224028913197656
9067,0.0034047515745980646
9068,0.006341786103581295
9069,0.0010436549869536904
9070,0.00423909465120249
9071,0.005393548055699589
9072,0.00782426683117482
9073,0.0004991497000521768
9074,0.02298975135703706
9075,0.010832814472263714
9076,0.001787750551680881
9077,0.00253929928626297
9078,0.0012456428227171443
9079,0.012527060236324914
9080,0.006571435681751902
9081,-0.00276057277660011
9082,0.00450380297243979
9083,0.004863947275270147
9084,0.01174946858957714
9085,0.00047237850126700086
9086,0.0029846287500154313
9087,0.0024797742518864636
9088,-0.0020206292926686024
9089,0.0017037016620066164
9090,0.005782731582682259
9091,-0.003169660904873457
9092,0.01600774224440488
9093,0.008567695153158607
9094,-0.002595091377188623
9095,-8.225244075142288e-05
9096,0.009603316682867156
9097,0.007701282417533414
9098,-0.0028136666629045865
9099,-0.0007877779945806105
9100,0.004048812844547795
9101,0.003030255045608523
9102,0.013844723243916751
9103,0.014910591418960693
9104,0.006061116566824794
9105,0.013981825917771272
9106,0.0027012243254617256
9107,-0.002944316238905828
9108,0.0018314356893313673
9109,0.0014563269198867197
9110,0.018453240235957635
9111,0.005635725606958006
9112,0.008045741794318342
9113,-0.002103085854537442
9114,0.0005351114774977024
9115,0.0017718475640843417
9116,0.016484924877584826
9117,0.00343141012483748
9118,0.004914591087693314
9119,0.0008154300755693119
9121,0.0033063904249060264
9122,0.002139781954391587
9123,0.003623337681609537
9124,0.0028415678168652626
9125,0.001630552292101562
9126,0.002425237934710313
9127,0.009991822882827486
9128,0.013392791335313941
9129,0.0023194990190420033
9130,0.003318408486605331
9131,0.0016673322315734294
9132,0.0009028410861727995
9133,0.00348132931266101
9134,0.00044806249314611503
9135,0.007412140319897953
9136,0.00152254233176668
9137,0.02084469115969288
9138,0.0010981473333921844
9139,0.005813816926946262
9140,0.007623598877550347
9141,0.0005975965556971503
9142,-0.0005029890578744107
9143,-0.00022011857889868598
9144,0.015522508245637046
9145,0.0017994466593895322
9146,-0.0009251295598037713
9147,0.01943841386164068
9148,-0.000479588362847087
9149,-0.0008248955941968245
9150,-0.0013687182749954376
9151,-0.0011473183511359775
9152,0.00456934657720167
9153,0.002926366182795164
9154,0.0039553070816533975
9155,0.0059274437251117355
9156,-0.0005046600210348168
9157,-0.0016523450656630214
9158,0.00044332059233956507
9159,0.008105819506746315
9160,0.005724833697202853
9161,0.0021694546241828143
9162,0.009579518849009469
9163,-0.0008074478435398866
9164,-0.0016841306009322838
9165,0.00218102316712189
9166,0.0015901420989537958
9167,-0.0015690890312906325
9168,0.007817756840416072
9169,0.005053338794795168
9170,0.011051656483558953
9171,0.0036544992074691446
9172,-0.002846227685258657
9173,0.0006368272205890414
9174,-0.00038141103408146325
9175,-0.0027002959794534265
9176,0.004363116526331347
9177,-0.0016521560440175276
9178,0.0017663778859521584
9179,-0.0001547028463997225
9180,0.0074116076543230824
9181,0.017365058391407465
9182,0.009783089377831348
9183,0.0049020383226951285
9184,0.014137873824610507
9185,0.0028695630942587765
9186,0.008627007512124467
9187,2.9775539800006023e-05
9188,0.002975245390789503
9189,0.0005310185966699715
9190,0.00579320140907609
9191,0.0006734796367540326
9192,0.007558309090095958
9193,0.002075515990088768
9194,0.014676448949184889
9195,0.013373213150555643
9196,0.011413842536129839
9197,0.012986001880366707
9198,0.013695021868583488
9199,0.0004105544024414938
9200,0.011003354606413978
9201,0.009466723748713754
9202,0.014100196576748773
9203,0.006349562216023334
9204,0.0038736868353887663
9205,-0.0004779472480918121
9206,0.0042193831823507805
9207,0.0009661681229160765
9208,0.004773886473560293
9209,0.005185077306009159
9210,0.021396195158305136
9211,0.0025124887456010117
9212,-0.0019492189158652386
9213,0.00225219526589052
9214,0.002362324650899115
9215,0.008982081652096355
9216,-0.0013983864023562349
9217,0.0005888218988478276
9218,0.010654988321701562
9219,-0.0029853398312588465
9220,0.010308561579608622
9221,0.002624234476168462
9222,0.0056329347454125225
9223,-0.0007023403561704344
9224,0.0036308568273378285
9225,-0.002048195340518177
9226,0.007658380181401917
9227,-0.001943262046369458
9228,0.0008450614339042574
9229,0.0014492791402188673
9230,0.003524158410942297
9231,0.009063233367054408
9232,-0.0010724749302001724
9233,0.006012551241193976
9234,-0.0017503388232431149
9235,-3.878849750945691e-05
9236,0.0013418114119531175
9237,0.008156622612136132
9238,0.021065822249138725
9239,0.0019421654532537844
9240,0.012717003140589964
9241,0.002730770533173308
9242,0.0005966686134729702
9243,0.0010426205008780623
9244,0.002111319572542885
9245,0.004438259112649636
9246,0.003921765256691363
9247,-0.0008001282543245707
9248,-0.002507356005895328
9249,0.0024461902906598165
9250,0.003999517495764802
9251,0.019211009052566636
9252,0.004762644989595791
9253,0.009176358377488838
9254,0.010378585032545774
9255,-0.00017227366181062596
9256,0.0018580050898200553
9257,0.0033421602872310933
9258,0.012917298301409683
9259,0.0032309515385708573
9260,0.011198839674560562
9261,-0.0006125564912819008
9262,0.0021787880155907102
9263,0.0005168358753595056
9264,0.00024356203071073876
9265,-0.0015581156224935
9266,0.001141389704819364
9267,0.009920795437404033
9268,-0.0009748534038874265
9269,-0.002070146326451014
9270,0.003799892987284118
9271,0.005491667173845128
9272,0.003502708869089547
9273,-0.0031256726513401306
9274,-0.002626605302701812
9275,0.009394041482283639
9276,0.015901049689890194
9277,0.0009372849994640237
9278,0.014853854358328575
9279,0.007685885667721978
9280,0.0059256559548166755
9281,-0.0002225158169726054
9282,0.0025272098515155272
9283,0.014817132704024703
9284,0.007142501132387277
9285,-0.0030369566078290323
9286,0.005905480811037735
9287,0.008425423001847576
9288,0.0029728260155987354
9289,0.010118994689583806
9290,-0.0010872995731635356
9291,0.021909523825797316
9292,0.013014592325395764
9293,0.013532782342710815
9294,0.00045242029120852977
9295,0.003652128752336753
9296,-0.0007031322195966902
9297,0.007588687044164433
9298,0.000672577727874794
9299,-0.003048554302717473
9300,0.001720205240174806
9301,0.0012256152366344197
9302,-0.0022313070554071304
9303,0.003940067750051072
9304,-0.0007112513052785884
9305,-0.0030987488996536815
9306,-0.0007947633701650362
9307,0.000684346159884117
9308,-0.0027496658784169296
9309,0.004948012500349069
9310,0.00046840033598777135
9311,0.003145177141109838
9312,1.8647697673682823e-05
9313,-0.0034774177500589212
9314,0.00025521681023134464
9315,0.0023627972731164668
9316,-0.0010113191396179423
9317,-0.0005742245345207956
9318,0.00369971473501593
9319,0.015511262633813146
9320,0.0009511642138261434
9321,0.00755675843983326
9322,0.0020235709118326117
9323,0.0011139322941473243
9324,0.011293856413773996
9325,9.006104267372111e-05
9326,0.007864524218643146
9327,-0.0006131837483497656
9328,0.006743756573457445
9329,-0.002112440296410237
9330,0.0026268157306157357
9331,0.016570716358837712
9332,-0.003334708647480953
9333,0.004907090702530984
9334,-0.0019011983257494133
9335,0.0029202258145209874
9336,-0.0009595498150811437
9337,0.0006569725164909807
9338,-0.002423989326155243
9339,-0.0019257337770473646
9340,0.0008666294412504171
9341,-0.0021567693823638396
9342,0.0015771111452040822
9343,0.011508932899564867
9344,0.01751628116927397
9345,0.009980103127660612
9346,0.001114392075487098
9347,0.0063198339817069
9348,-0.0002004276774084414
9349,0.002092345443269448
9350,0.007041261968759191
9351,-0.0011618058024292274
9352,0.0022718891881402456
9353,0.005140099020225681
9354,0.0018237059258884615
9355,0.010407410976850755
9356,0.0001717220772478479
9357,0.004736553249672194
9358,0.002819741363122564
9359,0.0033415883701621574
9360,0.0006718994393528337
9361,0.001496237290167025
9362,0.0057516645214103004
9363,-0.0026915924320381774
9364,0.005860208752805768
9365,0.0006535600868141072
9366,2.671193582168621e-05
9367,0.004849850044775145
9368,-0.0012182600827249802
9369,0.007365825481660929
9370,-0.002761374232234404
9371,-0.0013615558059178676
9372,0.00410779758358264
9373,-0.0014942477708600986
9374,-0.0024406004602980005
9375,0.007000505662376456
9376,0.0016429560194249158
9377,0.00518790215845796
9378,0.005561329470963338
9379,0.0018563670851672442
9380,0.003950005393247268
9381,0.0011193793361779798
9382,-0.002066424002658978
9383,0.0036099636254352738
9384,0.007052623883837098
9385,0.005359879507978643
9386,0.0009566542921559569
9387,-0.0025161029897404954
9388,0.012989873070503317
9389,0.004059386266055249
9390,0.0006443898539464522
9391,0.0218503800677291
9392,-0.0010900879480116189
9393,0.00474796263353016
9394,0.005924053623698845
9395,0.006859356764365901
9396,0.001587948700441974
9397,-0.000823045806766013
9398,0.00181231297706262
9399,0.004530214100966459
9400,-0.0008621615147492486
9401,0.0012331555396730455
9402,0.006764336255798777
9403,0.0008181200759770548
9404,0.008583333176878417
9405,0.005755589246283749
9406,0.011688822899018448
9407,0.00237473817671488
9408,-0.003088679408806666
9409,0.0052347950554222505
9410,0.002429891976614522
9411,-0.0013462142391567327
9412,0.0007718947611282528
9413,0.001883148399954522
9414,0.0019597026851156593
9415,0.003574107130660392
9416,0.004102981352696981
9417,0.007903152289812556
9418,0.0004702746697192988
9419,0.001802337511256297
9420,0.005430409630180853
9421,0.012991204704697536
9422,0.007359432601572537
9423,0.008653216305603017
9424,0.004231364546893882
9425,0.002010786633446674
9426,0.0024707993680650603
9427,-0.0005188780349081618
9428,0.0005318762385187782
9429,0.014673066011364241
9430,0.0011790214946335049
9431,0.0072950112551698615
9432,0.0009861643453046662
9434,0.00030217271428043674
9435,0.008557649008539652
9436,-0.0025024735928752227
9437,0.007129718684160624
9438,0.0005256622267090227
9439,0.009467903053978974
9440,0.010268310085972523
9441,0.009165482581885463
9442,0.012684781442331188
9443,0.011155536611168474
9444,0.008918712545454267
9445,0.00018719238546957562
9446,0.003091447941300625
9447,0.000892498356890677
9448,-0.0005036561106008114
9449,0.0046385514661862574
9450,0.000909337936024459
9451,0.0010320621062754678
9452,0.010407963127320324
9453,0.008351541207755796
9454,0.0036791391112282364
9455,0.002607703386942533
9456,0.007054535702353339
9457,-0.0019494161765311324
9458,-0.0013541490398086657
9459,0.003176681615250452
9460,-0.0014251244102549392
9461,0.009216618545304468
9462,0.009315106500554119
9463,0.0011249619371368341
9464,0.0013433534862253797
9465,0.0029901332347258697
9466,0.004297612021305696
9467,0.00747044090667363
9468,0.001651003061241432
9469,-0.000372120276132799
9470,0.002654173714755237
9471,0.0025942594711319718
9472,0.0050604107693594386
9473,-0.0008314633286671605
9474,-0.0023192422296225215
9475,-0.0023550326132504504
9476,-0.00020954481537208483
9477,-0.0006140572702037148
9478,0.0022478165273064517
9479,0.005662412359299946
9480,0.001312011122906357
9481,0.0039997094923532005
9482,0.01091549128608802
9483,0.007531406048976067
9484,0.004487281915046597
9485,0.010668279489344984
9486,0.014412272367709596
9487,0.01578673073143642
9488,0.0004816295160839524
9489,-0.0018608333671223786
9490,0.004364448984833392
9491,-0.001770087093344596
9492,0.00020908693248471687
9493,0.00015718447501592708
9494,0.0040248844936749024
9495,0.00675254608142092
9496,0.005412725604004638
9497,-0.0004201594834756326
9498,0.012390872866659648
9499,-0.0027721778493869607
9500,0.0074114218975259195
9501,0.009978977068459408
9502,-0.002205403382286246
9503,0.008597072705044808
9504,0.004128931109488969
9505,0.01937874394082784
9506,0.006014400038943133
9507,0.002363958207882426
9508,0.007809813145789223
9509,0.007361787421451837
9510,0.004556065596026133
9511,0.01447108796196191
9512,0.006961310045238207
9513,0.012562502689867052
9514,-0.0022101959475197604
9515,0.002981040434237834
9516,0.0013700206476340102
9517,0.007906421455992494
9518,-0.001525792018870065
9519,0.0017991596902729168
9520,0.016840597795683913
9521,0.001205346365266131
9522,-0.0011981634525622363
9523,-0.0018739696699567928
9524,0.002580082685293382
9525,0.009074357788092333
9526,0.006139657416127736
9527,0.0069526304298128914
9528,0.005369823802647916
9529,0.004891362591189347
9530,0.00129872436642069
9531,-0.002646054073765284
9532,0.0001404487826851767
9533,0.007538423760379262
9534,0.008751511895197406
9535,-0.0014335147887044198
9536,0.007079314979718733
9537,0.01155172117418474
9538,0.003507609015355767
9539,0.007254896288204311
9540,-0.0005177610928624125
9541,0.007588870322011585
9542,0.009453035747282575
9543,0.006785548852181612
9544,0.029024032364420787
9545,0.005117753013996546
9546,0.001549962332826409
9547,0.005951340681535168
9548,0.020819977364807684
9549,0.0007244793521257228
9550,0.014456683722934929
9551,0.02994542063629464
9552,0.016267513453571674
9553,0.0042583302211756935
9554,0.0063897482473865425
9555,0.0037806680298695036
9556,0.0005687160408644112
9557,0.01904887283051546
9558,-0.0015400913900611938
9559,0.005311708696499141
9560,0.0023239677583037563
9561,0.004518224505756091
9562,-0.00048670826251126335
9563,-0.0020994052400130567
9564,0.0016841886503528164
9565,0.016908308131625843
9566,0.003037387095789181
9567,3.1729518161417725e-05
9568,0.0019478557422967502
9569,0.009612672563654119
9570,-0.0007320316538857435
9571,0.0036084143242346225
9572,-0.0004757857029168474
9573,-0.0029221737278907183
9574,0.002262686837944325
9575,0.008044961681409436
9576,0.006966677922658763
9577,0.002331391567739434
9578,0.007393520082763692
9579,-0.0018453786103614523
9580,0.005396112716783585
9581,0.02920582170099317
9582,0.0036209913258465343
9583,-0.0021243005316659604
9584,-0.0012778165852237126
9585,0.00569500880570311
9586,0.00699819460633171
9587,0.003657760646932101
9588,0.0007414577906525357
9589,0.0027678963623129077
9590,0.0009811081456257576
9591,0.001957625165644617
9592,0.0003492565158538692
9593,0.012990212118591957
9594,0.00847015052193905
9595,-0.0012029038416710106
9596,0.0006184943857655886
9597,-0.0025172225125741354
9598,0.005579285646430017
9599,0.0028730553610748708
9600,0.0010977234504401731
9601,0.008049545738764003
9602,-0.0012256102297879008
9603,0.01264999516619451
9604,0.0197856261304044
9605,0.014514968786291965
9606,0.001069833321054885
9607,0.00885999313895311
9608,0.01563913896298671
9609,-0.0014353304752401201
9610,0.011877248774269846
9611,-6.429494568586935e-05
9612,0.012596750726015883
9613,0.010229486673285448
9614,-0.0001212130590385798
9615,0.0022901372064531023
9616,0.00798460408711292
9617,0.0038984202546943625
9618,0.002056657010242425
9619,-0.0006903611441711026
9620,0.0037490607471407644
9621,0.0065509273024676636
9622,0.0013539532032384866
9623,-0.0030755377828785083
9624,0.006841038577059467
9625,0.03821769989510555
9626,0.0035839021519468543
9627,0.00028512926519747885
9628,0.006161317375708471
9629,-0.001044429280561962
9630,-0.0009950506909347217
9631,0.00998781718920791
9632,0.00016716236343678262
9633,0.012110137347107024
9634,-0.0024812347189689544
9635,-0.0025150938962733432
9636,0.02101683097978804
9637,0.006951351027493353
9638,0.002712190005173639
9639,0.0017326515019156583
9640,-0.00033347810331493463
9641,0.0015408277529395265
9642,0.0042404631338593055
9643,0.029820524806221025
9644,0.00012244359833511048
9645,0.002276282540711577
9646,0.007942394811982802
9647,0.014984105584236608
9648,0.004476774413903838
9649,0.0007270547691169468
9650,-0.001375909739658232
9651,0.004624260618166582
9652,-0.0032467507473899065
9653,-0.0010933102843440744
9654,-0.0033486326087424287
9655,0.008936394542877875
9656,0.00665027394448027
9657,0.0033495597024323608
9658,0.0009874495417102058
9659,0.0010926924346064907
9660,0.007829127186548483
9661,0.006510928103883356
9662,0.00808275581245788
9663,0.001828850176496975
9664,0.005723049304316465
9665,-0.002658944118076283
9666,-0.0017542761802937842
9667,0.007156237106320042
9668,0.00812685997147413
9669,0.004131194741151343
9670,0.004787756113206913
9671,0.0021897451617622354
9672,-0.0009398916736163693
9674,0.011176566549787263
9675,0.0010984919692152047
9676,-0.00254411132144664
9677,0.005010161135884171
9678,0.010694337107964344
9679,-0.0019807767048832543
9680,-0.0012229319895425469
9681,0.02437668433507854
9682,0.00010463412337050233
9683,-0.0010391231295132225
9684,-0.002315555022891727
9685,0.011115075655054568
9686,-0.002511049207888279
9687,0.0024593078257882026
9688,0.006318886389630449
9689,0.010663221298895822
9690,0.004830561899685743
9691,-0.0014219965163544419
9692,-0.001268823411668422
9693,0.004788642360731302
9694,-0.0018536325764083577
9695,-0.0001305402070714834
9696,0.008571611224107628
9697,0.008277683782321552
9698,0.0019096363876280088
9699,-0.001760511219565778
9700,-0.0012139706112432556
9701,0.03095991916598598
9702,-0.0026340997910391985
9703,-0.0023227295893691376
9704,0.002311660363351512
9705,0.005942300432728708
9706,0.0036031105468805925
9707,0.007549826676189371
9708,-0.0025112109144271866
9709,-6.283825628178481e-05
9710,0.00033582687006664114
9711,0.003019657009449561
9712,-0.0007400140157325132
9713,0.006765384509855459
9714,0.002328748956221576
9715,0.0013096549545580545
9716,0.0019196023145108577
9717,0.007528527296005217
9718,0.0022362884233511036
9719,0.001512221301806239
9720,0.008675815116897283
9721,0.006545603338921405
9722,0.0008930610441661886
9723,-0.001145164282695909
9724,-0.0005105236080864706
9725,0.009204388643776866
9726,-0.00014126231317615479
9727,0.0012165716997418908
9728,-0.001577429419205141
9729,0.0035868113524401765
9730,0.00858607983923573
9731,-0.0005635001345679225
9732,0.015601368519335267
9733,0.007306394221240839
9734,-0.0006378377406970476
9735,-0.0011173221920641775
9736,0.007010730809910205
9737,0.0011246483797171542
9738,0.014646658186292582
9739,-0.0005688183779953681
9740,0.0016495295713953757
9741,0.00897698837104963
9742,0.0019222128377337708
9743,0.0004270089702799202
9744,-0.0006140748406470563
9745,0.0016529470593146921
9746,0.006307798781405794
9747,0.01114950291531749
9748,0.00348706813460245
9749,0.001975357966825478
9750,0.005009017029674254
9751,0.013086027692568808
9752,-0.00016916771467532545
9753,0.014300288160394931
9754,-0.0018416265733923309
9755,0.0020175488707032535
9756,0.002256104792832621
9757,0.009619796001258014
9758,0.007159932634448182
9759,0.0018491771407966647
9760,0.008442968915335282
9761,0.01269223129147403
9762,0.00017392689182895577
9763,0.003867039496294491
9764,0.01071869323978926
9765,-0.0037788195891925464
9766,0.004806486535827104
9767,0.003326118045344627
9768,-0.001971915292196256
9769,0.003934365912719985
9770,0.001020084963266027
9771,0.008182322790382963
9772,-0.0021605220685717973
9773,0.001614941253309913
9774,-0.001156559755480742
9775,0.006331812027715069
9776,9.632893410043558e-05
9777,0.003007848733612376
9778,0.0001373967263064036
9779,0.0035011279300132814
9780,0.01067361827785402
9781,0.0017835985590054365
9782,0.013095273863203846
9783,0.0043601869071741885
9784,0.00967716002828788
9785,0.004540339085234525
9786,0.006225002570889961
9787,-0.001662343775334911
9788,-0.00036784418448659525
9789,0.002520341100011571
9790,0.0021324883460079706
9791,0.0004603571219147628
9792,0.0020222563687132163
9793,0.00031752544255032357
9794,-0.0008341374008963599
9795,0.006783391509092931
9796,0.00409803505187184
9797,0.000580482593170879
9798,0.005336618524723714
9799,-0.00032566683578299366
9800,0.010927778605111089
9801,0.0042665785400043815
9802,0.010678948490593424
9803,0.007990732690926504
9804,0.017635976089081174
9805,0.0011001174189811062
9806,0.002327109093405829
9807,0.002134114908950935
9808,0.008047983552910126
9809,0.0003872811540184557
9810,-0.00018261724967902175
9811,-0.0012576283512250545
9812,0.007343250708215565
9813,-0.00011589127197427114
9814,0.013529379144928976
9815,0.002472601372829647
9816,0.005103651642086687
9817,0.008813176539329688
9818,0.016511063998277002
9819,0.004942749164289717
9820,0.005879876512633379
9821,0.0013209684118443178
9822,0.0051792346100615685
9823,-0.00020647299339537038
9824,0.006179911467762044
9825,-0.0021652817670314694
9826,0.004184869713921836
9827,-0.0025302704289424573
9828,0.010210968667433599
9829,0.011126829306732804
9830,-0.0019542160473150563
9831,-0.0009737553279748606
9832,0.004538096810008892
9833,0.005566537457796936
9834,0.004260132354995488
9835,0.019402217734184674
9836,0.02084375615852722
9837,-0.002744728471572375
9838,-0.002084158526561389
9839,-0.0006651884174768714
9840,0.0013130375524945444
9841,0.017605052424797037
9842,0.0085487572511878
9843,0.005238566960289674
9844,-0.002385602309041758
9845,0.005805761287089487
9846,0.013920780145718969
9847,0.006385847452623616
9848,-0.0015257253730620712
9849,0.012361772542009219
9850,0.006847268160514414
9851,0.006960482618125461
9852,-0.0015029566448274325
9853,0.0029852947015927243
9854,0.007839236115400779
9855,-0.0025951948155347442
9856,0.011506778946625263
9857,-0.0013061759625129787
9858,-0.0022154500033216267
9859,0.01449631885943474
9860,0.0041699638426895835
9861,-0.00216825925956699
9862,0.0058223294763785904
9863,0.00951212014860453
9864,0.005632834475648708
9865,0.009016801333141922
9866,0.0010510957492625497
9867,-0.000264814309420644
9868,-0.00012075405542162632
9869,-0.0001504307443368543
9870,0.008143502610950877
9871,0.007600545071722389
9872,0.0029966832410650845
9873,0.004742851744143659
9874,0.0037331840722089234
9875,0.018107798167049393
9876,-0.0006111332129411576
9877,-0.0020285622970603132
9878,0.003875852586888294
9879,0.0017691896366211074
9880,-0.0026702065863034967
9881,0.028726310890901764
9882,0.02114968716998995
9883,0.006010833944129903
9884,0.005410805857581462
9885,0.0009869035818227071
9886,0.000906524875139746
9887,0.008230962450095337
9888,0.006170348484369859
9889,0.0035726997415635557
9890,0.0029945735372061168
9891,-0.0017005701206762574
9892,0.0057623205875928125
9893,-0.0003328964005515668
9894,-0.001104829561316481
9895,0.0010297896622643368
9896,-5.6769770947097745e-05
9897,-0.0036972767076206246
9898,-0.0020479702629153107
9899,0.006976055657355682
9900,0.0012847275549689105
9901,0.03524514559673585
9902,0.009215914515570349
9903,0.013042968250595022
9904,0.003825103788459447
9905,-0.00037350807208159226
9906,-0.0023516808894149376
9907,0.005209085283426455
9908,0.009740029157406006
9909,0.008581437045864969
9910,0.002555960017233627
9911,0.0022818706472186798
9912,0.004039949699702415
9913,0.014679346761457268
9914,0.0001805863157071045
9915,0.005624290173815785
9916,-0.0020617667381555415
9917,0.009534561950183432
9918,-0.00205717158053287
9919,0.0009637273962992046
9920,0.0011412173077189423
9921,0.006081083592445493
9922,0.0005117813317526421
9923,0.006226266834543498
9924,0.0021303130871485262
9925,0.011402625868399165
9926,-0.0016406561544909572
9927,0.012423123064592551
9928,0.010466423712462983
9929,-0.0019104879544657172
9930,0.005068783130277119
9931,-0.00034513628112545214
9932,0.007025386481029804
9933,0.003318711521844042
9934,0.005938353505436023
9935,0.0043135234606729335
9936,0.006140196067409769
9937,0.01132669247348651
9938,0.013179823390309285
9939,-0.001611301429374443
9940,0.0011641541613485913
9941,0.007976743838693696
9942,0.00883706538421681
9943,0.005216167313897832
9944,0.0009994493192712842
9945,-0.0012895968414666087
9946,0.0035151963357534267
9947,0.011106586179451792
9948,0.008115461585261167
9949,-0.0012158806126207778
9950,0.004252094833001596
9951,0.0043382765925267415
9952,0.004625144589055233
9953,-0.002298682169101094
9954,-0.0024557358361350073
9955,0.0008656256714143929
9956,0.002287630884229324
9957,0.0009408593087207456
9958,0.002565199098632221
9959,0.010666250053566806
9960,0.005900858264248177
9961,0.0009611117107428471
9962,0.0019865242636490296
9963,0.010916820301869301
9964,0.008659396699388314
9965,0.003236018877172047
9966,0.0019236566002935815
9967,0.012278268252982186
9968,0.003809628782407995
9969,-0.0028018277858624114
9970,0.0016238042576844757
9971,-0.0011563763746371674
9972,0.011522512786893164
9973,0.005479689291707928
9974,0.004881400474544682
9975,0.0011374456681327947
9976,0.008215927433970985
9977,0.006732883493286369
9978,0.01178036111556736
9979,0.011517758510056857
9980,0.01146244168712491
9981,-0.001895560508303253
9982,0.005891457602656171
9983,-0.0003712507521640984
9984,0.002768972479534809
9985,-0.0023060370840291052
9986,0.021851270207226967
9987,0.0012070032313677703
9988,0.00429880431700113
9989,0.003367130665905868
9990,0.006617892679102885
9991,0.007308085053247197
9992,0.0018379233748604673
9993,0.00722908581034469
9994,0.016196779130264786
9995,-0.0022833926963616528
9996,0.0004764533892424212
9997,0.016697224743315354
9998,-0.0006399151487014188
9999,0.0034823779666963497
10000,0.0007412600574892431
10001,0.0070709314720471955
10002,0.004547752816167972
10003,0.02379799516302847
10004,0.013639079303905833
10005,-0.001879698064417087
10006,-0.0018088101409200752
10007,-0.002225746149631074
10008,-0.0007043947744100609
10009,0.0022666492383423137
10010,0.0004515985822861491
10011,0.0008100038793106713
10012,0.00039917943652022746
10013,0.00988351343229233
10014,-0.0005318922526458218
10015,0.005159912919122683
10016,0.019119900060008712
10017,0.0007482490670034456
10018,0.004228436318885934
10019,0.008010792040835678
10020,-0.0012809562288441014
10021,0.004175213588837601
10022,0.002536168373585921
10023,0.015520522675903918
10024,0.0031345100384601657
10025,0.005808275987907955
10026,-0.0017083373341672172
10027,0.014905278279412525
10028,0.004281434669725349
10029,0.0014194572102860029
10030,-0.0017276033126604196
10031,-2.026156697308712e-05
10032,0.008812181742364714
10033,-0.0007721765256003821
10034,-0.00234212777520423
10035,-0.0027168661323933117
10036,0.004259262277313918
10037,-0.0003117208029687502
10038,0.0013142428254732334
10039,-0.0032658205393614886
10040,-0.00043682614494051746
10041,-0.00022545572808172105
10042,0.003156806386041225
10043,0.007294896094247872
10044,0.0009302883582287761
10045,0.0012421378959686837
10046,0.0008931738834934196
10047,0.015880550270679573
10048,0.00595252175701352
10049,0.003511327892317364
10050,0.0034118004334081423
10051,0.016201416785986914
10052,0.010296232603477274
10053,-0.0009210844096421457
10054,0.008934062233360723
10055,0.006803442423598212
10056,-0.001977338255264768
10057,0.010936792952470291
10058,0.002285981030634345
10059,0.0031390357146159203
10060,0.0009844841905671496
10061,0.012148505416735587
10062,0.001833202627043111
10063,-0.0015730155445690206
10064,0.0015388272650969075
10065,0.007779580652142563
10066,0.003696835791667033
10067,0.0032790600440657756
10068,0.002892057194043625
10069,0.025390522233211563
10070,0.0012928678824382055
10071,0.003895606333803415
10072,-4.3188589217190224e-05
10073,0.008189622263568199
10074,-0.002236016986577225
10075,0.007787069085680467
10076,0.005516809193749153
10077,0.0005423582304039613
10078,-0.002405460535878562
10079,-0.002566993536295992
10080,0.002384098904966086
10081,-0.0012690458015358827
10082,0.0030902807670734646
10083,0.007225159220514924
10084,0.003656514339539233
10085,0.0021681226010745944
10086,-0.0015081508795158106
10087,0.0007798515953362714
10088,0.014930608638513893
10089,-0.0022451079870972127
10090,0.008357027613635097
10091,0.00678546559758085
10092,0.002554027835947721
10093,0.003124336140539242
10094,-0.0021928808038296378
10095,0.0013479123719403203
10096,0.004988525887229367
10097,0.0023402069661794533
10098,0.011786374496217483
10099,0.0032275789047463838
10100,0.008120245704836642
10101,0.008319907016018101
10102,0.009911730513661517
10103,0.0007565532467532308
10104,-0.003549472853798927
10105,0.0036791566188193493
10106,0.0087773017332992
10107,-0.0016640043990495661
10108,-0.0008444436241555834
10109,-0.0022143478429283298
10110,0.010732054270548831
10111,-0.0020952173223252515
10112,0.019099394597291933
10113,0.013142211414092341
10114,0.01824009208113397
10115,0.009033637486972026
10116,-0.0017894633272460825
10117,0.011336143978547375
10118,0.0036074820772025243
10119,0.015522766148820952
10120,0.0037364104252148936
10121,-0.0020992878387897373
10122,0.0029261108960678857
10123,0.012466881204555823
10124,0.007185144223132243
10125,0.007865505182629327
10126,0.007136766985492093
10127,0.0007746362544637196
10128,0.005583903902881292
10129,0.007035113215292609
10130,0.0011113937403342735
10131,-0.002455927060774285
10132,0.008032628104803805
10133,0.0020952717674410197
10134,-0.0017900802618096394
10135,0.004197307207187959
10136,-0.0019921575618384053
10137,0.0030517630563126723
10138,0.01337026698746267
10139,0.001154612380862093
10140,0.0047342390913135655
10141,0.0003581932440794265
10142,0.002523235130936115
10143,0.00882209846060309
10144,0.004711079346715517
10146,0.01327959361063789
10147,0.0007874599845683564
10148,0.005602409335191884
10149,0.009735664199328385
10150,0.003757471439735864
10151,0.0014579106467210098
10152,0.003623307570476117
10154,0.002835664573132439
10155,0.00929602084603199
10156,-0.00011575130842196059
10157,0.01519129208265917
10158,0.003415221003892955
10159,0.027629631371362515
10160,0.006909512498898485
10161,-0.0015267764285371924
10162,-0.0005459787387313945
10163,0.004306325711068031
10164,-0.002838924123042626
10165,0.028515164338932215
10166,0.0011317382541580767
10167,0.0038116213366427773
10168,-0.001349127796664228
10169,0.0012296763323331739
10170,0.009849686376861472
10171,0.00803566598413126
10172,4.502303509976158e-05
10173,0.0002772843878300277
10174,0.0034111930369357356
10175,0.0028389611942960316
10176,-0.0020017153717767494
10177,0.0033127553864123332
10178,-0.0027611209141170413
10179,0.007234152494298651
10180,0.0037318711715241745
10181,-0.0029151977066526925
10182,0.00017013820060810154
10183,-0.0008204030762704994
10184,0.013127158926369446
10185,0.004318521284205103
10186,0.002999987754443916
10187,-0.0007899105299863981
10188,0.01039126423779502
10189,0.010280975811384107
10190,0.013889116040605116
10191,0.0023787769415400603
10192,-0.0005912320542241518
10193,0.0033220258440471336
10194,0.003000631420533518
10195,0.0020756272842212264
10196,0.0032333754634278795
10197,4.8445353813698216e-05
10198,-0.0033091419031587768
10199,0.008690512346044649
10200,-0.0018708857348084407
10201,0.008479519705711397
10202,0.008366083068344202
10203,0.0002522051665728702
10204,0.0041244286347675435
10205,0.005489030353451611
10206,0.00300391963774305
10207,0.0025785800494332635
10208,0.004153779968024417
10209,-0.0026443720325931355
10210,0.00037381711548576356
10211,-0.0014051654692650677
10212,0.004331508723232309
10213,0.00525144031369321
10214,0.00034107052889089523
10215,-0.0022569016396713857
10216,-0.0008848727541963062
10217,-0.0001991979092709692
10218,0.0031688919877649116
10219,0.00714841693285987
10220,0.0022892582199831937
10221,0.015258242512293563
10222,0.002331069162450055
10223,-0.0008326002889323773
10224,0.0037580030758533715
10225,-0.00291624246493858
10226,0.009046041943956643
10227,0.013081211755525141
10228,0.00668275684928361
10229,0.0012579583979154749
10230,0.0017662908280187389
10231,0.019434181709712953
10232,0.0034784489465941974
10233,0.021643351591110426
10234,0.009423378135072446
10235,0.010741292761320603
10236,0.0017239661597285467
10237,0.005518139718970864
10238,0.006835935809148378
10239,0.013765391383237305
10240,0.0013287352282272524
10241,0.0011230115989547228
10242,0.010500859898938536
10243,-0.00205098574166665
10244,0.003283226648034907
10245,0.007903524483655132
10246,-0.0009390447106504551
10247,0.004808917810381168
10248,0.021042822506223625
10249,0.007836266021886189
10250,0.005519277670143055
10251,-0.0017649241123539623
10252,0.0008002752526527195
10253,0.002584493491246037
10254,0.010939394859951837
10255,-0.0026107241842808875
10256,-0.002559579929803251
10257,0.0013268608866712165
10258,0.019607105365770792
10259,0.0004167722587196422
10260,0.00746387657361311
10261,0.024408175425613163
10262,0.0009628307350117802
10263,0.005950578322314715
10264,-0.0001201710860166752
10265,0.007682342960503564
10266,0.015470617278083007
10267,0.006355316512246339
10268,0.003394969839860689
10269,0.000336237307204168
10270,0.0012781780008293137
10271,0.004716667036058192
10272,-0.0023721934871390946
10273,-5.522251948756121e-05
10274,-0.0003187355755771299
10275,0.007330033510581618
10276,0.0014923433784321816
10277,-0.0015745848851884282
10278,0.0004365443239500305
10279,0.01054799600427184
10280,0.011989868630623651
10281,0.005676561509631455
10282,0.009157140133537477
10283,0.0010629728560262296
10284,0.0024752328872030896
10285,-0.00014441733919452054
10286,0.006901711311304855
10287,0.006229604175158977
10288,0.005318028143153505
10289,0.0032809903140354757
10290,0.002867220705166762
10291,0.011622238613299505
10292,-0.0012773036738891776
10293,0.001184834988542936
10294,0.004696801624035331
10295,0.010260270716333054
10296,-0.00041784454065530406
10297,0.011786931042450308
10298,-0.002317665291566025
10299,-0.0005580797041423152
10300,0.00196083703969728
10301,0.00479500947690158
10302,0.0008763049865643108
10303,0.007128732897453936
10304,-0.0019522523198758444
10305,-0.0011747516105777567
10306,0.0008476296077583791
10307,0.006457653777712444
10308,0.015070832881313126
10309,0.0037854831680258043
10310,0.0027515890703597376
10311,0.006095551678045753
10312,-0.003922053091873131
10313,-0.0010372804770125994
10314,0.0015740194775187046
10315,0.010760608013766937
10316,0.020472430367078787
10317,0.004945885095641388
10318,0.0011183405207430622
10319,0.025417929301058375
10320,0.009178233869011936
10321,0.001355602810981212
10322,0.004654945406927489
10323,0.0034044522341942253
10324,0.0019928179076190884
10325,0.005889275433584057
10326,0.0012297767622463616
10327,0.001743421101723295
10328,0.004570988498014173
10329,0.0006412266468898767
10330,0.00535743994423445
10331,0.004641181816473543
10332,0.01589723102170328
10333,0.001985653441283465
10334,0.013498098411010868
10335,0.013117795668425178
10336,0.01159114395995317
10337,0.005588576040312588
10338,0.007507428907024202
10339,-0.0021794981126975893
10340,0.0028324467866320674
10341,0.011882710988804782
10342,0.003540273793218078
10343,0.0009073133730214712
10344,0.003241145065129656
10345,0.004714307533234492
10346,0.010347232469672733
10347,-0.000963463066271009
10348,0.005341017232195194
10349,0.009836889132856318
10350,0.0021260459686703106
10351,7.925947739944282e-05
10352,0.004386504529297314
10353,-0.0038020172804037276
10354,0.002829009854688685
10355,0.003704657898470201
10356,0.010489714418384161
10357,-0.0030629606397240116
10358,0.029359563458246574
10359,0.0015574491040373402
10360,0.007674465574882088
10361,0.008078592052781487
10362,0.0078060552540926
10363,0.004336683194264567
10364,0.003845442212442967
10365,-0.0013552019224549773
10366,0.0067786624932305445
10367,0.007252073658358421
10368,0.006306421805066187
10369,-0.0025828051479270583
10370,0.008034762816308126
10371,0.011799892190117421
10372,0.0010718591606066006
10373,-0.0018544175462292308
10374,0.003912482530768729
10375,0.006650939676666644
10376,-0.002509128399116099
10377,6.07350265318992e-05
10378,0.010165109025230188
10379,-0.0019496795337403203
10380,0.00037636415765756985
10381,0.0008417720986301502
10382,0.009375761958980437
10383,0.008128737385095147
10384,-0.00027130297886369253
10385,0.005377394587481224
10386,0.01343104117632753
10387,0.008096383467183013
10388,0.00859738210595393
10389,0.0011970483739181283
10390,-0.001598661040993989
10391,0.012632504758360759
10392,-0.0009261142819734312
10393,-0.0015381916228057093
10394,-0.0005698901153658696
10395,0.0013259200820763036
10396,0.0057407667560816535
10397,0.0014492399738212786
10398,0.0057359369398670285
10399,0.003723715015232394
10400,0.0036214195795852312
10401,-0.00024381955756328476
10402,0.0021447851006878883
10403,0.006883903765060328
10404,0.009210841391914398
10405,-0.0007376254086779652
10406,0.003314490141548186
10407,0.012780975970485615
10408,0.0066020557229578905
10409,-0.0017686860490464182
10410,0.003696396896411793
10411,-0.0016969913682317317
10412,0.0005864646348689804
10413,0.010583806659269196
10414,0.0013136178349886073
10415,0.0006330482327830851
10416,0.0009690227799864816
10417,-0.0012098242402492267
10418,0.0018401140336968113
10420,0.0067533253403333215
10421,-0.0021194949031812325
10422,0.013204920583341342
10423,0.0036604988680397736
10424,0.01107363460033935
10425,0.002272645058113181
10426,-0.00169284342780383
10427,-0.0028527247558693507
10428,-0.0005772644890166875
10429,0.004833974345767045
10430,0.007962257242158686
10431,-4.836161542811496e-06
10432,0.0035797986150200717
10433,0.01726771813582443
10434,0.005054561257872191
10435,0.010028580259430566
10436,-0.003059475880008494
10437,0.006810857114716587
10438,0.00420401582727507
10439,0.0006577937308809984
10440,-1.1157709784249958e-05
10441,0.009434278534651428
10442,0.004846746649949191
10443,0.004393908038799233
10444,0.0036371683321590673
10445,0.0015177331576307213
10446,0.0004980872338660979
10447,0.007762529350351981
10448,-0.0030489526178772396
10449,0.016108656879935172
10450,0.010738987336345998
10451,-0.0030945768316610126
10452,0.004433465732474932
10453,0.0012058594788816237
10454,-0.001907539193765597
10455,0.00889297224724176
10456,0.0037238258043440255
10457,-0.0010121859384852935
10458,-0.0009246788781582908
10459,0.002487466156482116
10460,0.007664033678321143
10461,0.009375999553212049
10462,0.015416528201778336
10463,0.006472883492234533
10464,0.00873176217841791
10465,0.011919205802524292
10466,0.015591814558041008
10467,0.0003658730663746602
10468,-0.002987901324714503
10469,0.003116368086346192
10470,0.006895940724762271
10471,0.0003077507913535685
10472,0.005735899480865347
10473,0.010343026332856501
10474,0.008382589217683246
10475,0.0016746133977341097
10476,0.0010272880226080017
10477,0.01306993686135765
10478,0.004354193274260915
10479,0.007959192467162347
10480,0.0007059807233831834
10481,0.0019062307877252497
10482,-0.002431916772335318
10483,0.0019513924846070972
10484,0.012286581281031203
10485,0.0013953534849200575
10486,-0.0012046935030757076
10487,0.0004706671691971729
10488,-0.0022137107188931523
10489,0.009161660552987436
10490,0.004932727559003803
10491,0.0046816109876450275
10492,0.00024809994359163874
10493,0.002181089372086553
10494,0.0010633210613013363
10495,0.013328003675377793
10496,0.0034068419106183835
10497,0.0035238809318787756
10498,-0.002715521424220881
10499,0.007731350110206071
10500,0.0029200830736960774
10501,0.011320185829586445
10502,-0.00094963202547306
10503,0.003961981065668606
10504,-0.0016570017983196222
10505,0.013347386534176688
10506,0.003802559503142771
10507,0.0037279843558677417
10508,0.001410457197280477
10509,0.012216826232708627
10510,0.003665353399083148
10511,0.005519981726647118
10512,0.012339224978062925
10513,-0.002543441619626859
10514,0.00325632374649968
10515,0.006548385177011149
10517,0.002033726550536054
10518,-0.0030576333365076973
10519,-0.0017603404249160928
10520,0.001290097832470487
10521,0.008441140209937931
10522,0.013074866840127455
10523,-0.00016552534708305297
10524,0.003349667179627234
10525,0.0006526759560948701
10526,-0.0006114587875323801
10527,0.0059471983880405935
10528,0.015965873374532227
10529,0.004891568722112279
10530,-0.002350164564361514
10531,-0.002124582140715878
10532,-0.0015856495322474663
10533,0.008700717956862558
10535,0.00297900231072205
10536,0.004578478922388579
10537,0.0024395725195630012
10538,-0.0006085758168809553
10539,0.004177924333666285
10540,0.012364454865442114
10541,0.004566740362854614
10542,0.0006431966388883853
10543,-0.0013603299167208663
10544,-0.0017644123290949613
10545,0.010991367918245752
10546,0.008750675000114536
10547,-0.0015884790622915784
10548,0.0023697729875458394
10549,0.010220408515121661
10550,0.005594338744175996
10551,0.009890329401619258
10552,0.002172132154298307
10553,-0.003139538055314497
10554,-0.00023241684505225478
10555,-0.0010199301298110548
10556,0.0008974112189196887
10557,-0.0011956429759193768
10558,0.002535165433198719
10559,0.0032173601540777877
10560,0.010303245781505627
10561,0.004310987487020784
10562,0.012669851369976379
10563,0.01412720060570321
10564,0.007097691610637818
10565,0.0070520067946865765
10566,0.006279175066732499
10567,0.006873582254612019
10568,0.00482589358139553
10569,-0.002418355082966497
10570,-0.0012532715774071727
10571,0.0038418794871474954
10572,0.007423318297312992
10573,0.005177359804192833
10574,0.008859568926858553
10575,0.0038207233696709066
10576,0.004686595884279925
10577,0.004760911181189986
10578,0.007688267458094148
10579,-0.00024493061339787327
10580,-0.002374743486610289
10581,0.016540794300350485
10582,0.0022061845464621047
10584,0.00021082552433911335
10585,0.018634835193324022
10586,0.0035031243425135347
10587,-0.002145134995689083
10588,-0.0013045857631412208
10589,0.01002852152926113
10590,8.084257375899975e-05
10591,0.00644094325150292
10592,0.0007692928654037881
10593,-0.001069138907427299
10594,0.007322931644026687
10595,-0.0028871981555453133
10596,0.0026310623852343167
10597,0.004910200917792439
10598,0.009978239526367356
10599,0.0036020709438267934
10600,-0.0018102715347798597
10601,-0.0009005929818916049
10602,0.0021037610189287848
10603,-0.003258064358807187
10604,-0.00011632446449606586
10605,0.005958467852069011
10606,-0.0016948175194339346
10607,-0.0019253195948129073
10608,0.009997105839933334
10609,-0.0005661796058689453
10610,0.019834062286891944
10611,0.013744704076403515
10612,0.005064690852696719
10613,0.010451551646324851
10614,0.0072478377281646016
10615,0.0007519726194331576
10616,-0.0009281357242433719
10617,0.006103003478590798
10618,0.017799443103478464
10619,0.0052024743628785175
10620,0.0013899384720920862
10621,0.002163379356843704
10622,0.009601448558522734
10623,0.0019853919003153114
10624,0.0027219133988848378
10625,0.002226423773289521
10626,0.01198075992182954
10627,-0.001594427082147581
10628,-0.0025224877532999714
10629,-0.0004410292834697016
10630,-0.0027561374745569776
10631,-0.001604781432470061
10632,0.004871304815885026
10633,0.008709344098389013
10634,-0.0021378794272649652
10635,-0.0014408332238683152
10636,0.005001611087741879
10637,-0.0014055758068410654
10638,0.008284602356059025
10639,0.004060566758020443
10640,-0.0013443276763150033
10641,0.005933243346877139
10642,-0.002197992421615849
11827,0.00030505504330183113
11828,0.007109660096092041
11829,0.0005977563466667852
11830,0.004778077599019128
11831,-0.0014766844273363597
11832,0.005173741437155856
11833,0.01142049515523456
11834,-0.0005347360640473777
11835,0.001366125335322597
11836,0.0029670884640917404
11837,0.0025010754435893547
11838,0.0018564240984500196
11839,0.000945381144096891
11840,0.002883878542974158
11841,0.0056435573516955065
11842,0.007322253711786481
11843,0.0005710948489268414
11844,-0.0008731937912520495
11845,0.0023467255699951735
11846,0.007906080971934938
11847,0.00309270323119332
11848,0.005609775756306574
11849,0.01068330980045832
11850,0.0032127562473449403
11851,0.0026014304775805047
11852,0.008072172884351272
11853,-0.0014706359971482907
11854,0.012135581332593064
11855,-0.002774300370015524
11856,0.015839663637859373
11857,0.010872492040730129
11858,0.004868666612913561
11859,0.0005294062895841254
11860,-0.0038594410937838417
11861,0.011132791962786014
11862,0.007227233357524749
11863,0.0027496994863413053
11864,-0.0019652802133204254
11865,0.009137132648213857
11866,-0.001706991246121647
11867,0.0008251279512416707
11868,-0.0021607349860142937
11869,-0.0002765887749396779
11870,-0.002926918751049584
11871,0.0060515213958885865
11872,0.009039685570109007
11873,0.007101638444303372
11874,-0.0025806900272066207
11875,0.012302787420042337
11876,0.0019246872267127194
11877,-0.0006368835420252142
11878,-0.0030070652723186153
11879,0.00325646666109727
11880,0.01315434689653587
11881,0.008553721484312986
11882,-0.00031359097636639473
11883,-0.0008935320961396664
11884,0.0018991821762311418
11885,-0.0015298433481737133
11886,-0.0007763320773624561
11887,0.008720660500185249
11888,0.003337516814861434
11889,-0.0028827355839926485
11890,0.004411020547395748
11891,0.0016284827580773133
11892,0.0074215913269252455
11893,0.011722784740440976
11894,0.003334420703042129
11895,0.000437250697887831
11896,0.002895524907504457
11897,0.016659373910286587
11898,0.00804059437689017
11899,0.002036254111593111
11900,0.0031197086795125596
11901,0.0025107889978799314
11902,0.01257336592896981
11903,-0.003189964590519472
11904,0.013543677652212753
11905,0.0038982330367336865
11906,0.009281075056200263
11907,0.012147905086087329
11908,0.008501209823348666
11909,0.006846335571714133
11910,0.006624085617266771
11911,0.00021080498900933643
11912,-0.00035847572911027956
11913,0.006765723040214434
11914,0.005761383944845558
11915,-0.0017978586040692714
11916,0.005041243260228433
11917,0.007601640266160958
11918,0.002116851953248438
11919,0.0018343817699418199
11920,0.0012709134369032048
11921,0.007303782536291239
11922,-0.0007225031276723616
11923,-0.0005831919351553926
11924,0.006712799167734294
11925,0.001326082480235231
11926,0.005659405538229224
11927,-0.00230947821259213
11928,0.004195284343777528
11929,0.003037373002883925
11930,0.0021147812027226646
11931,0.0021148876935947747
11932,-0.0007068550028383712
11933,0.0012699327660354361
11934,0.006823243713870129
11935,-0.0015302789504127272
11936,0.009945013223916704
11937,0.0038639694355234316
11938,0.009785563025612315
11939,0.004895273555780153
11940,0.01228467248277763
11941,0.008740518095153131
11942,0.0056167528809096985
11943,-0.0020606301537085033
11944,-0.00239956576871511
11945,0.0019951541569502226
11946,-0.0023770205860340603
11947,-0.0017197514316794477
11948,0.0009517234501604816
11949,0.0008448741345562037
11950,-0.000945261841310923
11951,0.004423814458478972
11952,0.0001359700346244344
11953,0.0065256265146344805
11954,0.011844899629356455
11955,0.00023836440577040124
11956,0.004342163367980979
11957,-0.0021709003008935426
11958,0.012459012453904753
11959,0.006015081298249261
11960,-0.0008810279556966793
11961,-0.0027261928087662073
11962,0.0055848689254521106
11963,0.00681866099653327
11964,0.0034787394567557806
11965,0.0052564849151523
11966,0.013319383523043984
11967,0.00018218932953700112
11968,0.025952939903953576
11969,0.0004141944807407195
11970,0.01244194683548721
11971,0.0019790926623380993
11972,0.009794439809909093
11973,0.0075170068537831584
11974,0.0003282694855086619
11975,0.010730414809937656
11976,0.012885531698175336
11977,0.007687354820103968
11978,0.0012217396332458684
11979,-0.0007103487577278592
11980,0.008128406797678765
11981,0.003321855774783739
11982,0.0132346776342273
11983,-0.0017361929793239667
11984,0.015432210422117003
11985,0.010383876480420176
11986,-0.002768081833621745
11987,0.0023060886573336853
11988,0.006361002769241193
11989,0.010196145106701773
11990,-0.0009067636812240369
11991,-0.0024071877978938706
11992,-0.000957005243154993
11993,0.010163516413675855
11994,0.002109255347388185
11995,-0.002751734544559209
11996,-0.0019000700904530324
11997,0.004098623787278426
11998,-0.0023901385442185105
11999,-0.0018508365463937894
12000,0.00490343160013626
12001,-0.0009755375223572862
12002,0.00864992313819405
12003,0.011259042693937155
12004,0.004437184943892905
12005,-0.0034079991790435735
12006,0.0039485234872223135
12007,-0.0015803926530140976
12008,0.0005703743553363179
12009,0.006223901051938954
12010,0.000628565581353999
12011,-0.0021841874280166644
12012,0.005226624172823102
12013,0.006722631329760646
12014,0.010123831787775733
12015,0.013480003421507254
12016,-0.0019477478294915376
12017,0.002949436857607856
12018,-0.0016641200490054263
12019,0.0061547677974719585
12020,-0.0017875419834416234
12021,-0.0010631370795096788
12022,0.004251688519212388
12023,0.012795806866028964
12024,-0.0005474067954040988
12025,0.006682227554049847
12026,-0.00021341717927977205
12027,0.005785038401731404
12028,0.0018577138740845725
12029,0.001946237843759354
12030,0.0015819396600037713
12031,0.005825629690411796
12032,0.01929473580598121
12033,0.003023301369873589
12034,0.007610850791353381
12035,-0.0023023907333866254
12036,0.004881714187374254
12037,-0.00017989938930271059
12038,0.0009104741330062862
12039,0.004019049259460505
12040,-0.00022674524249242933
12041,0.0018554408429521541
12042,0.0011891228101793341
12043,0.006878133295325831
12044,0.00782740878104957
12045,0.009909674437349341
12046,-0.002363285472698798
12047,0.015124624545882655
12048,0.0025874613042966947
12049,-0.0004527351839103185
12050,-0.001882049809742617
12051,-0.0009046273096126461
12052,0.0014054057553778958
12053,0.008504571140768545
12054,0.010898837755789197
12055,0.00044378609175043694
12056,0.0038156020392673892
12057,0.015868974047829172
12058,-0.0012934417709821143
12059,0.009730724711079362
12060,0.0022527400948488888
12061,0.002306818327886845
12062,0.01164363496952384
12063,0.0002972757209273435
12064,0.0014525886102984067
12065,0.014180020557964117
12066,0.003420353079473651
12067,0.01599035804890389
12068,0.0025187779681978585
12069,0.0018771114877555745
12070,0.008298248151228715
12071,0.012798536666442553
12072,0.009850290865596734
12073,0.009508961289347528
12074,0.0008276742155380341
12075,0.0003554612895219668
12076,0.0016306580458510574
12077,-0.0017284136894578101
12078,0.012742060296452584
12079,0.007117562758683339
12080,0.0027402761341844446
12081,-0.00019895265388598926
12082,-0.0022597634814258243
12083,0.0036400920857120184
12084,0.007318457217386092
12085,0.0029996061136708767
12086,0.00552106398175263
12087,-0.001136475100956328
12088,0.0009224372361441996
12089,0.004165796921165244
12090,0.01313889280709507
12091,-0.0014817892535566
12092,-0.0004727487225361735
12093,0.004553614789810884
12094,0.00034449759144051205
12095,0.00018000079586014996
12096,0.002135281477133842
12097,0.009603788614294975
12098,0.003265831357014061
12099,0.012049304416738175
12100,0.0032056322631523575
12101,0.0003130840061297997
12102,-0.0023340448836038936
12103,0.013037133733405249
12104,0.00819088134103747
12105,-0.002288782261030768
12106,0.009963388366067902
12107,-0.0009664134281295172
12108,0.014788447233894563
12109,-0.0033772739492787373
12110,0.011717122247540054
12111,0.0016825477719144433
12112,0.002745668904697709
12113,-0.00010882225325378747
12114,-0.0002885028573158324
12115,0.011035847895403073
12116,0.007445774016262126
12117,0.0004355948838436381
12118,-0.0016092804434754086
12119,0.003807146924313453
12120,0.005922501187161883
12121,0.010413147502651064
12122,0.0003478134842510739
12123,0.0032000771734845973
12124,0.001058669922429872
12125,0.0029662128386717425
12126,0.006494845612163642
12127,0.019109103431595335
12128,0.007512810111296876
12129,-0.0021190268534175914
12130,0.011421517235955046
12131,0.009490971816642033
12132,0.0015006068770138919
12133,0.009045404707619113
12134,0.00436844232646014
12135,0.004764541468245818
12136,2.7767893082139214e-05
12137,0.006157884385823886
12138,0.002169480004448901
12139,0.0060250329346658756
12140,-0.001519580516910873
12141,0.011252926300686836
12142,0.0010809427575328105
12143,-0.0004942101069068498
12144,0.0023400009901366377
12145,0.00013003597500792045
12146,0.001539072489258669
12147,0.007007792031446261
12148,-0.0019483485291502036
12149,0.0010178845922930377
12150,0.004674224616356106
12151,0.001477917171731057
12152,0.023784542969211796
12153,0.0004308369375258716
12154,0.011959853470988158
12155,0.013763157830120262
12156,0.0029544957235713883
12157,0.006002867965825179
12158,0.004456769048010484
12159,0.008315519534166309
12160,0.005882065252358952
12161,0.007887872562532164
12162,0.004992968010405038
12163,0.003326563384355996
12164,-0.00154909108350503
12165,-0.002314247601523165
12166,0.01028963945714733
12167,0.009020554336294707
12168,0.0024179828933309673
12169,-0.002882594527235627
12170,0.00973280390725971
12171,-0.0020455677497558476
12172,0.0035285440825918377
12173,0.007034498447123078
12174,0.011747363128122749
12175,0.005186597600726654
12176,0.015838288280463155
12177,0.0034350971098620828
12178,0.005197518498777191
12179,-0.0010303964900317281
12180,0.0057431283151906515
12181,0.01806320694426986
12182,-0.0020818928655226866
12183,-0.0012056751081517617
12184,-0.00011549739220725885
12185,0.02036882310013487
12186,0.001728927728562155
12187,0.020389782641316984
12188,0.005278303043164279
12189,0.0035469634946277834
12190,-0.0020616441777358257
12191,0.017557528958957343
12192,0.0021231593442532504
12193,0.0016310446946666089
12194,0.004282327449600269
12195,0.001628706954462827
12196,0.003352796796301089
12197,0.0046544652995277255
12198,0.005504156981955489
12199,0.00047168504472929786
12200,0.0002560927452166812
12201,0.00740296206461432
12202,0.024717380671257397
12203,-0.0023120568216557225
12204,0.001434689816942161
12205,0.01061727596903957
12206,0.0022487964228717176
12207,0.0063289808489697605
12208,0.002953918124893304
12209,0.008330565239721553
12210,0.00879074855587111
12211,-0.00021531099695915566
12212,0.0058077614529454015
12213,0.005504279313598988
12214,0.010213292083621029
12215,-1.1576133251110787e-05
12216,0.00974094196000884
12217,-0.0015855250660361635
12218,0.01061162988945558
12219,0.01447009665124123
12220,-0.0005891352482986986
12221,0.009651391807948766
12222,-0.0006235337965209559
12223,0.0005587995338408539
12224,-0.0018660986194703102
12225,0.005407142243209304
12226,0.011133580080814304
12227,0.008008377123978793
12228,0.010626989880261995
12229,0.0021551858250051896
12230,0.018585542399012594
12231,0.010968460877975272
12232,-0.0025472648157485525
12233,0.0070269862416476245
12234,0.0029785707088766933
12235,0.004074465085271282
12236,0.004332509229025495
12237,-0.0024768503805633075
12238,0.005766496599802849
12239,0.0028781219473562533
12240,0.0061207571908843995
12241,0.003373769809119083
12242,0.009622185871469808
12243,0.007145821608912067
12244,0.0070091226089236194
12245,-0.0028718701198461993
12246,0.0018229453851524025
12247,0.010930866960199192
12248,-7.65188169641294e-05
12249,-0.00104181259029016
12250,-0.0021504195157144666
12251,0.0025038040521625296
12252,0.004283367559962621
12253,0.0041145867355817725
12254,-0.0018976608162595207
12255,0.021492851739288932
12256,0.004739728437116859
12257,0.0017754013316593903
12258,0.012245482207130818
12259,0.0093794906812996
12260,0.003161511256662128
12261,0.008058758021071925
12262,0.006286416358588183
12263,0.018434862179078696
12264,-0.0014003526817951174
12265,0.006968198035701572
12266,-0.0002987440895569817
12267,0.01392750795311418
12268,0.0008066491581077556
12269,-4.2034787528988024e-05
12270,0.0014280307635965526
12271,0.00710454130560495
12272,0.018872755470198777
12273,-0.0007361718306797202
12274,0.005175727241562025
12275,0.00401349743632063
12276,0.0030100713236291612
12277,0.0011615122566038753
12278,0.013598729592209615
12279,0.0065322296232256626
12280,0.0036043827858000393
12281,-0.0016392123086623276
12282,0.0048420497782335516
12283,-0.0002203802518370556
12284,0.0014494354300247578
12285,0.010068894302193477
12286,0.0013703285256768966
12287,-0.0010904950389156714
12288,0.0009719954351072677
12289,0.0017927712770019928
12290,0.00055736580558397
12291,0.0007315194717147679
12292,-0.0018042625614834856
12293,0.0003075081124397812
12294,0.0008021401564377861
12295,0.014266688576138598
12296,-0.0004293821811432834
12297,0.003956573266577917
12298,0.0023750344013882298
12299,0.0005490462891387122
12300,0.0027077325052594393
12301,0.003904128797625108
12302,0.0003708424618356302
12303,0.001245704311420938
12304,0.007649484003004938
12305,0.010793827936273911
12306,0.008978395801027234
12307,0.010142117529587498
12308,-0.00028717542325493867
12309,-0.0015512260508075207
12310,0.011298155603227337
12311,0.010995025310998118
12312,0.0103802823411233
12313,-0.0011180393813848104
12314,-0.0017934783928524843
12315,0.003201976516409688
12316,0.010856812056238778
12317,-0.0006539650864937716
12318,0.008689215593754733
12319,0.005067441293222473
12320,0.00650515500919897
12321,-0.0024773895700688914
12322,0.00332370912673453
12323,-0.0008839297967703358
12324,0.0006469605164860989
12325,0.0003943671534995998
12326,0.006499322983883896
12327,-0.0024479494992207564
12328,0.014543824007530126
12329,0.0016618098508919613
12330,0.0019512999345962997
12331,0.01161586168756729
12332,0.00446864253659322
12333,0.01449289828105203
12334,0.0011573314835800139
12335,-0.0011682064657332451
12336,0.002491164444602831
12337,-0.0002846164810145022
12338,0.003047200432742484
12339,0.006528092716485093
12340,0.0026492314677746334
12341,0.011699320176356373
12342,0.0014660899592775136
12343,0.00789115642178602
12344,0.004515544901299632
12345,0.010955447481399292
12346,0.00596059803855813
12347,0.002506502441465351
12348,0.010735703401443843
12349,0.009790322962647459
12350,0.005221738836306132
12351,0.013127816172162791
12352,0.003181373571729689
12353,0.0018301684634714679
12354,0.009259300542684784
12355,0.007314248700987378
12356,-0.00019606028793750854
12357,0.01542626699864236
12358,0.0023603353081089393
12359,0.006534615684257141
12360,-0.000949594641946945
12361,0.004310946780501274
12362,0.01449935280574215
12363,-0.00268229957826077
12364,0.0022547984073073082
12365,0.0027040257364042176
12366,0.0004156129701132442
12367,0.007256668177198389
12368,-0.0018716428942727476
12369,0.0018839861723831206
12370,-0.0014360655083863107
12371,0.01014920382275298
12372,0.006147622665580832
12373,0.0038761643427620007
12374,0.00313108178627609
12375,0.003023884679264524
12376,-0.001296303726539964
12377,0.009983730334704996
12378,-0.001244868974874365
12379,0.008751904251977288
12380,-0.0028727271443811687
12381,0.0012854847221481103
12382,-0.0031174744885961517
12383,0.0011624004178267013
12384,0.00594410877388345
12385,0.004214352896287847
12386,0.006164809282728924
12387,-0.0018435309631949278
12388,0.0006462774646169775
12389,-0.0005882586085040001
12390,0.011905292663364986
12391,-0.0008981673066791474
12392,0.00951060800068499
12393,0.004422928142165286
12394,-0.0019522992474118803
12395,0.007667130827890004
12396,-0.0012638510422356558
12397,0.003995942939959543
12398,-0.0024397305489314326
12399,0.00021699332319359554
12400,0.0006460579994568786
12401,0.022715651299108883
12402,-0.0007327786453752028
12403,0.0010083950599239118
12404,-0.0005265914901804239
12405,0.007616206535396394
12406,0.002821404392466531
12407,-0.0020618712096023006
12408,0.010049307461330807
12409,0.002418774735551882
12410,0.010667371733422831
12411,0.003572023690229114
12412,0.0024704344629893557
12413,-0.001887569355997933
12414,0.0052643673070897
12415,0.007047234726058654
12416,0.01920275112075832
12417,0.011385238957366251
12418,-0.001999400305324025
12419,-0.0020483685415183944
12420,0.007927797054743821
12421,0.0005547743591374343
12422,0.0022176271465520793
12423,0.005589274064828072
12424,0.006947401669415664
12425,0.005957913419407754
12426,0.0003742383233316538
12427,-0.0026816654618283305
12428,0.0012307012349943754
12429,0.007620949117849329
12430,0.002804041199043858
12431,-0.0011108580103056584
12432,0.006944830262219613
12433,0.00917179618860579
12434,0.003480478558492546
12435,0.012107630278214224
12436,0.009656829605618204
12437,0.007041836008077229
12438,0.00633170433593061
12439,0.006165542242096787
12440,-0.0012077582512662003
12441,0.005652018146867183
12442,0.006564382857115737
12443,0.0037792974191647594
12444,0.006759632053027088
12445,-0.0005858145580280652
12446,0.0036391412205137794
12447,0.0010375978160160962
12448,0.012358402792985636
12449,-0.0014504159844613475
12450,-0.000946418623741202
12451,-0.0019670179166457157
12452,0.005223741822025535
12453,0.0075850586991101435
12454,0.004475835462974538
12455,0.012505601342640647
12456,0.0014959762085784388
12457,0.0040543247413639405
12458,0.0017436209420628717
12459,-0.0005133889855951056
12460,0.003779131009503913
12461,0.011633581069948405
12462,0.004489863541154573
12463,0.006578258512320769
12464,-0.0018440019648184713
12465,0.0019180036316658877
12466,0.011349311236161886
12467,0.00406582169507521
12468,0.009960513720404431
12469,0.00042286526852569443
12470,0.01097650421476656
12471,0.004778033355376892
12472,0.0006706140901087797
12473,0.005007233043601532
12474,-0.00012815692016858102
12475,0.005243995544726689
12476,0.010703073320354976
12477,0.009831384109086492
12478,0.021360449171442416
12479,0.002729733378834663
12480,-0.002503288529440071
12481,0.0011463805736774066
12482,0.005040496119681676
12483,-0.0017434093569163398
12484,-0.002057419762644846
12485,-0.0014321953453926197
12486,0.004132168196389327
12487,0.005502233875168211
12488,0.0004752802965490178
12489,0.0031925591651262367
12490,-0.0014084221557839147
12491,0.011970547506999576
12492,0.005160500118885074
12493,0.0009964775907062972
12494,-0.0005102039143738083
12495,-0.00042485445711493153
12496,0.016660174431102792
12497,0.009765141914344872
12498,0.0029388969971318527
12499,0.0008500626458852432
12500,-0.002385107442817719
12501,0.019126016298797354
12502,0.011457854925722235
12503,-0.0004286110490392594
12504,-0.00030441463757946777
12505,0.003747377274317964
12506,-0.003199594488900984
12507,0.025361040351869178
12508,0.002020618221026657
12509,-0.0007621492223364012
12510,-0.0019228021934193668
12511,0.007685173962493443
12512,0.0038572593471150295
12513,0.004735020425784695
12514,0.0008685056566577164
12515,0.002313304103111931
12516,0.0032353499787054034
12517,-0.0018781749884970098
12518,0.0016885675752957904
12519,0.000572994546931967
12520,0.011138511208021791
12521,0.0017346544927699954
12522,-0.00044664562602537115
12523,0.004082547142610155
12524,0.0004461494990914746
12525,0.0008698886629380995
12526,0.0007251682461726604
12527,-0.0007217937762553153
12528,0.0031295111678463668
12529,0.0026630909479590723
12530,0.002533688412032109
12531,0.004688736009109979
12532,0.0011447221765716522
12533,0.01014867606740319
12534,0.00973513283445977
12535,0.0020315748223506576
12536,0.016098470913848816
12537,0.0035138887497998122
12538,0.003468554110554467
12539,-0.002536447864091818
12540,0.0017256340668825674
12541,-0.0018050207942281425
12542,0.0037579422068557203
12543,0.008921237525334358
12544,0.0058036206572413575
12545,0.009809519840082069
12546,-0.002046698400674401
12547,0.0010788051880431197
12548,0.0007891653137067443
12549,-0.0003677796762523583
12550,0.00939336440748964
12551,0.0038831089180149277
12552,-0.00024455747233070695
12553,0.005307672729342801
12554,0.0011353266228867204
12555,0.00544863707673774
12556,-0.002922894773807149
12557,0.0034664484308054716
12558,0.0075055215298207335
12559,0.008968248151550454
12560,0.0058351331370437645
12561,0.01819725718622728
12562,0.0043492334686441765
12563,0.002277612638768054
12564,-0.001723354295750162
12565,0.0033254388751656587
12566,0.0020590166870216586
12567,0.003362179052925622
12568,0.0009600818516218301
12569,0.0013927546119213725
12570,-0.0022045493546273883
12571,0.005999364947545466
12572,0.015195626380847965
12573,0.002882494425413603
12574,-0.0023186029282286913
12575,0.0057648731113116615
12576,0.006489545210211573
12577,0.0014209734710058444
12578,0.010375920375238195
12579,0.006030490335038951
12580,0.021745636709676882
12581,0.016650004761253914
12582,0.00699641143816556
12583,0.005420235518136061
12584,0.011320138999213858
12585,0.007523625862994359
12586,0.007271253172266713
12587,0.008368452399419149
12588,0.0010215645332622564
12589,0.0053569609316299616
12590,-0.0028955291166400023
12591,0.020952602767321003
12592,0.005362576721879175
12593,0.00896346972344847
12594,0.006966570328946525
12595,0.0014052825602376556
12596,0.0008812790449538605
12597,-0.001126566695643979
12598,0.0017827656006247396
12599,-0.001389923100345164
12600,0.0014543411470551073
12601,0.0005614492111745712
12602,0.004423147755192466
12603,-0.0014596336471803372
12604,0.008863010586424098
12605,-0.0009831080353720142
12606,0.0005005237500616266
12607,0.0065194543240463115
12608,-0.0026299405437134066
12609,0.0003574237916385871
12610,0.008199249347511234
12611,-0.00190659452159842
12612,-0.0031449212675798196
12613,0.003537302378826067
12614,0.007289940937587336
12615,0.0026918918364410988
12616,0.007806895597156659
12617,-0.0021610967482185717
12618,0.002350655993740791
12619,0.007386645077213559
12620,0.001622132019788369
12621,0.013579742071234729
12622,-0.002081926496191072
12623,0.008088911195980628
12624,0.003973986196997858
12625,0.0054661116657723115
12626,0.002426159847952615
12627,0.01278424166062139
12628,-0.0012072872992950918
12629,0.0037427817695242054
12630,0.003966946749418984
12631,0.006941029604121379
12632,0.024070522492642753
12633,0.013902547067430122
12634,-0.0009097688403725459
12635,0.007603054586999468
12636,0.0031309167781088144
12637,0.0014237908984400735
12638,0.002714826070294194
12639,0.003161085120886857
12640,0.0034748729069753077
12641,-0.0032587565987677296
12642,0.013392554407057434
12643,-0.0013763116200844767
12644,-3.3282877395081e-05
12645,0.0006196415402343024
12646,-0.0013645209649428298
12647,0.014169377650556179
12648,0.006066428064238526
12649,0.003972905695535524
12650,0.011610430197482452
12651,0.009208372312428707
12652,-0.0011102257728316817
12653,0.0005452047705790403
12654,-0.001843421054304753
12655,0.0031988654613685358
12656,0.012114398137270638
12657,0.007179907522026262
12658,0.006831865927036256
12659,-0.0006585241198567241
12660,0.014590044169044716
12661,-0.0010494337305878287
12662,0.00542067994708258
12663,0.002309736653814523
12664,0.002444576169113352
12665,0.0034534233850168836
12666,-0.002933863435744208
12667,0.0010318784095169706
12668,0.009143298705190917
12669,-0.0011648204557905342
12670,-0.00011377555586411861
12671,0.0018331842807356377
12672,0.009617024290085631
12673,0.0016974098822238569
12674,0.0071723508647650175
12675,-0.002025902878825994
12676,-0.0012241649856464063
12677,-0.001983192835438928
12678,0.005906321475203941
12679,0.010047948501589202
12680,5.629832841965929e-05
12681,0.0020023517574866423
12682,0.002929690252186732
12683,0.010161249520888375
12684,-0.000772390173235795
12685,0.0014302290452467767
12686,-0.0009235393078757016
12687,0.0019136634963582491
12688,0.0037709997202390183
12689,0.004939853281498544
12690,0.0016513495534418374
12691,0.004969909704548827
12692,0.0017555570498878677
12693,0.002709383199112108
12694,0.012609473520170823
12695,0.012690495075824624
12696,0.0003103461532325859
12697,0.002872790061228793
12698,0.0008867570092265138
12699,-0.0016876945433363186
12700,0.0016736575910912595
12701,0.003575052868844613
12702,0.015427426829530331
12703,-0.0030409004358461986
12704,0.02926185515883348
12705,0.008066286304697145
12706,0.0012056119422466007
12707,0.012722118890138613
12708,0.009164440152743234
12709,0.0006230498782240721
12710,0.004962918191129217
12711,0.010957775396875258
12712,-0.0014844186177413714
12713,0.013714934051614208
12714,0.00583986633157205
12715,0.009109270604387237
12716,-0.0035035439998913863
12717,0.01784828252251237
12718,0.010266915301172116
12719,0.0028876736741480606
12720,0.0020170801684308466
12721,0.012717948481626898
12722,0.0012889864854055324
12723,0.01139722170784508
12724,0.003695088769840052
12725,0.005181399910585253
12726,-0.002700321060597267
12727,-0.001070122910434082
12728,3.140008913499713e-05
12729,0.01772316928019772
12730,0.010022623028967483
12731,0.0012282864357979935
12732,0.006109610965929969
12733,0.014319410513481151
12734,0.011645636277157551
12735,-0.0020066697856583205
12736,0.0029725102027568437
12737,0.005095837987355262
12738,0.010520193713576542
12739,-0.002229857292751587
12740,0.008971481546411864
12741,0.009267071278924961
12742,0.006002088453021508
12743,0.005013854332794599
12744,0.0029351749065753864
12745,-7.148435728029923e-05
12746,0.002920830967698816
12747,0.02011359415052551
12748,0.005456537844039478
12749,6.097314385061434e-06
12750,-0.0020827754805173935
12751,-0.0002407208393679621
12752,0.005784951839130182
12753,0.00017453849956302128
12754,-0.0014333880293802871
12755,-0.0004761710144404064
12756,0.004098323570289025
12757,-0.00010500527331947125
12758,0.012452923775556207
12759,-0.001505745827419849
12760,0.001521751505647935
12761,-0.0009113885125313827
12762,0.001190674067180113
12763,-0.0019419254489235257
12764,0.01534272030867359
12765,-0.0008676598136242632
12766,-0.000809066506966858
12767,0.02293449683202922
12768,0.0074384367334419665
12769,0.005526426927333249
12770,-0.0005266545867586379
12771,0.0014220983627926086
12772,0.003513993175433234
12773,0.004873536563685516
12774,-6.498538856459721e-05
12775,-0.001415654106942759
12776,0.001833797902462778
12777,0.005412160775569396
12778,0.009039894796383712
12779,0.004452022173943415
12780,-0.0021803296841553035
12781,0.0005446113204548315
12782,0.010849470750660287
12783,0.007344779917673634
12784,0.01769093319783559
12785,-0.001910251712254363
12786,0.0035288123894271807
12787,0.0009543774113326721
12788,0.0029270913436035342
12789,0.0007071025277212012
12790,0.02270621191245675
12791,-0.0010380944513875487
12792,0.0052424726217337805
12793,0.028453343323047015
12794,0.0010728077986305474
12795,-0.0010756294738797963
12796,-0.000695731653267426
12797,0.00033697516911254666
12798,-0.0003893817195097602
12799,-0.002074841312333894
12800,0.017392620684362453
12801,0.006269279951444676
12802,2.7880902194089494e-05
12803,-5.687090468752855e-05
12804,-0.000810613285256544
12805,0.01455153542578385
12806,0.01566515705580085
12807,0.00395663064521104
12808,0.0101445942645405
12809,0.0034227712492583932
12810,0.008864854185053506
12811,0.0031859291534444036
12812,-0.002273496839293891
12813,0.0025573078118179896
12814,0.01044034055601259
12815,0.021901281766367877
12816,0.01764666501946226
12817,0.004983952067620149
12818,0.0004867253211226063
12819,0.0029811699940055295
12820,0.0013186897671953988
12821,-0.003558570490414298
12822,0.00040340328268044685
12823,-0.0018030170994500702
12824,-0.002482837406431142
12825,0.004703500858373129
12826,0.006259943694591902
12827,-0.002218171940405909
12828,0.002313465153190815
12829,0.002469677079119822
12830,0.0020356506654804866
12831,-0.0008405887701488108
12832,0.004295338459930579
12833,-0.002547869632958959
12834,0.00649144473269056
12835,0.007153926159864633
12836,0.015480739470631357
12837,-0.0014537165119113456
12838,0.017167924975222935
12839,-0.002085928968860628
12840,0.005006463811833506
12841,0.001310329314416072
12842,0.01084407302319924
12843,-0.00048394625964138377
12844,0.0024200590293654636
12845,0.001238253261622406
12846,0.0008055113868593363
12847,0.006549837092362905
12848,-0.001428127266910743
12849,0.004779427855393228
12850,0.004134625846364717
12851,0.004123410111115382
12852,-0.0026106718199207634
12853,0.007666520776590028
12854,0.0014095446098662395
12855,-0.001883361485535428
12856,-0.0011696756117813446
12857,0.008429444195024477
12858,-0.0007765355067671492
12859,0.0026396164019999724
12860,0.012879650126402027
12861,0.007384240923540862
12862,0.002466942440618635
12863,0.0028516041426421487
12864,-0.002084630254992217
12865,0.007865305187197306
12866,0.0016283240354154401
12867,-0.001632716561574491
12868,0.0100087558778829
12869,0.009313621529136864
12870,-0.0015821918126973991
12871,0.00257039055849808
12872,-0.0006941253983889454
12873,0.004074919334066625
12874,0.0025742159572737545
12875,0.015502237722477458
12876,0.00032852089929983307
12877,0.009457316043827779
12878,0.0028699139880422435
12879,0.009226983980652949
12880,-0.0007625617547036608
12881,0.008289105166961876
12882,0.011598333091270722
12883,-0.0005370403603378298
12884,0.008241168068382047
12885,0.01862054863062344
12886,0.006454005182485692
12887,-0.0008682085872281989
12888,-0.0008680615953727319
12889,-0.0034074230370643565
12890,0.002642669562390121
12891,-0.0008524939850008597
12892,-0.0023977313618406652
12893,0.0011059275380478212
12894,-0.001267470082183893
12895,0.0013264858652556402
12896,-0.0019671590783867446
12897,0.006918689491346667
12898,0.00293912813346316
12899,0.0025624982532666367
12900,0.002898581340700694
12901,0.007437566806712086
12902,0.018131572741267154
12903,-0.0009551845137545454
12904,0.006024497679105914
12905,-0.002262488095482587
12906,0.007939653453073164
12907,0.003250293171778655
12908,0.0063413841124275935
12909,0.007914399906295857
12910,0.010304733242199902
12911,0.0009669030675774591
12912,0.0009484932317636498
12913,0.0048367971472994264
12914,0.002365082038593775
12915,0.005310753806542171
12916,-0.00324993756747893
12917,0.004623020672658955
12918,-0.0027797557927934455
12919,0.0031142520072532653
12920,0.001968388157173248
12921,0.005604523022110987
12922,0.021431362891240136
12923,-0.0021389287442279345
12924,0.007358692138687815
12925,-0.002029488898427889
12926,0.0038966447403541507
12927,-0.0017238040524713404
12928,7.87262194691489e-06
12929,0.008484271451290687
12930,-0.0008386433700227035
12931,0.011129427514294778
12932,0.00027073591096812497
12933,0.004249034461156296
12934,-0.002675663910687803
12935,-0.001861456947027178
12936,-0.0018359304055141582
12937,0.019245952784061524
12938,0.0011507395975883673
12939,0.002797496152090257
12940,-0.0012684860915998242
12941,0.006088833552845532
12942,0.005619708009954639
12943,-0.0010302651686587786
12944,0.0017360238271429459
12945,0.017236173795621305
12946,0.019422986490998603
12947,0.013858704498672304
12948,-0.002478885623015986
12949,0.006490528226658274
12950,0.0011438756732722356
12951,-0.0015267574293353313
12952,-0.0009465588794313473
12953,-0.002077858385527374
12954,0.005438343251783773
12955,0.0073037333394432025
12956,0.009107221627745393
12957,0.005153038216440135
12958,0.007120433825234817
12959,-0.001216478516931442
12960,0.001913685154802832
12961,0.0026108927733424284
12962,-0.0028732533883781258
12963,0.005161946401469504
12964,0.0035905842828409355
12965,0.001859048902279713
12966,0.002790694843335651
12967,-0.0001461547097854083
12968,-0.0018992399146703243
12969,0.0036585349424075354
12970,0.014506504943884509
12971,0.002147308878959076
12972,0.010349623485411595
12973,0.0009710540556550351
12974,-0.001388175657408024
12975,0.002909678201418863
12976,0.0019646444253400702
12977,0.0030087506585491086
12978,0.0007296938562764126
12979,-6.892116782709554e-05
12980,0.025466239560654854
12981,0.005500765034901656
12982,0.01114654957006415
12983,-0.0025113874144529758
12984,-0.002130585829068334
12985,0.009834909112034693
12986,0.003114380924232763
12987,0.005647555734586647
12988,0.01394602468807125
12989,-0.003080873176899073
12990,0.00426635798590504
12991,0.0027096319681609755
12992,0.0011728387586194128
12993,0.0015041863842449096
12994,-0.00275053330806988
12995,-0.0014481957209264377
12996,-0.0012255059204995065
12997,-0.0002032836921682258
12998,0.007174986749616388
12999,-0.002275013068804727
13000,0.004093877154959652
13001,0.009128462270228323
13002,0.0012007311718959489
13003,0.0005109602379532643
13004,-0.002224643818251852
13005,0.0011566718183385685
13006,0.0033494704527624146
13007,-0.0019763017888511005
13008,0.0041543728531418835
13009,0.01243248656419366
13010,-0.0009156868148434381
13011,-0.0017477239528229105
13012,0.006216683907410498
13013,-0.0004544862217249878
13014,0.004595771854133887
13015,0.016504120287150308
13016,0.015157178013772032
13017,0.0011418010470975251
13018,0.005935691714627472
13019,0.0016200949494080772
13020,-0.0023625811805448333
13021,0.003272909302323483
13022,0.0018639775537100788
13023,0.0012882378262321081
13024,0.0030827919975155993
13025,0.0008529790666987006
13026,0.0017653437512562837
13027,-0.001171192992094075
13028,0.013980925814017567
13029,0.003145663726951825
13030,0.003435370719149424
13031,-0.0006998097911129295
13032,0.004063483280320204
13033,-0.0007029390060613698
13034,-0.0018221588835098598
13035,0.003671457544740308
13036,0.0006710420135415465
13037,0.003102179348640363
13038,0.0015915686384230278
13039,0.007399748718348274
13040,0.003965866237355335
13041,-0.0014758022887225043
13042,0.0019441493872897446
13043,-0.002605039964019378
13044,0.015815181713964534
13045,0.008990304900960859
13046,0.00019714979509974188
13047,0.006983606910234953
13048,0.0026041373093124535
13049,0.005466948006531091
13050,0.0006445469212205956
13051,0.0019803114167524886
13052,0.004194134175786304
13053,0.0009867652564211227
13054,0.01164827589342422
13055,0.008524840122323202
13056,-0.00021159278266080772
13057,0.008775914984991164
13058,0.008208510118936588
13059,-0.000798533902445539
13060,0.0011110692912080777
13061,0.003072495058182311
13062,0.008918838896570032
13063,0.00023483364836881897
13064,0.002139300472634654
13065,-0.00023333101818550847
13066,-0.0020752031496916335
13067,-0.0030206800867325478
13068,0.005239041528313872
13069,0.0018620507500382109
13070,0.0010076948276532688
13071,0.0037385222840669932
13072,0.0023549969353007447
13073,0.011267029067975429
13074,0.01586375735949533
13075,0.0009068357096523767
13076,0.006511673127054064
13077,0.0006613038294324865
13078,0.005714789522232994
13079,0.020921222555943742
13080,0.0059051625545965165
13081,0.008394235730444906
13082,-0.0003658673221158832
13083,0.0024555705062953292
13084,0.010286834493101506
13085,0.012840981390520145
13086,0.00973038307334842
13087,0.0026321824423258637
13088,0.011454427015811498
13089,0.005681204220813266
13090,0.000448980584876189
13091,0.009153688991646192
13092,0.01427334320613111
13093,0.011733808836903881
13094,0.00030732080836260757
13095,0.014971757617095786
13096,0.0005395101534386802
13097,-0.00038233006907429333
13098,0.01067304356312506
13099,-0.0013469581312877156
13100,0.0033856033627836166
13101,0.006809142422008516
13102,0.0018386642166618138
13103,-0.0013010548199329508
13104,0.004697356955594673
13105,0.0031397128379170337
13106,0.0015764687385702563
13107,0.00018915786821439157
13108,0.0019216158620239433
13109,0.012168210044128127
13110,-0.00012666955553200694
13111,0.006707119382312672
13112,0.02302889352547841
13113,-0.0027225214373743645
13114,0.0018150212215364264
13115,0.00457939699900365
13116,0.00013065104681844047
13117,0.013724779413460397
13118,0.0021314431907803223
13119,0.008172394281168109
13120,0.0024364018288619282
13121,0.01702485239183893
13122,0.003548995177842365
13123,0.01620093558169071
13124,0.006936151900441341
13125,-0.0016059740123710343
13126,0.0003484861218773141
13127,0.005560279173702817
13128,0.006925942847637173
13129,0.02113873711645078
13130,-0.0022147715689263287
13131,0.011820809511762603
13132,0.02342908767664689
13133,0.013778500625738994
13134,0.004113190070459915
13135,0.008897281921089337
13136,0.006481841915421772
13137,0.01163926698021565
13138,0.0009860767035211222
13139,0.005942454784154012
13140,0.014505023397747108
13141,0.009713679162424153
13142,0.005679083427168809
13143,9.505172557266496e-05
13144,-0.0010456978390019581
13145,0.0036323817841421094
13146,0.006156282742485031
13147,0.0021564830380257707
13148,0.003711487824202886
13149,0.004492950200457115
13150,-0.0011299951037271796
13151,0.002775508215411525
13152,0.00029051474489117345
13153,-0.0026969074601402004
13154,0.004591336506065087
13155,0.010508874872509448
13156,-0.0014201070580188192
13157,0.007806707025669282
13158,0.02535110996500137
13159,-0.001274043621210379
13160,0.002006099939133872
13161,-0.002865093194810304
13162,0.007385977987175156
13163,0.0025033415263665433
13164,0.015203165470148845
13165,-0.0009191454404718462
13166,0.007365867870332617
13167,0.002970257053611619
13168,0.00019741707372833775
13169,0.017330596071152397
13170,0.006778522343855318
13171,0.01851898865794502
13172,-0.0017506900887316532
13173,0.017994432960285873
13174,0.009345667758643633
13175,0.0028292248206422815
13176,0.010206911584458765
13177,0.00454883934402792
13178,0.002821605500176433
13179,-0.00298229118905669
13180,0.004957677771979117
13181,0.0019043887329071429
13182,-0.001594165630820198
13183,0.013667037786751872
13184,0.004248132871304499
13185,0.003497170867234462
13186,-0.001837813673340384
13187,-0.0035158040812685865
13188,0.006536945107714593
13189,0.0037898394354104956
13190,0.0026108570462660685
13191,0.003078990156889932
13192,-0.0014128382157213414
13193,0.010620104097090702
13194,0.003494211181823071
13195,0.011219704759595283
13196,0.01584484030361586
13197,0.0004501863978833929
13198,0.004662368446573147
13199,0.000383619873003168
13200,0.0074570698228956685
13201,-0.002154600943878735
13202,0.0005914471797954356
13203,0.0015708059202921027
13204,0.0028064053086280967
13205,0.003547087171644911
13206,0.0015394353658308088
13207,0.006993393377196337
13208,0.004217337586298442
13209,0.006129359835687305
13210,0.004730075533620436
13211,3.3778481713689704e-05
13212,-0.0018891168676298045
13213,-0.00266643285611207
13214,0.00011506250926339619
13215,0.003476341534678941
13216,0.0010421642979910918
13217,0.003834393683330356
13218,0.00548079742892385
13219,0.004760504050014113
13220,0.003149516266617993
13221,-0.0012004360957218723
13222,0.008570453623842095
13223,0.003713893185086352
13224,0.0005770209988893056
13225,-0.0010289531868058737
13226,0.0007257780765438822
13227,0.005047976282685083
13228,0.002660038951782344
13229,0.0022171214478573648
13230,0.004744971465140677
13231,0.0023579134792383917
13232,0.001940561350908511
13233,0.01038327951006986
13234,0.002189777085558304
13235,0.0012167787331143227
13236,-0.0025771167117495664
13237,0.01852700765551103
13238,0.0001168529529259471
13239,-0.001571458191553807
13240,0.002974158788105894
13241,0.004408799128793956
13242,0.014565109746808053
13243,-0.0035014054965420097
13244,0.0022154674922139246
13245,0.0011074614005575564
13246,0.0016982667278914662
13247,0.003021718108255342
13248,-0.0029699448677601385
13249,0.005694917023860411
13250,-0.0012942348047021036
13251,0.0046196141796899515
13252,0.003456601923377621
13253,0.011269959538241874
13254,0.01739978318774758
13255,-0.00032753949731085044
13256,-0.0029541163100258363
13257,-0.002785438081571478
13258,8.915718432248552e-05
13259,0.008731984943956266
13260,0.0023255567450301863
13261,-0.0004210751563020476
13262,-0.0008294637615181549
13263,0.007297612891569105
13264,-0.0015760494318606388
13265,0.0036978798242115266
13266,0.01333659679739561
13267,0.0020271701821727058
13268,0.016256222884440466
13269,0.006913295266187176
13270,0.006963410386964759
13271,0.02052858488633211
13272,0.001985222177209374
13273,0.00242073961921516
13274,0.00014056220821923732
13275,0.0009942657404030976
13276,0.009329513601276474
13277,0.00012180866532516058
13278,0.004785427383398065
13279,0.012682855165040204
13280,0.017117924398258363
13281,-0.0007502142008255792
13282,-0.0014753733236716575
13283,0.0011944397584463754
13284,0.007290276163368893
13285,0.005665440395960293
13286,-0.0014110439022590668
13287,0.0018164497012529007
13288,0.016202946835110928
13289,-0.0012839365686053896
13290,0.0009806063493346569
13291,-0.0014535505301171425
13292,-0.0006911211842937671
13293,-0.0026145287557353906
13294,0.004388608281956932
13295,-0.0006344430967561293
13296,0.004574503840733046
13297,-0.0024635467007336504
13298,-0.0022620969550935788
13299,0.006754705262758332
13300,-0.00020077853522053497
13301,0.005336649486687807
13302,0.002725019531387901
13303,0.0023451937840790263
13304,0.016099067880923586
13305,0.006428721211755736
13306,0.006648323683549159
13307,0.005607727207735287
13308,-0.0017619433285923011
13309,0.01029870509032731
13310,0.024531692247490303
13311,0.006993926484453811
13312,0.003074976204290404
13313,0.0011739952850783626
13314,0.011789972082893955
13315,0.003504825280273814
13316,0.002918005156419306
13317,0.006378846717639455
13318,0.0059067426840021045
13319,0.02626252502926806
13320,0.011548082037967953
13321,0.002947226533561307
13322,-8.710572699098702e-05
13323,0.007639099986832688
13324,0.0018314851897709358
13325,0.007827362729646768
13326,-0.000174557817745535
13327,0.007215480503404412
13328,0.012457804405628135
13329,0.0049805782902405775
13330,-0.0011524867385453944
13331,0.006983939036452738
13332,-0.0013604226883007758
13333,0.008290450769607507
13334,0.0073159782621805385
13335,0.006339675963534214
13336,0.008518265808177761
13337,0.015808124498948167
13338,-0.002359556992964036
13339,0.00040142413782925587
13340,-3.1911815418679546e-05
13341,-0.0007834573620549654
13342,0.0009191372803822335
13343,-0.0004776645993076773
13344,-0.0013567563322968035
13345,-8.078495786376962e-05
13346,0.003025274204662025
13347,-0.0028605736427385117
13348,0.006342297938105
13349,0.011127902905126469
13350,-0.001484927554595391
13351,-0.0004389333161217094
13352,0.0036075283597045704
13353,-0.0005109765845590867
13354,0.01696111254804137
13355,0.005607338829712906
13356,-0.002707825355835268
13357,0.011462279718280254
13358,0.004530713155313972
13359,0.004847936335845501
13360,0.004485891353675532
13361,0.007355208892886236
13362,0.0006997340432877124
13363,-0.0027407166106211637
13364,0.004629767086223351
13365,0.00886830634196208
13366,-0.0004377689049871337
13367,0.004718549751034824
13368,0.004597295758452757
13369,-0.00213678458207079
13370,0.01163785672506994
13371,0.00721007177606494
13372,0.004148252824363676
13373,-0.003349029375868581
13374,0.000918779887985265
13375,0.0008835480656947427
13376,0.005608631842649963
13377,0.01137047963765487
13378,0.0008378000953059191
13379,-0.002633878940510632
13380,-0.0004652033585589334
13381,0.0006592564398951988
13382,-0.0017649015365469138
13383,0.00851880558405315
13384,0.009477536188975653
13385,0.00047714051821027247
13386,0.0012195346910307235
13387,0.008381314761421167
13388,0.009057360298142171
13389,0.006312075592745509
13390,0.0017727451260426044
13391,-0.0018661851081874879
13392,0.005487898987345894
13393,0.00011912325347437046
13394,-0.0017897884529717977
13395,-0.0011935091332789284
13396,0.0027143213020547965
13397,0.0015072681297842415
13398,0.009897456648206647
13399,-0.002780422714656415
13400,0.008203703471244606
13401,-0.001907636390231903
13402,-0.000743679987309306
13403,0.005398493260984908
13404,0.0010332595962269566
13405,0.007524692243783659
13406,0.008851998407668316
13407,0.008447147148357086
13408,0.01983026789586727
13409,-0.002123199067447925
13410,0.008986432978795339
13411,0.009097015276313535
13412,0.015312265960725054
13413,0.0009626422545158022
13414,-0.00025575721647646925
13415,-0.0014778046541835243
13416,0.004529671993685855
13417,-0.0032484052113658252
13418,0.005822363629554839
13419,0.008338040516690723
13420,0.003142628300818049
13421,-0.0005754347204467315
13422,0.0034546603694389916
13423,0.003527252254288061
13424,-0.0002245677123553589
13425,0.005518747647618609
13426,0.010577401958619937
13427,-0.0024223190944485246
13428,0.009097879279336099
13429,0.004770437487906835
13430,0.0021011135754352706
13431,0.003516131279087103
13432,0.006833830288177498
13433,0.0025683536929733894
13434,0.012467939041135932
13435,-0.001526690926874458
13436,-0.0009295794586015975
13437,0.00817152404223799
13438,0.005538311997979346
13439,0.009378114350207748
13440,0.0016847671223849756
13441,-0.002680248303345784
13442,0.0013285547167417103
13443,-0.0025755207189577193
13444,-3.506719531123047e-05
13445,0.012423840078028658
13446,0.010118233384347457
13447,0.005633713818752717
13448,0.010240213992426007
13449,0.0030285194566500827
13450,-0.0015255103109963076
13451,0.003567120226007813
13452,0.007570824521410183
13453,-0.001531718499947203
13454,0.0035275882136615658
13455,-0.0023284967862797976
13456,0.0016525601110202789
13457,0.006870446555897351
13458,-0.0012048016166723002
13459,-0.00035467959854726915
13460,0.008533065761241802
13461,0.00045234398833295976
13462,0.0009446000064813557
13463,0.0011827271212286414
13464,0.0025174152515762306
13465,0.011282667073397215
13466,-0.00043609469975935435
13467,0.0026083002248324626
13468,0.00774284024035056
13469,0.0024725799667291055
13470,0.001938673154722726
13471,-0.0023533266935699473
13472,0.0004214745239772
13473,-0.0010690016226310908
13474,0.0004748970867391733
13475,-0.002150790370946962
13476,0.0014038393788698006
13477,0.004338144197621043
13478,0.0015526233788777117
13479,0.006378452346818973
13480,0.0014210493948285316
13481,0.00833768732577515
13482,0.010017615578740612
13483,0.004237814646895079
13484,0.0010062131748452517
13485,-0.0011104569772762453
13486,0.001696559157470072
13487,0.0021753046234955255
13488,0.018293979444447783
13489,0.003365544749703013
13490,0.003736615033179798
13491,0.012292409586954246
13492,0.0025649005775713746
13493,0.0034454775658854866
13494,-0.00019032466987334642
13495,0.015886067262413362
13496,-0.0004516254087750318
13497,-0.003530212040291832
13498,0.0007979582077302216
13499,0.0029820525805106524
13500,0.016793081825489796
13501,0.010561200035767038
13502,0.008781516088455212
13503,-0.0007635914968650709
13504,-0.0008909407831189896
13505,0.007328201431801917
13506,0.002030934479645287
13507,-0.001899321324161065
13508,0.0031092175544847507
13509,0.012936500821229008
13510,0.010083007834032476
13511,-0.0021580928566239978
13512,0.00560713452145601
13513,-0.0010940515301623138
13514,-0.002000998707128679
13515,0.007240943585508086
13516,0.007562272751185102
13517,-0.002171061982305862
13518,0.00485101058036912
13519,0.006409681293417031
13520,0.003829015733626675
13521,0.0033545125626384398
13522,0.0041145436888641515
13523,-0.0015446727533819423
13524,0.0014889229596493445
13525,0.0035101188878440513
13526,0.019188741010389563
13527,0.014784542452387361
13528,0.000497884215585484
13529,0.005805493214541112
13530,0.0034655499471445243
13531,0.003752269181297875
13532,0.0005251630573620165
13533,0.005235105125125827
13534,0.012366313980379528
13535,0.0024535264241314636
13536,0.005658736474968801
13537,-0.00034934042334474474
13538,0.0072753250001425344
13539,-0.0005683002982420759
13540,0.014233455541542456
13541,0.001709582895082112
13542,0.0072405103499753425
13543,-0.0015468680668647133
13544,0.003448846604757992
13545,0.002573699696416687
13546,0.005574109107115043
13547,-0.0014845823701890373
13548,0.005130623409289509
13549,0.0013238160695342328
13550,-2.773918594049969e-05
13551,-0.003254796840863076
13552,-0.0018695100026998451
13553,0.0016406740060655612
13554,-0.003007737959123227
13555,0.0015304403212289854
13556,0.0018905322014478067
13557,-0.002370100281701289
13558,0.00243958709216097
13559,0.011173582559996766
13560,-0.0025303945482918495
13561,0.006032536250614343
13562,-0.00035424154695019514
13563,0.003553722449470397
13564,0.023939756059112898
13565,0.0018180983906623902
13566,0.01001747965374579
13567,-0.0006851258476505331
13568,-0.002404026965809691
13569,0.011703504902874393
13570,0.01041293544004359
13571,0.0032535906853240204
13572,0.011059203792156636
13573,-0.00024203712532427923
13574,0.011660692336161533
13575,0.00816636842655151
13576,-0.0023204613150678774
13577,-0.0023179245459041126
13578,0.001140456443694619
13579,0.0020552858181070548
13580,0.017879774369261494
13581,0.005140248869361635
13582,-0.0007749230463249754
13583,-0.002546659698289008
13584,0.0004796970763220349
13585,-0.00013037925598392494
13586,0.0052396940371890605
13587,0.0006678662493531072
13588,0.0056254895161784065
13589,-0.0022218521830374427
13590,0.006983218905652934
13591,0.005915333530488821
13592,0.0028499952794048614
13593,0.00331029609423774
13594,-0.00142483984384798
13595,-2.9819247334885585e-05
13596,-0.0007675073011619484
13597,0.0020776293008743056
13598,-0.0004069383810291257
13599,0.02214810587736647
13600,-0.0011512522479632786
13601,-0.0007252473015157516
13602,0.0014285984162294048
13603,0.0028246167990740173
13604,0.008218327520088671
13605,0.004292266446460882
13606,0.0008278927329873238
13607,0.004376350243310557
13608,0.021077427937220523
13609,0.005869712802986003
13610,-0.0007090693157244463
13611,0.002209597482454761
13612,0.009350597450449829
13613,-0.002321158391456555
13614,0.0007948026234923834
13615,0.013679609418266306
13616,0.010081316662550719
13617,-9.126142375704555e-05
13618,0.00780837234070144
13619,0.004123400645855181
13620,0.002345008966898505
13621,0.003222376801941512
13622,0.036930088773458325
13623,0.006736415521325652
13624,-0.000751373361066612
13625,0.0017478454926473218
13626,0.005747635928064987
13627,0.001520175716290659
13628,0.006109331288004265
13629,0.008754783652986153
13630,-0.0016605824759386503
13631,0.0019515572516220075
14834,0.0007070381028079428
14835,0.0016862907567462317
14836,-0.0028336706995900473
14837,0.0014180939825011538
14838,0.005519684887953638
14839,0.007420452404999167
14840,0.011265557919906358
14841,-0.0018823994270169842
14842,0.002385420470773319
14843,0.005773999371822568
14844,0.0091118419207771
14845,0.011199691718732918
14846,0.0021549651231727064
14847,0.009270139654483749
14848,0.005528373274605654
14849,0.0029096425365709652
14850,0.001512088864796866
14851,0.00373910409864844
14852,-0.002318605379147267
14853,0.013542704216145271
14854,0.0011472651150454469
14855,0.001533379321891638
14856,-8.067015064027773e-05
14857,0.0052460020022026335
14858,0.0029687002127946373
14859,0.013046071187453729
14860,-8.831480839169292e-05
14861,0.00430009205598568
14862,0.007513151559533662
14863,0.0013147479621941124
14864,-0.002124203162079957
14865,-0.0001497558582002189
14866,0.01155108931646557
14867,0.004589617209458417
14868,0.005922582003694797
14869,0.007658455521708272
14870,-0.0024843034078407475
14871,-0.0030927944511253136
14872,0.0034222519002421042
14873,0.0016317713353444004
14874,0.008436619096907037
14875,0.01614946968270841
14876,-0.0020983455069318365
14877,0.0010196687829061458
14878,0.0013159484212034722
14879,0.0030739918842517013
14880,0.00752011302412545
14881,0.0007823873378241929
14882,-0.0013011847287482912
14883,0.0022737155283822294
14884,-0.00230000784076056
14885,0.010961904295200584
14886,0.0004919091574301301
14887,-0.00023751308811546454
14888,0.005287466585251574
14889,0.00028115857180795525
14890,-0.0025898734413278956
14891,-0.0022636501424223437
14892,0.004093444978973786
14893,0.027670217491999567
14894,0.002482497502548354
14895,-0.0011631855353600104
14896,0.005342892770497494
14897,0.0031422512310976675
14898,-0.00022042966801979168
14899,0.0031305145212186455
14900,-0.0015788949890900017
14901,0.0007727730516931784
14902,-0.0012532053249612752
14903,0.002436709688292415
14904,0.002585930188971179
14905,-0.0007319678686513124
14906,-0.0021310791683873606
14907,0.008557834091060746
14908,0.0003743064518086769
14909,0.005048736716444728
14910,0.007169522947382028
14911,0.007682403767211743
14912,0.010442235862233092
14913,-0.0024356521823205423
14914,0.0038473364221880517
14915,-0.0006244978075173463
14916,0.0009799635010258791
14917,0.002159717864962017
14918,0.0022120405772562968
14919,0.006071298359338298
14920,0.004744060840212151
14921,0.0062941601075022155
14922,0.007483968796312919
14923,-0.0001989284114936804
14924,0.000905157378036793
14925,0.005539224766877852
14926,-0.002774760827004622
14927,0.0007607595642712874
14928,0.0009035818539085035
14929,-0.001224263224886557
14930,0.0060731569507454335
14931,0.0019769525597630178
14932,-0.0018044365001109175
14933,-0.0008983915349556944
14934,0.010033740218216188
14935,0.0013324956885359899
14936,0.017475535463861824
14937,0.006736485727022866
14938,0.0026503347104368837
14939,0.004777697858606166
14940,0.00047410991735633186
14941,0.009121183960944048
14942,0.005288436806579481
14943,0.00011422955294022354
14944,0.0013896798896306968
14945,0.008733233289226861
14946,0.0012358458614679727
14947,0.009162444195250325
14948,4.647726517442198e-05
14949,0.007416219906124084
14950,0.006224088233129244
14951,-0.0009496872199031194
14952,0.006256397961341628
14953,0.01546767734787487
14954,0.0013458285315768159
14955,-0.0004612881628613605
14956,-0.0024189999042461986
14957,-0.00033263625743939866
14958,-0.0016306891398854308
14959,-0.0003632728939260109
14960,-0.0005230618714586466
14961,0.003529049718368052
14962,0.009997507873208338
14963,0.01689157830952771
14964,0.003378076847923586
14965,0.01030608963257773
14966,0.014158874880137624
14967,-0.0009329499464897171
14968,-0.002215023065525743
14969,0.005632366947514039
14970,0.009108140362544141
14971,-0.00021424918574247144
14972,0.012732752515131538
14973,-0.0007809256758443527
14974,-0.0018941026981679609
14975,0.003005945178565464
14976,0.004244010882215456
14977,0.005492552452534917
14978,0.004060589762063829
14979,0.0007850929394209328
14980,0.00034402625997756106
14981,0.0008458078125507772
14982,-0.00041207316128712666
14983,0.010648735059145854
14984,-0.0001197405743546022
14985,0.004731468018000031
14986,0.008707472728214954
14987,0.00593339959155257
14988,0.02243792143242188
14989,0.006236585401056125
14990,-0.00025475481144683274
14991,0.007471864561632971
14992,0.0029120584933590467
14993,0.007819611640588111
14994,0.003563226065887517
14995,0.006279066254247127
14996,0.0023041974606704263
14997,0.003196617308746569
14998,0.004965556287127179
14999,0.0008280543321891806
15000,0.003933971414905136
15001,0.00591302896020815
15002,0.009925420463040558
15003,-0.0009974722029379678
15004,-0.0011063984082034344
15005,-0.00106284693434687
15006,0.0045002690574669525
15007,-0.002137769736419142
15008,-0.0010552170744563515
15009,0.0018903476983697601
15010,-0.0011333612700542683
15011,0.002971338811164133
15012,0.0005760880132663435
15013,-0.0030541790691082805
15014,-0.0013705950138011135
15015,-0.0007819962619330899
15016,-0.0008520876084995056
15017,-0.0019861065363303895
15018,0.00017922325721584503
15019,0.008848434715564738
15020,0.0009926968356413369
15021,0.001047617853801936
15022,0.005634499771970249
15023,0.016836431612005643
15024,-0.001154157669421627
15025,0.007574227057917417
15026,0.00213635913991108
15027,0.003918014405037744
15028,0.0015857944000983067
15029,0.005264730483213381
15030,-0.0009006956891301193
15031,0.004846621456847781
15032,0.0007676325046521559
15033,0.012981748029451345
15034,0.0040606761883139365
15035,0.010214786364753353
15036,0.0011116955480386468
15037,0.003149089184884702
15038,0.005598981910761084
15039,0.0036707787094352497
15040,0.0022687973811494726
15041,0.010810404493464165
15042,0.008362842772451997
15043,0.003096437395460179
15044,0.0022052174053001465
15045,0.004708909531897419
15046,-0.0012957584390922393
15047,0.005996890447958304
15048,-0.0026619976064733344
15049,-0.0007080597827717802
15050,0.005603506652237689
15051,0.014718334045618113
15052,-0.0022976658476884307
15053,0.00487759041342193
15054,-0.0008554137413794207
15055,0.005335549562539885
15056,0.003817891283637298
15057,-0.0010952926429037974
15058,0.001138107945564083
15059,0.0047235986463586045
15060,0.001343951782680767
15061,0.002536341162142953
15062,0.0026346794318280985
15063,0.010159668080549421
15064,0.007867510180048564
15065,-0.0010787149237865088
15066,0.010376816566823571
15067,0.0008893909266570934
15068,0.006095155396744992
15069,-0.003076490046130878
15070,0.0018812024062428677
15071,-0.0029311190948399547
15072,0.010208083015787378
15073,0.009151395568345648
15074,0.0007719042029423369
15075,0.00282836314747352
15076,0.0026549849571857465
15077,-0.0013322081430712247
15078,0.005105376281267622
15079,0.013106038201186138
15080,0.009512814838478136
15081,0.019984665195808698
15082,0.004109717159563351
15083,-2.319784576348613e-05
15084,-0.002012459285220241
15085,0.0046239228752229175
15086,0.0065749957885010285
15087,0.004947823245390011
15088,-0.00035427264358801544
15089,0.01002467160168831
15090,0.006767904771113151
15091,0.006036085472383022
15092,-0.0015338404286875228
15093,0.00831414310787158
15094,-0.002124433137706742
15095,0.0002722881438479239
15096,0.005625353469543206
15097,0.009190059414219364
15098,0.008308780247787674
15099,0.009818990397991414
15100,0.017590687331525866
15101,0.005035574505606339
15102,-0.0024680411279389292
15103,-0.00039667319107503443
15104,0.010596922873517794
15105,0.006711558600376644
15106,0.010851637406156505
15107,0.006060425972886776
15108,0.010632679025786834
15109,0.012452410173316275
15110,-0.0020671887577881354
15111,0.0015996343024163306
15112,0.00315677935027767
15113,0.013986570929868304
15114,0.0018887858951593967
15115,-0.0005646220296633055
15116,0.0034946072942355286
15117,0.003610629760419374
15118,0.0003164027594361619
15119,0.003980836061793128
15120,0.0024706074347236526
15121,0.009992893552572532
15122,0.006450338741628047
15123,-8.383989436711557e-05
15124,0.0046753895510821646
15125,-0.0028177202024662427
15126,0.002498484348126627
15127,0.004544544004877211
15128,0.0026592536568217084
15129,0.020416634932160563
15130,0.000492953724458331
15131,0.0013506894765379258
15132,0.0002909102634023313
15133,0.015748239728588957
15134,0.016102555837272384
15135,0.00281760424792369
15136,0.001447505148726361
15137,0.008057533907348029
15138,-0.0008336953180197691
15139,-0.0008273320543541584
15140,0.005143603810939357
15141,0.009176458539174585
15142,0.001567981656180292
15143,0.002082208046451983
15144,0.006711214107586239
15145,-0.001990587002383165
15146,0.008430898560448326
15147,0.0036628798538314786
15148,0.01796749917407037
15149,0.006350065824520381
15150,0.0033884460598116763
15151,-0.001550947289115208
15152,0.0011300532864453264
15153,0.0107358450846287
15154,0.006301686901971276
15155,0.00318875165089132
15156,0.0068496389828410775
15157,0.01031101373221973
15158,0.02314935077710562
15159,0.002973387912506207
15160,0.00696488031682704
15161,0.002966650999436958
15162,0.01904790845322703
15163,0.01130912983188068
15164,0.004401727600448192
15165,-0.001355325134336954
15166,0.014769075480942643
15167,0.009522064217098673
15168,0.00026887753465651247
15169,0.007198690861953495
15170,0.0026284160173994688
15171,0.007110968874730051
15172,0.015038875219161696
15173,0.007754093008409922
15174,0.0061418171676201755
15175,-0.001515079044962564
15176,0.006251362914067082
15177,0.007394832503093685
15178,0.00013413822936366067
15179,0.02072310626989832
15180,0.008431900776421378
15181,0.0005604425738783749
15182,0.011447476041891214
15183,0.012185251936488551
15184,0.004226427213670128
15185,0.011685733208133518
15186,0.01312825853161859
15187,0.014193683617260432
15188,0.0034807961262845223
15189,-0.0022928893964695874
15190,0.0036343652844386676
15191,0.004276822454560618
15192,0.005932594730845241
15193,0.014876206407602476
15194,-0.0004230680566579218
15195,0.0008260460066482397
15196,0.0030271103654791118
15197,0.014316934898724404
15198,0.008799853540354993
15199,0.0017317970462604384
15200,0.005119737210346077
15201,0.016404799822892568
15202,0.010861675272170815
15203,0.002696927635349417
15204,-0.0005052870609777143
15205,-0.0014511331629143455
15206,-0.003083291185383681
15207,0.008303083075168645
15208,-0.0025506335417134728
15209,0.009415918001069338
15210,-0.0025764208835755056
15211,0.002926323343360855
15212,0.009441647883510595
15213,-0.002425184629393628
15214,0.0012331918783331786
15215,0.008753941617711133
15216,0.01016633152915859
15217,-0.002905367077740355
15218,0.005790984048828718
15219,0.012354494053563123
15220,0.000911072214304573
15221,0.013752943192328192
15222,0.00608119402375102
15223,0.0019395381290098143
15224,0.014464930307844865
15225,-0.00040815182372911686
15226,0.010203595751457677
15227,-0.001701628422520772
15228,0.0033496975601606735
15229,-0.0008848481518487234
15230,-0.001077459975095254
15231,0.011503411666435048
15232,0.022868960677066588
15233,0.012766855057701865
15234,0.011654582174769203
15235,-0.0021519018715553968
15236,0.005032255074689913
15237,0.006628852270052395
15238,-0.000684619293082226
15239,0.017047272542000287
15240,-0.0016263999803260293
15241,0.015761026717084875
15242,-0.0016599266188039134
15243,0.012497531341037184
15244,0.014685579335979613
15245,0.003749214184864128
15246,0.001447928582040148
15247,-0.0020682440621765143
15248,-0.00044922049960157036
15249,0.006170822909846222
15250,0.00957230342023355
15251,0.007640312777057293
15252,0.00792047734622656
15253,0.0004785766149136162
15254,-0.0021148242977185507
15255,-0.0014334265216955824
15256,0.008296591061421166
15257,0.005971440753764396
15258,0.008520276748761053
15259,0.02364565511428821
15260,0.01693520847813363
15261,0.00529776983927777
15262,0.0012030119126079774
15263,0.01679979982283531
15264,-0.0009874322812190896
15265,-0.0008523915794097833
15266,0.005470641070280717
15267,0.0027761558254110787
15268,0.005556146730928326
15269,0.0023868177849452263
15270,-0.0019249471494324818
15271,-0.0028518626400991197
15272,0.01223470896591303
15273,0.00517714218986557
15274,-0.00020160816547751086
15275,0.005969109800025785
15276,0.004523624215214326
15277,0.018137766879674003
15278,0.0019180349840701057
15279,-0.002788433498747101
15280,0.004923535550422756
15281,0.004668251539791661
15282,-0.00015331908992215725
15283,0.0012961914957034248
15284,0.006665552424483221
15285,0.004550525925350105
15286,0.0013194316331022003
15287,0.0036222747862260825
15288,-0.00016744213139693008
15289,-0.0008950311198992946
15290,0.019678267498968508
15291,0.0036129343551117056
15292,0.0017696119948137773
15293,0.007029641892949384
15294,0.01127674915781193
15295,0.011988512702815493
15296,-0.0020713355102611204
15297,0.012687858756949746
15298,0.0002638032750100494
15299,-0.0003041346170448364
15300,-0.0016310386973823875
15301,0.015517759509911844
15302,0.0011334242022716812
15303,0.005037542411676133
15304,0.005436994262834317
15305,0.0022363343589844042
15306,0.014452403199598531
15307,0.013112252263141975
15308,0.002842179700633451
15309,-0.0019743916754329394
15310,0.014303494148478105
15311,0.004877464494085
15312,0.013352179022139955
15313,0.0035976591494129677
15314,0.00549280853574631
15315,0.0013785490662677185
15316,0.002618123716346142
15317,0.003673821686026986
15318,0.0007477574943141954
15319,0.009092206637228137
15320,0.009225523971592046
15321,0.0027761540916483203
15322,-0.0016829773987054285
15323,0.007465268497463189
15324,0.005209022465938445
15325,0.003720321310594025
15326,-0.0014271094228943421
15327,0.014720551247926334
15328,-0.0021428005097418566
15329,-0.0033017921964462217
15330,0.002649356891817785
15331,0.009366991133266701
15332,-0.002283002918445142
15333,0.010659169092217674
15334,0.031242584793657834
15335,0.009378830412388173
15336,0.002701306769229736
15337,0.014634382746326051
15338,-0.002417348760103636
15339,0.01190940053786924
15340,0.006476915226068795
15341,-0.002188516147524482
15342,-0.001647685455967952
15343,0.020604604770321496
15344,0.010593418205048125
15345,-0.0006722403597019758
15346,0.011377258122363808
15347,0.0162890676193858
15348,-0.001091416784499498
15349,0.012112061492601894
15350,0.007600744959242851
15351,0.013482416230647259
15352,0.010187459060983658
15353,-0.0006836689587061979
15354,0.003524555639243615
15355,0.00640105980795223
15356,0.0032630091077788803
15357,-0.0026720446488443534
15358,0.011026300922175124
15359,-0.001251261366533465
15360,0.0030568124353577975
15361,0.008639880913780654
15362,0.006438908193502246
15363,-8.912613271138542e-06
15364,0.010095386394899684
15365,0.010738041722247169
15366,0.002915859102880624
15367,0.01352282154693192
15368,0.002986410648109422
15369,0.008569042741553793
15370,-0.0023062752838060273
15371,-0.0029939459943254306
15372,-0.00030890515141249186
15373,0.012145699886860796
15374,0.0036075746161688717
15375,0.021887821693042254
15376,0.01636756711470462
15377,-0.0019262425632130872
15378,0.012537934535440266
15379,-0.0016740089573226372
15380,-0.001616680068073778
15381,0.012019069924523906
15382,-0.002613432519410916
15383,0.012312191062636913
15384,-0.0018732615768483913
15385,0.002746571063972334
15386,0.002340251780335194
15387,0.005354558386977994
15388,-0.0015284275701175926
15389,0.007363551577395249
15390,7.590144697572007e-05
15391,0.011133697015358164
15392,-0.000698818759066076
15393,0.0045692584227046175
15394,0.0015647235362460897
15395,0.01898028249056796
15396,0.003035797445654645
15397,0.000383078583825967
15398,-9.047746904159056e-05
15399,0.002126327326280479
15400,-0.0007362060775016142
15401,0.0025401927122093056
15402,0.004035009122616541
15403,-0.00029127849092459683
15404,-8.319927237399743e-05
15405,-0.002306087989032103
15406,0.0034973584543734927
15407,0.0004680183256925933
15408,-0.0026707170956279374
15409,0.006568498488279076
15410,0.01521828072192137
15411,0.007762481900219977
15412,-0.0004902018680215427
15413,0.005530784123396918
15414,0.01019445689111102
15415,0.0005939661645681348
15416,-0.0019711650373176043
15417,0.0032127011351690445
15418,-0.0028458616685641744
15419,0.00211117497588793
15420,0.004211289168113745
15421,0.0038819284163897905
15422,0.006634864017137702
15423,0.008305038355037823
15424,0.0034117577066402373
15425,0.0015435119395814864
15426,-0.0017304558790320456
15427,-0.0008182444515512054
15428,0.001995324933360503
15429,0.0036321280856823415
15430,0.011118170944869544
15431,0.0032306861329855496
15432,0.010314180551809961
15433,0.0025435899758116595
15434,0.007723605665152424
15435,0.004110770228231635
15436,0.004302863052386117
15437,-0.0006227289701399141
15438,0.00710157444597679
15439,0.011199307047747784
15440,0.0043375301726493246
15441,0.008881208053730341
15442,0.008268526545088188
15443,0.004322884907178342
15444,-0.0003319350369093907
15445,-0.0018124879465554727
15446,0.0014487313396869522
15447,-0.0009698519239252131
15448,0.010853728164274525
15449,-0.002777124747756328
15450,0.003101223445250996
15451,0.014508934713980286
15452,0.0003218966216251753
15453,0.0011323036370064366
15454,-0.0026428442875584945
15455,-0.0029210262195167053
15456,-0.0030239576757178574
15457,0.0009853418480056716
15458,-0.0010480001002700409
15459,-0.0020458458612819235
15460,-0.0002260948210446173
15461,0.0011726968363110716
15462,-0.002113901637254457
15463,-0.0008059917506346853
15464,-0.0005394369856046594
15465,0.005990442169109919
15466,0.004835693541436453
15467,0.016534810212305365
15468,0.014719234375992762
15469,0.008126713733135865
15470,-0.0006400111419568259
15471,0.005531050063995655
15472,-0.0009387534041974555
15473,-0.0011481547133122584
15474,0.019668274619561565
15475,0.008900515954162552
15476,0.007897407717185993
15477,0.005697161618106621
15478,0.002957924248989458
15479,-0.00014384731805050684
15480,0.004631851377913412
15481,0.0010584960927844129
15482,0.0021564882239111134
15483,0.009818477029443128
15484,1.9307111844776154e-05
15485,0.0027775106079331834
15486,0.0014201250495939483
15487,0.011716831709820373
15488,0.001186847493241442
15489,-0.002111092176876413
15490,0.008525338106595712
15491,0.012639564459749265
15492,0.00047498898482565416
15493,0.015588611880019986
15494,0.010797266557209053
15495,0.0016115692792817871
15496,0.008143584975691686
15497,0.00639963646210805
15498,0.007342856799313607
15499,0.0018860986694142282
15500,-0.002301856006551986
15501,-0.0024926458379186753
15502,0.006667965064731281
15503,0.0034740547189995863
15504,0.0076440151936214736
15505,0.008314954436431876
15506,-0.002275124479079493
15507,0.007599291061145437
15508,0.008913956317922998
15509,-0.002183936168781134
15510,-0.0008786731044134587
15511,0.0014956486717088747
15512,0.008965143714008902
15513,0.0010184116510416619
15514,0.0018810033177207586
15515,0.018004375151447195
15516,0.0013869479879427254
15517,0.008981425595764564
15518,0.005289721703392151
15519,0.00463640637561016
15520,0.010035697668328493
15521,0.006448145247894419
15522,0.0008179351282112373
15523,0.009279842564703513
15524,0.00862277670120088
15525,-0.0014392597670714134
15526,0.0018017044183603614
15527,-0.0023294410227757793
15528,-0.0013816682039230616
15529,-0.0010160218243061014
15530,-0.0017004601559239933
15531,0.00500557226401235
15532,0.005578558506856526
15533,0.003438827417129066
15534,0.0009703108558642703
15535,1.363613493719773e-05
15536,0.004030868363196851
15537,-0.0016025404988333578
15538,-0.002390670780656976
15539,0.008428035932971749
15540,0.0018324961051534184
15541,0.0007390425989538471
15542,0.012355172906934123
15543,0.0050073661993634555
15544,0.000156910215762281
15545,0.004959509651872661
15546,0.007339770984380229
15547,0.007142115871493486
15548,0.001965148566114343
15549,-0.0024265798356308387
15550,0.0037708352250168525
15551,0.0112955768676271
15552,0.014925983621075431
15553,0.002838227762349932
15554,0.006024265374311059
15555,0.0067122647309433014
15556,-0.0013208735873270535
15557,0.02387799985806315
15558,0.004924553757504994
15559,-0.0007899537648116389
15560,0.01458058055417941
15561,0.013925650202432884
15562,-0.0018415246027037018
15563,-0.0030355344950786373
15564,0.0011821399208017357
15565,0.006217871435401669
15566,0.00406585552682194
15567,-0.002889650225314209
15568,0.019850520681966254
15569,0.006810861117756535
15570,0.03715884005493256
15571,0.009320991433080572
15572,0.004638640666330834
15573,0.011698758500850788
15574,0.00389027207928715
15575,0.010125718641795723
15576,-0.001460807045735528
15577,0.012436945163209572
15578,0.0022167156348047584
15579,0.003748739323281427
15580,0.012863889177233294
15581,-0.0022223725363809035
15582,0.007011926639749935
15583,0.01770656816780931
15584,0.004684606220381714
15585,0.004186490750629532
15586,-0.0009232366918686917
15587,0.003120282938363809
15588,-0.0031714720422971795
15589,-0.0002624116978201009
15590,-0.0018335115934696028
15591,0.004294838352257732
15592,0.008220531288787875
15593,-0.0021989583650324027
15594,0.010127884384629575
15595,0.009959311073155813
15596,0.0010228241853122294
15597,0.004578369885021388
15598,0.004825456239155153
15599,0.006496837755568297
15600,0.0013425364329610091
15601,0.006221158456179644
15602,0.0031620980526576407
15603,0.012978752974809923
15604,-0.0023193179631281185
15605,0.02366988829256268
15606,0.0032848489844018586
15607,0.009525091443618978
15608,-0.00269966364030977
15609,0.002354589322152434
15610,-0.0021923807759138807
15611,0.003954837946625121
15612,0.000918803480680578
15613,0.0074891893353343925
15614,0.0030913746176453177
15615,0.018269757781039692
15616,0.0044277604117443255
15617,0.008153381759770296
15618,0.011049858046259443
15619,0.022073258607033384
15620,-0.001503346249462292
15621,-0.0012501753000461416
15622,-0.001995302734371353
15623,-0.0012677711086370499
15624,0.005116559380637754
15625,0.0023185766128035745
15626,0.009146689061775577
15627,-4.90715279672857e-05
15628,-0.00028930592795098527
15629,-0.0017104073128318738
15630,-0.0009772152492648276
15631,-0.0014968598334875686
15632,0.00416251520732213
15633,0.00565571881434148
15634,0.01782884862031858
15635,-0.0017019392055048783
15636,0.001771985128527732
15637,0.018435335484258467
15638,0.004206356480578342
15639,0.002127081018116192
15640,0.01317199816256574
15641,0.0034350875648243087
15642,0.0026717145396035966
15643,0.002680253530207108
15644,-0.0030165050339087812
15645,0.004918379115360971
15646,0.0074892488850143435
15647,0.0006374124765886561
15648,0.0027337256663709265
15649,0.00020865332402223227
15650,0.005053604213816884
15651,0.014947299089078412
15652,-0.0022251665509644396
15653,0.005962533183712194
15654,0.010310380091771092
15655,0.002812657194913061
15656,0.005196192364781787
15657,-0.002516889896080239
15658,0.014667895431549088
15659,-0.002495288478398805
15660,0.0026383820692746814
15661,0.00014844543937081282
15662,-0.001626667103643108
15663,-0.0007277202584694206
15664,-0.0020751415666495545
15665,-0.00039125830096627644
15666,0.008854544118467561
15667,0.0031860078443045232
15668,0.010465972982625225
15669,0.004020573564472087
15670,0.00290247483774151
15671,0.011885424878350113
15672,-0.0010150763137505257
15673,0.0022858370675373323
15674,0.00517377828813801
15675,-0.0018502119070384088
15676,0.0028339401015797863
15677,0.0013034899565899805
15678,0.0064576257181072
15679,0.004915582349266822
15680,-0.0019863817396987577
15681,0.001905182026287977
15682,-0.0014555678532042916
15683,0.004452419004120977
15684,0.002003094402855697
15685,-0.0023823846578126667
15686,0.014525773666443597
15687,0.009410750473180282
15688,0.024724853979879887
15689,0.01862365021724766
15690,0.006772024618796484
15691,0.004096696826084521
15692,0.003478766797406798
15693,0.005263483084552219
15694,0.007248032638946338
15695,-0.0027781734512090754
15696,0.004653483639562507
15697,-0.0022423216940345245
15698,0.011229298850315057
15699,0.0026461802199644613
15700,0.00819483286315921
15701,0.007207478011987116
15702,0.008697343783463086
15703,-5.711830476684901e-05
15704,0.0010270102105975516
15705,0.007505781168080015
15706,0.0038572025414387243
15707,-0.0019986433386306283
15708,0.005569458666622
15709,0.005260747952195659
15710,0.014859386879703732
15711,0.0004949067308168496
15712,0.0010990114153865485
15713,-0.0013716049865896071
15714,-0.0020870358800090284
15715,0.002734849284003426
15716,0.004784240580404039
15717,0.008851551730041873
15718,-0.0019273615932308853
15719,0.00034917833505726005
15720,0.005274710344128658
15721,-0.0008165418586843012
15722,0.00461185574968306
15723,0.000283452630401089
15724,0.00204761259538825
15725,-0.0037775576269074886
15726,-0.0020078382200551196
15727,-0.0030799938397523766
15728,0.022286194547775837
15729,0.014866755358482135
15730,0.0010138960224013432
15731,-0.0007725529276478311
15732,-0.0015456745716685618
15733,0.0022672740671595623
15734,0.007706389534559287
15735,0.0036759577183188355
15736,0.003929057945999331
15737,-0.0018869283713937937
15738,0.00177734323420186
15739,0.021728910346089415
15740,0.00873871985655466
15741,0.009658425789330495
15742,0.003391833489177161
15743,0.010339475113785399
15744,0.0017218697143436493
15745,-0.002440969154519376
15746,0.004036743123967356
15747,0.003684471514653731
15748,0.007091687139833203
15749,0.004719217774592853
15750,-0.0016479488118971899
15751,0.01370461167906225
15752,-0.0035052830071383937
15753,0.0022884616062079748
15754,0.0023180429022811554
15755,0.0017093427030543742
15756,-0.0006768834783543835
15757,0.002291909000797822
15758,-0.0028379797096155825
15759,-0.0002511160348207739
15760,0.015850657439104368
15761,0.004479923576262486
15762,0.00557739931802307
15763,0.015724227263313243
15764,0.00291780519406893
15765,0.013365316664018329
15766,-0.0007218651820848718
15767,0.0010761422055963234
15768,-0.0019335693863986227
15769,0.018543429355082356
15770,0.011530030400027279
15771,-0.0010120520784322826
15772,-0.0002897439344332099
15773,0.002631753614598085
15774,0.007844025213554803
15775,0.0023662904860071894
15776,0.0012847954952086797
15777,-0.0030012188469723065
15778,0.007750101873305153
15779,0.0029948533880969005
15780,0.0007002517675434184
15781,0.0018933508175473374
15782,8.74847820940116e-05
15783,-0.0005202043944106532
15784,0.006720452605208056
15785,0.01135885054817478
15786,0.009578961628594038
15787,0.0048111424500045935
15788,0.011923272715835896
15789,-0.001376025202499978
15790,0.015135482547372073
15791,-0.0028788840619766495
15792,0.009070573792268083
15793,0.00040872157976299707
15794,0.0008533218637146976
15795,0.00240329491441894
15796,0.012240605703919567
15797,0.00346781356004585
15798,0.006808278527730714
15799,0.009411128970036646
15800,0.006766233385800482
15801,0.007492281488372953
15802,0.005652170538443357
15803,0.0016946484410027985
15804,0.002539316547983308
15805,-0.0022412894093198025
15806,-0.002521031610778872
15807,-0.0005742961874759065
15808,-0.0005879332791565786
15809,0.012246854300991435
15810,0.012341898004562275
15811,0.012233147314917647
15812,-0.0025957627110056013
15813,0.012097889296391863
15814,-0.0013382019727983755
15815,0.003492641321834758
15816,0.021103399845864308
15817,0.005085407257070008
15818,0.001802342303311437
15819,-0.0016178317157802113
15820,0.011895610189708927
15821,0.0005755241968041988
15822,0.0034713528102225423
15823,0.004372923356403768
15824,0.009039869327933145
15825,0.0001470099519172846
15826,0.0025050278376007942
15827,-0.0009541875762230992
15828,0.009527018914352613
15829,0.005310556319229897
15830,-0.0017195837529345916
15831,0.010651003643989531
15832,0.0031427849964003884
15833,0.0036483630283626715
15834,0.012802237972245507
15835,0.013132437796886748
15836,0.00192095391391996
15837,-0.00025357734728553155
15838,-0.0020833038025114946
15839,0.00515294910796597
15840,0.001370304066657951
15841,-0.0003536134518587423
15842,-0.0008309665157564192
15843,-0.0009810705361839814
15844,-0.001765874484937013
15845,-0.0006166292526303529
15846,0.003671203922489173
15847,0.014745614307621741
15848,0.008921108202109982
15849,0.004142570606538838
15850,-0.0007398895286252639
15851,0.022134405882855913
15852,-0.0004895152287880088
15853,-0.0008956229920708825
15854,0.004156528238828405
15855,0.007766626986361637
15856,-0.0019444777938292992
15857,0.0009505598492193356
15858,0.0019121091027912672
15859,0.01395063512310674
15860,0.005240077884067142
15861,0.014701492482223695
15862,-0.0018610487492197111
15863,0.0013290982014563853
15864,0.0002474221382378957
15865,0.009524890284633016
15866,0.005657527728490607
15867,0.0033487471582031372
15868,0.012383081735137268
15869,-0.0017220908640180575
15870,0.002235129356124896
15871,0.0034966741183687228
15872,0.006512374310912786
15873,0.004521054308526874
15874,0.025869791914449363
15875,-0.0026969293828424754
15876,-0.0023033287665823257
15877,0.0040395172828650815
15878,0.004694073577549293
15879,0.02647884712161579
15880,-0.001260518802889814
15881,0.008890091958334671
15882,-0.0011025643543262353
15883,0.009334939516138369
15884,-0.0014974375113089907
15885,0.006210392735551528
15886,-0.002390556144264172
15887,-0.002250874113968118
15888,0.008427787762870328
15889,0.014571223151617657
15890,0.0025988530259389263
15891,-0.0004188023112583258
15892,0.008597676032438276
15893,-0.0025478502434461633
15894,0.009384201615058412
15895,0.008278798902389712
15896,0.0012874612626139498
15897,0.0008551634303840001
15898,0.0009096794416431526
15899,0.0057181689213234785
15900,0.008842486115971715
15901,0.006848483136266709
15902,0.0012935504922195074
15903,0.0009480905094390556
15904,0.008797890574500259
15905,-0.002293611163236743
15906,0.011550493746749674
15907,0.010459129833191836
15908,0.002694555490445151
15909,-0.0006070137010508406
15910,-0.0016113310233537553
15911,0.00470787910645367
15912,0.0035250172872275214
15913,0.006293895834802485
15914,0.0030963654966319545
15915,0.012327842822562829
15916,0.015108376942182741
15917,0.002860728557710194
15918,0.0014142711102928859
15919,0.00525229570302466
15920,-0.001628066265455497
15921,0.011334006053296774
15922,0.007896494988821879
15923,0.0024214976649887393
15924,-0.0021202374551674077
15925,0.004104549470040221
15926,-0.0025169061889379098
15927,0.0012686432481032045
15928,0.008695579981900663
15929,0.007165402588671679
15930,0.010059428963939784
15931,0.010342827496785837
15932,0.00028489971417134004
15933,0.004333697765512533
15934,-0.0028732689097649613
15935,0.013873868609716795
15936,-0.0020172252356950963
15937,-0.0015560627003841782
15938,0.007448561665529683
15939,0.016414364713375946
15940,0.0048937552256273185
15941,-0.002192373103690845
15942,0.005536487830901715
15943,0.014499430941612271
15944,0.009722694800489217
15945,0.014788155187693101
15946,0.0025381342193492376
15947,0.010326549664775041
15948,-0.0005075544895218713
15949,0.009116935246732162
15950,0.0031433192614872124
15951,0.005357523470998753
15952,0.005489104955780484
15953,0.011172667907293772
15954,0.0024555152477357296
15955,0.0029019330653978874
15956,0.00853558061020273
15957,-0.0011743232458006191
15958,-0.0006502838502115381
15959,0.013049698869008898
15960,0.006152365076584575
15961,0.005397282442970625
15962,0.008230368989469876
15963,0.00021060333567634974
15964,0.0002899521601419531
15965,0.015129127271465266
15966,0.005574901400303655
15967,0.001806622297127013
15968,0.00468471993949059
15969,0.00687315169829799
15970,0.018205170029227568
15971,0.0005294272897862079
15972,0.0002620497499171426
15973,-0.0007560275191435626
15974,0.008483675967746705
15975,0.00727790532522804
15976,0.010187453623342248
15977,0.0062158616598895905
15978,0.002520588613374966
15979,-0.0019881998840439227
15980,0.0028666857539381453
15981,-0.0012664721095132277
15982,0.0007789881171888832
15983,0.006045925094974015
15984,0.0038196440901047436
15985,-0.002480648280135986
15986,0.009674564663534488
15987,-0.0033890166159980927
15988,0.0025444243337108437
15989,-0.0012283529169768211
15990,-0.0012066596962327387
15991,0.004036036066233543
15992,0.006294951462450106
15993,0.00046742472330658404
15994,0.0009891019182361235
15995,0.006919916722075908
15996,-0.0024196315195652764
15997,0.018091544774872504
15998,0.00547178381154749
15999,0.006035232083928296
16000,-0.0017432611789791174
16001,0.002482935647355005
16002,0.013800779291966846
16003,0.0062112301666472775
16004,-0.0002536394733783677
16005,-0.00017552940315878653
16006,0.010998921140677635
16007,-0.002319655110734835
16008,0.006952535411750109
16009,-0.002333084315176889
16010,-0.0011504548620392147
16011,-0.001652642422939098
16012,0.0058331330737891075
16013,-0.0023308378693104887
16014,0.0013795147848577657
16015,-0.00023367523866566972
16016,0.00856005368123242
16017,-0.0007862359457705189
16018,0.00440302907914707
16019,-0.00023124952693478508
16020,-0.0005818695844670724
16021,0.0022644791332717754
16022,0.0025732525872968273
16023,0.025710834619011944
16024,0.007540879999899559
16025,0.001975537620032327
16026,0.012199983359521029
16027,0.004099334432528762
16028,0.002954049302883798
16029,0.0010070361469631164
16030,0.002160510084242607
16031,-0.0019664460456570547
16032,-0.001395939021589434
16033,0.0023112746832627575
16034,0.009420160580772354
16035,-0.002312941571925655
16036,0.004089079709604017
16037,0.00119676708606304
16038,0.015132516049179423
16039,0.00832644102735721
16040,0.02287624544884317
16041,0.01091857381706626
16042,0.0044166193439921266
16043,0.006811179894456499
16044,0.0004883238367598148
16045,-0.0010155116794081775
16046,0.0012923613900678779
16047,0.0010820219636028805
16048,0.017254400425669218
16049,0.008536012559516994
16050,0.0016230977424935168
16051,-0.0001293045951757544
16052,0.0034456204383491
16053,0.000988401271615839
16054,0.003032189020927202
16055,0.0033755913081941757
16056,-0.0009236977245601595
16057,0.0036368914920220027
16058,0.0032390258738147007
16059,-0.0013656534616901961
16060,-0.0006256630585248345
16061,-0.002360514923335385
16062,0.004080256328098279
16063,0.00676966812043207
16064,0.006785090603240972
16065,0.003013660330422649
16066,0.005036372513498904
16067,0.001697233717010617
16068,0.011141746306376939
16069,0.00013249895413746347
16070,-0.001599206121406356
16071,0.008121050306879606
16072,0.005378025113447569
16073,0.003662331784918222
16074,-0.0004450414649746562
16075,0.017086053205658598
16076,0.002801128815156838
16077,-0.002565127603868924
16078,-0.0011921839484660638
16079,0.025129282492590405
16080,0.005544097778917796
16081,0.004035544556938626
16082,0.011419787582216161
16083,0.0020645932905725348
16084,0.006689969755200524
16085,0.0026155186357210286
16086,0.0006917277555375332
16087,0.009047894671604773
16088,0.012331881445526327
16089,-0.0015206961194447338
16090,0.010444532187768786
16091,-0.002670848781002032
16092,0.006250173498526919
16093,0.022477221025667824
16094,0.007593732436147083
16095,-0.0005951581814363262
16096,0.010168960869105664
16097,0.011486600385361256
16098,0.012449643864729108
16099,0.0006553519940783962
16100,0.001968111530821371
16101,0.008271496723379613
16102,0.00880481570856946
16103,-0.0024820116240058462
16104,0.00884868907465907
16105,0.005330884869156088
16106,-0.0002455938423070979
16107,0.013083701780224232
16108,0.006215932810630268
16109,-0.0026916122220837814
16110,0.0013773817948417588
16111,0.008490767283178664
16112,0.0002502321241460194
16113,0.005128860344529657
16114,-0.0019741861780009935
16115,0.00773002633104846
16116,0.0027303966714849297
16117,-0.0007368791668036796
16118,0.001559048869452703
16119,0.0007752600118952121
16120,0.001813122121982787
16121,0.0029933790626201426
16122,-0.002701751488940517
16123,0.005138416829578957
16124,0.014566097280828843
16125,0.0012222178631174085
16126,0.02058697469445032
16127,0.007657491632758823
16128,0.002957566421367054
16129,-0.0028441938730270917
16130,-0.0031022517233677514
16131,0.0019093453671018383
16132,0.0023046260002872396
16133,-0.0004003302335677233
16134,0.003763871152415315
16135,0.0020963827189226514
16136,0.0024880169457832738
16137,0.0033153204553969112
16138,0.0038601638879470525
16139,-0.0001881663143179918
16140,0.005293279815453557
16141,0.004479316050666687
16142,-0.002576742418530323
16143,0.005210252723053071
16144,-0.0007621994408377013
16145,0.002462877720994412
16146,0.009371813968589104
16147,0.014969345877241271
16148,0.0005323158611533797
16149,0.001162195806886165
16150,0.013036573106547291
16151,-0.0006277710788493221
16152,0.011871551544647588
16153,0.004238572806739609
16154,0.008851140935524065
16155,0.002571270102141164
16156,0.0037570737568743268
16157,-0.002288205605052926
16158,0.0035920655560598425
16159,0.006968807721492658
16160,-0.0008083017781551939
16161,0.0083027648713602
16162,0.0006400977591186543
16163,-0.0016547066592652194
16164,-0.0013802232108178197
16165,0.010991966968033066
16166,0.009875590544222615
16167,-0.001268086879922187
16168,0.008614874284655336
16169,0.001945532204160931
16170,0.0017206731024432455
16171,0.009900188267145824
16172,0.01853258365831138
16173,0.009465637301002455
16174,0.0020675391589745074
16175,0.0040267126734900155
16176,0.010290211796516128
16177,0.006828219417384915
16178,-0.0016548760881113442
16179,0.005754508376314457
16180,0.0005973258938077614
16181,-7.769693436983881e-05
16182,0.0036818664660530145
16183,-0.0027500795784649677
16184,0.0024447941977396824
16185,-0.002153052594016193
16186,0.002988430047784086
16187,0.0002529028236527859
16188,-0.0004061308958523708
16189,0.009511223309107392
16190,0.0007501249275890833
16191,0.00988367047541754
16192,0.004061547379121379
16193,0.007987605158600745
16194,0.0028659907750538116
16195,-0.002532514019331739
16196,-0.0017224499844399714
16197,0.002291520379104881
16198,0.007254812730139105
16199,0.005972792293372078
16200,0.009268822144522643
16201,0.008814184787780593
16202,-0.00011842721409948895
16203,0.009942794924895488
16204,-0.0019455381403143505
16205,0.003133588579489966
16206,-0.00012204252955513688
16207,0.002353020156388958
16208,0.0006175768761238001
16209,0.0076929769835291685
16210,-0.0026169218715676405
16211,0.005865665831155872
16212,0.018026883209898755
16213,0.006056248503017642
16214,0.0033963609123440278
16215,0.0023332530673489706
16216,-0.002082720773890089
16217,0.0002593257832670028
16218,0.0010301858205310384
16219,-0.000615950650916396
16220,-0.00045382585930820243
16221,-9.07672523600897e-05
16222,-0.0014155096943122124
16223,-0.0005981827303996913
16224,-0.0034696678698265676
16225,0.004000112857566896
16226,0.011557419555169732
16227,0.0005977213166346272
16228,0.00048516895923986225
16229,0.0016716658812400472
16230,0.002201240394341608
16231,0.002091505784066739
16232,0.01055141309289373
16233,-0.001294262166811621
16234,0.007678592802116975
16235,0.0004755476823525267
16236,0.0024354066535729364
16237,0.008184587028319663
16238,0.010577993768564532
16239,0.011142471673226961
16240,0.014882244182836624
16241,0.009931527493346366
16242,0.002600538025404848
16243,0.010558902946359479
16244,0.004195453739850658
16245,0.001991968358676058
16246,0.0002720966336671876
16247,0.0013610119429299863
16248,-0.0018298711374390361
16249,0.005677104400905488
16250,0.0018693974971755525
16251,0.00047865935558114546
16252,0.005307890471963967
16253,0.006949064147128616
16254,0.001004277085749239
16255,0.0026507758092162784
16256,0.005860131483634054
16257,0.009153064040525526
16258,0.004731885043829227
16259,-0.002120914884028732
16260,0.0015419136345138883
16261,0.004455327347606845
16262,0.00205370070996096
16263,0.005402924557194037
16264,0.020738926959732406
16265,0.0015645305795167347
16266,-0.0014998137419008177
16267,0.001925343502526447
16268,0.0025194322132800484
16269,-0.0014383470083278536
16270,0.014448077365142812
16271,0.006536350538024933
16272,0.008542764666458758
16273,-0.000838632684437313
16274,0.010401887299700104
16275,-0.0012354223499744642
16276,0.005223805063847797
16277,0.0019428938879600434
16278,0.0017274884073480122
16279,0.003955679904236488
16280,0.009805022317274186
16281,0.0027424696352174004
16282,0.0016985322843473954
16283,0.00042688867892288
16284,0.001532471420057838
16285,0.008223846183004185
16286,-0.0028241017484615504
16287,0.002576353393822537
16288,0.0064602380012999915
16289,-8.737773836314973e-05
16290,0.0045581283545462516
16291,0.002773760892190131
16292,-9.278340256106167e-05
16293,0.01447412153363991
16294,0.0071756275554405065
16295,-0.0004727089726116948
16296,0.002809033661273056
16297,0.007259402997625428
16298,0.0008638802445064143
16299,0.014493554982791944
16300,0.005792374064625173
16301,-0.00030234122604586196
16302,-0.0018498001350130185
16303,-0.0006595668811672645
16304,0.013293399739890258
16305,0.0015381075096814537
16306,0.007019851647932791
16307,0.0018532535828772144
16308,0.0018248540105465748
16309,-0.0012537759895590358
16310,0.00766821857501819
16311,-0.0018542559621794654
16312,0.002102688237956861
16313,-0.0002889947483652802
16314,0.019001210411323567
16315,-0.001407691036803549
16316,0.009395227087774644
16317,0.006403439388020831
16318,0.014902699847796266
16319,0.00017948226045338272
16320,0.009348232079585989
16321,0.015985483006157892
16322,0.0041230803087313195
16323,0.0056669641261580805
16324,-0.0008310273083087655
16325,-0.002769293090592831
16326,0.0011487162028055616
16327,0.004741503409221814
16328,0.004020302623616693
16329,0.009075226998948239
16330,-0.000168058612615523
16331,0.002025774157075059
16332,-0.0024686425139348166
16333,0.001583479933362589
16334,0.002553155309092666
16335,0.0035456070675996335
16336,-0.001849038637113819
16337,0.0038170305211784814
16338,-0.0005546954896949591
16339,0.0021053185583046613
16340,0.014877173646544301
16341,0.010194590880891474
16342,0.003206258842328724
16343,-0.0004885391167067515
16344,-0.0005655227458180121
16345,0.0028330033861498558
16346,0.0023091482885962966
16347,0.0033087458787382854
16348,0.006666670733361423
16349,0.0006549240599269413
16350,0.005069877231244864
16351,0.01190242428316747
16352,0.00736626110247755
16353,0.005103851746210461
16354,0.0014436244758439278
16355,0.007948838112376191
16356,0.010869641943170895
16357,0.010238324828727045
16358,0.01679567544365702
16359,0.010108324546537716
16360,0.010527652909603103
16361,0.0011168910260225522
16362,-0.0005189749680599241
16363,-0.0011514365413544461
16364,0.005470302132165782
16365,0.010387981707644593
16366,0.007101354297989724
16367,0.0034438462739754157
16368,0.019768916958949893
16369,0.007233750306761384
16370,0.0021781736375283793
16371,0.002045224227591489
16372,-0.00264316283588111
16373,0.009704156851787708
16374,0.0037129819264677295
16375,-0.0004695297040004341
16376,0.002270126538716645
16377,0.007730314742195751
16378,0.004158697284226777
16379,0.0019027605976732111
16380,-0.0028683892827388643
16381,0.006170257239008752
16382,0.00784022102033867
16383,0.004802884103985383
16384,-0.0009609472637614712
16385,0.016700055662918576
16386,0.007868411364144505
16387,0.008139650340787008
16388,0.0016958053862334479
16389,0.025192879888287754
16390,0.0008421712527683662
16391,-0.0019955157237055206
16392,0.0006953826997793695
16393,0.005713862841090999
16394,-0.0035956300020808483
16395,0.01496048159245281
16396,0.00046451369617174845
16397,0.012108493571817983
16398,-0.0009540722523945656
16399,0.011308365275564971
16400,0.002731417405973161
16401,0.0013498488324791731
16402,0.0051405777096877395
16403,0.010417230858630583
16404,0.00557741172388132
16405,-0.000663439915850033
16406,-0.0020664696462459973
16407,-0.0018619948891625843
16408,0.008461336721625821
16409,0.003042928586943973
16410,0.007251348347584303
16411,0.00887301336084851
16412,-0.0015573698807930178
16413,0.003740036614880461
16414,0.0015160301941177807
16415,0.01218573894959809
16416,0.007515456671309997
16417,-0.0008481382941739196
16418,0.017654366612454963
16419,0.008018932352979818
16420,0.0038487476911881653
16421,0.021696803326250413
16422,0.009756570755434162
16423,0.0007627121518300316
16424,-0.0017382921235719537
16425,0.001837706811189995
16426,0.007134730650005902
16427,-0.001323813779475335
16428,0.003491196325133738
16429,0.0061794078778146105
16430,-0.0005294093444186427
16431,0.002258696422292192
16432,0.005339490091508969
16433,0.013431212233643845
16434,0.009530060266046868
16435,0.0034291090452608607
16436,0.006487374040295049
16437,-0.0013340748237920304
16438,-0.0012859675584964356
16439,0.00028431799455755184
16440,0.006428548292445348
16441,0.011763443864588132
16442,-0.0017593417602659398
16443,0.01489377030055582
16444,0.010804094431024737
16445,0.007617185843045229
16446,-0.0031452345713967305
16447,0.0027515081989006804
16448,0.0011190554582022044
16449,0.008981140717973006
16450,0.01207278922482553
16451,0.014021706699305334
16452,0.003302179665568481
16453,-0.0028645096566241694
16454,0.007250391650136755
16455,0.007576937790746169
16456,0.00169881798285142
16457,-0.002448900054995644
16458,0.0010652366760491843
16459,0.005226965264857324
16460,0.0004636709155962822
16461,0.007750843180479163
16462,0.01091741703765815
16463,0.0026069787127874847
16464,-0.0005941730863190334
16465,0.012939967225200102
16466,0.0035564837204643297
16467,0.022443459745775194
16468,0.007701167540353517
16469,-0.00014666743706285776
16470,0.0019061530266833663
16471,0.004459735027613994
16472,0.01155052231973978
16473,-0.002031021661645451
16474,0.006441607936361237
16475,-0.0016943152079295486
16476,0.000346014704386801
16477,-0.0022364731235303935
16478,0.01109042619268737
16479,0.0016079903176347415
16480,-0.0008184834620776002
16481,0.012760490914999634
16482,0.0045163670574025795
16483,0.004647221711908629
16484,0.004155215656014323
16485,-0.0020473503484738104
16486,-0.00034096424385277393
16487,0.0014497098664215426
16488,0.003354853652425903
16489,0.000762745343526959
16490,0.005497098057764077
16491,0.0011863230321450102
16492,0.018708119063360732
16493,0.008175232853192091
16494,-0.0011224098340310816
16495,-0.0021465212709694346
16496,-0.000781621411338855
16497,0.0018961585619584938
16498,0.016393671453779544
16499,0.005206090403489499
16500,-0.0013612275755331398
16501,0.01352720132823269
16502,-0.0012424306295991932
16503,0.0049817512563755
16504,0.009585156589625998
16505,0.010510613007950018
16506,0.005603470867142704
16507,-0.0021915144757383657
16508,0.006484686131499662
16509,0.0012912096993157613
16510,0.015460721376650315
16511,0.006355232951471088
16512,0.005531458694741299
16513,0.008428338665629666
16514,0.003062296782371566
16515,0.009427498371947805
16516,0.0037292219687130763
16517,0.00217566047719173
16518,0.007236281084814795
16519,0.004093755750826537
16520,0.003187373864265656
16521,-0.00039978027310805415
16522,0.0045928032750966845
16523,0.002066916707580989
16524,0.02680242026890699
16525,0.008658058221264628
16526,0.005143010388165309
16527,0.003523692673001566
16528,-0.0008125572146784402
16529,0.009662276648071524
16530,0.002294380431275035
16531,-0.00232660444270018
16532,-0.0016020189075966404
16533,-0.002039990608564796
16534,0.002908719189449651
16535,0.006476504602784511
16536,0.00432507861775747
16537,-0.0023081118379966493
16538,-0.0028631146699560506
16539,-0.00115126449101563
16540,0.008618537941258456
16541,-0.0010887193444516219
16542,-0.000824630490393911
16543,0.0035423731732978705
16544,-0.0019680327936998435
16545,0.004081093543772427
16546,0.0006176559398923809
16547,-0.0018525138877081779
16548,0.0011948414535497727
16549,0.0014816551589961046
16550,0.0026190531546110597
16551,-0.0007418364976473791
16552,0.009867531925673505
16553,0.004005008058012866
16554,-0.002758129325623004
16555,0.004779467335534842
16556,-0.0015030947466934449
16557,0.016953120765067352
16558,-0.0014360568746149636
16559,-0.0028283383264228416
16560,0.01379153109968909
16561,0.004977121294948338
16562,0.0004953330285912012
16563,0.0001654974694729125
16564,0.0002965398455481022
16565,0.007830618314572935
16566,0.003524806725537198
16567,0.013813862841984471
16568,-0.0023881601165900383
16569,0.012953994186286934
16570,0.0018362574890589765
16571,-0.0017512887958865478
16572,0.003826259090870039
16573,0.003245720557187158
16574,0.0020790252547429403
16575,-0.0008901102522315824
16576,-0.00041536800324415944
16577,0.01170126249992523
16578,-0.002191823268041364
16579,0.022461979167168297
16580,-0.003198133776430549
16581,-0.00205892561253908
16582,0.0017597158026092206
16583,0.0034838905076971932
16584,0.004297067274775447
16585,0.005430999373546699
16586,-0.00012371869924316173
16587,0.010963046808766048
16588,0.00018610582701539258
16589,0.011873161823760772
16590,0.00331429230786294
16591,0.008184150811756542
16592,0.006180500304284037
16593,0.005030429208508054
16594,0.02268023035534705
16595,0.005564473783635664
16596,0.013122865946389554
16597,0.0012410995552703894
16598,0.0020511594531540667
16599,0.00048029569922243727
16600,0.004209559810112871
16601,0.006786727984376219
16602,-0.0023442802069025635
16603,0.0023548677118350736
16604,-0.0023445935636632453
16605,0.011234572053132531
16606,0.003463299391904158
16607,0.005434122023096597
16608,0.011234080437981506
16609,0.007179705745075083
16610,-0.0027527347813058045
16611,0.0009061319353812908
16612,0.006394256161661744
16613,0.005695298053767374
16614,0.0002490855756883247
16615,0.0011816013416185399
16616,-0.0031816869389509044
16617,0.004638892690786333
16618,0.0006260838153770484
16619,0.0015509853101091358
16620,-0.0005169219996621951
16621,-0.0016026701136565378
16622,0.019488998522114765
16623,0.00864754323982803
16624,0.00921074787622565
16625,0.00015989002223881082
16626,0.0019394356451478516
16627,0.007151143880612849
16628,0.0007454091175846233
16629,0.013908288292700598
16630,0.0006768681371529476
16631,-3.7592068731630984e-05
16632,-0.00024901668290154555
16633,0.004975966063838173
17834,0.0051153184525003816
17836,-0.0012042284726194556
17837,0.002981594470904434
17838,0.0014291288559491813
17839,0.0033225770628221643
17840,-0.0009058581215090188
17841,0.005274153257014653
17842,-0.001042013616208922
17843,0.006427357711112181
17844,0.00944768694245373
17845,0.0056402846721873776
17846,0.0006947934913259669
17847,0.003954316903148607
17849,0.008823419215909761
17850,0.0017988159073942054
17851,-0.0016897499753506812
17852,0.005568004751249082
17853,0.010283497537440012
17854,0.011803917558923294
17856,0.0006107918830362911
17857,-0.0015209145635807497
17858,0.00554008133130407
17859,0.006035342920578758
17860,0.004559862903419091
17861,0.0022398792915641237
17862,0.01056494796580629
17863,-0.003133257284787083
17864,-0.001047651695582557
17865,-0.000620869853248383
17867,0.0017003201031168137
17868,0.018873226812647036
17869,-0.00028437505669227404
17870,0.00011780995337043985
17871,0.0009031843248224619
17872,-0.002664642675962373
17873,0.005155093178597685
17874,-0.001901211694239657
17875,0.0007879562896184206
17876,0.001336525958706817
17878,0.007483435305930555
17879,0.008328632093516575
17880,-0.0030843728971780785
17881,-0.002448550237239614
17882,0.0174206215882372
17883,0.005450497261130605
17884,0.0004971590125989363
17885,0.013144802369069786
17886,0.0007221229911891208
17887,0.006528438915768153
17888,0.006426748200022928
17889,0.022995952170998573
17890,-0.0015958518844083006
17891,0.0008358918516442448
17892,0.0003229668332652355
17893,0.008534914212361418
17894,0.015517580595424397
17896,0.009156712710289207
17897,0.009162144677371246
17898,0.0006344192537570629
17899,0.005770318616958991
17900,-0.0009719163417420528
17901,0.0010321421725668946
17902,-0.0017259410037246768
17903,0.00469600954009361
17904,-0.0002998259237130055
17905,-0.00024258726509559375
17906,0.00510370688733619
17908,0.020388689203561332
17909,0.002511605193175191
17910,0.006492032962877106
17911,0.011761805734873513
17912,-0.0021046677058667654
17913,0.002222238461719008
17914,0.011206530139851682
17915,-0.0002602731847165182
17916,0.01316166858358437
17917,0.018714869506128048
17918,0.018222113588953374
17919,0.003899731074813704
17920,0.005597901863602168
17921,0.0009268713345498506
17922,0.0029324343161904916
17923,0.015405493586521688
17924,0.00568119626280781
17926,0.004052035012802581
17927,0.011320346577726785
17928,-0.002488091554336491
17930,0.00230720282209854
17931,0.005232925128127074
17932,0.008387268460738211
17933,0.011303426275811032
17935,0.006522364574244179
17936,0.00278512681401559
17937,0.001186102088110038
17938,0.005792237179792985
17939,-0.002381245418028779
17940,-0.0024838743316410103
17941,-0.0021794544405121935
17942,0.01384744133750384
17943,0.007188483097214458
17944,0.007268518423879638
17945,0.017214649531316725
17946,0.0012625571035045895
17947,0.003292956686102747
17949,0.0047604212982882595
17950,-0.00040641306221389853
17951,-0.00021657965684559327
17952,0.0037553983930640154
17953,0.024493021424811783
17954,0.0028881832880742406
17955,0.006073958042659627
17957,0.0072578524074617505
17959,0.021120637413682235
17961,-0.0021167546465109092
17962,0.010590051451961877
17963,0.006160072523298511
17964,-0.00156997673170616
17965,0.008805754217671862
17966,0.011300421900914917
17967,0.01077235173379899
17968,0.0017615951093629453
17969,0.00568589557198668
17970,0.0015248222990020127
17971,0.005733157482565993
17973,0.0031248465493062053
17974,0.0034688510650285435
17975,0.004113638682017917
17976,0.0077119261715396965
17977,0.0020593401211573097
17978,8.34890513845641e-05
17979,0.018103959117353133
17980,-0.0014655263472494965
17981,0.002935964384592
17982,0.006061690549499645
17983,0.007353132366786998
17984,0.020108804438933457
17985,0.004386400408687607
17986,0.002408598289070838
17987,-4.795757137368746e-05
17988,-0.0020229014591565085
17989,0.005663919627643402
17990,0.0012361959279898593
17991,0.0012935014831552058
17992,-0.0024127512255584255
17993,0.0003211969861180077
17996,0.018013097808802576
17997,0.009706444016577102
17998,-0.003235017514793286
18000,0.006412008370891103
18001,-0.0019999554074444214
18002,-0.0019366959491732977
18004,0.013495906273460492
18005,0.005961780158211215
18006,0.006308593652565728
18008,0.011403822238016656
18011,0.002102056853227525
18012,0.00999957330815399
18013,0.011290715612497875
18014,0.005435720433372846
18015,0.003279985737495026
18016,-0.002829358960463442
18017,0.006588055955070164
18018,0.0016780804079375693
18019,0.002385366527151076
18020,0.0008497959516283113
18021,0.001157459205801823
18022,0.0016326402247522631
18023,-0.002540292363661807
18025,0.0009297438535140409
18026,0.002309186852270304
18028,-0.0015379003193359067
18029,0.0011307466480227537
18030,0.006789096641639746
18031,0.0003536964362318481
18032,-0.003267950090114616
18033,-0.0017762953769641238
18034,0.0034206399546987884
18035,0.002675094873786324
18036,0.01716481743434231
18037,0.008100981067967868
18038,0.0007273410178308196
18039,0.0015749565260934767
18040,-0.002931796135785446
18041,-0.0015564343551327502
18042,0.0003908975497672537
18043,0.008072791643240016
18044,0.005585603488829759
18045,-0.0029930806720758485
18046,0.006624053947406894
18047,0.00516488988708937
18048,0.001434066390088657
18049,0.005481320950563948
18050,0.0035120833507480097
18051,0.003862330415421694
18052,0.0012413380972451545
18053,0.0011413453034737932
18054,-0.0030714815815627797
18055,-0.0020723967832506074
18056,-0.0005079684615722432
18057,-0.0013239240674597173
18058,0.0011348543464936092
18060,0.01637738787560752
18061,0.0005117866510732042
18062,-0.001942724031071076
18064,0.0013619091180354162
18065,0.014856865663756227
18066,0.011022892698994324
18067,-0.0009672906613872739
18068,0.0031754610997396307
18070,0.029885571222450075
18071,0.004281982264238263
18072,0.007441218725494379
18073,0.00607072310218168
18074,-0.0002300602246778135
18075,0.001192174370445602
18076,0.002484595232635268
18077,0.0023250299394710176
18078,0.000891947924511468
18079,0.0030090288052734004
18080,-0.0025402046956789527
18081,0.0012865333022382443
18082,0.023168383139112608
18083,0.017702182222419652
18084,-0.0007361394788707766
18086,0.00024360821544608217
18087,-0.0017489858930899976
18088,0.018126535306219032
18089,0.0023829299631369996
18090,0.014276251353554911
18091,0.0003386057264812125
18092,0.007362280874978054
18093,0.01027390967590221
18094,-0.0012876158167972364
18095,0.005430545534746402
18096,0.006858291622698201
18097,-0.0019582289710626324
18098,0.007456167218240137
18099,-1.1649757003500544e-06
18100,0.00021606740613472342
18102,0.004313487922888118
18103,0.005176536659495197
18105,-3.179651294199157e-05
18106,0.003056436710167223
18107,-0.0018709289828110001
18108,0.012303481610033758
18109,0.0070754019405377434
18110,0.005445715920296371
18112,0.007429889337554889
18114,-0.00040153094107771466
18115,-0.0018010756091805177
18116,0.0060840374329094275
18117,-0.0031187648900381313
18118,0.002230575697930764
18119,0.0036853128932738295
18120,0.00720357143373258
18121,-0.0015723249399905107
18123,0.015962174579300815
18124,0.001658039702785094
18126,0.016219770076096054
18127,0.005948624615262164
18128,0.00989342822306502
18129,-0.00021553367971357228
18130,-0.001038416288482804
18131,0.018469701420890713
18132,0.001988313625901548
18133,0.0002817100033681505
18134,-0.0023078609053433924
18135,0.006908085069767977
18136,0.002115741907063682
18137,0.009774976223240563
18138,0.008145037784637418
18140,0.0006126759234764568
18141,0.00022612559925320845
18142,0.004810822386733683
18143,0.00022897260358464323
18144,0.014276603744690683
18146,0.004328602886252544
18147,-0.0016708913313796502
18148,0.0038742413951300993
18149,0.0028256031904108463
18150,0.00937601965439791
18151,-0.0012118071565389282
18152,0.007430389281174874
18153,0.007706789920475198
18154,-0.0011746593354375404
18156,0.003122736222899221
18159,0.0047413810594998974
18160,0.00913560205487627
18161,0.0007341886253416155
18162,0.003745113394755986
18163,0.0033457273094870815
18164,0.0016759784576401721
18165,0.012071665576593883
18166,0.0030563280756786618
18167,0.000987661365698755
18168,0.00020584667002209248
18169,0.009461841846218386
18170,0.0004620125299835756
18171,-0.0005381680131693392
18172,-0.0031295657060450427
18173,0.009170498740725532
18174,0.006648547983905965
18175,0.0026238610057350287
18177,0.0021379850043642956
18178,0.010052326503515292
18179,0.002602553243451943
18180,0.00038801628174654247
18181,0.008618219867857192
18182,0.0035335544565466837
18183,0.0036900732738537542
18184,0.01235085651722052
18185,0.010244846364687435
18186,-0.0024205065768293267
18187,-0.002756500707508599
18189,0.00231798662943589
18190,0.007923204994086282
18191,-0.0009916040453937462
18192,0.009013446308513896
18193,0.0025592455872756464
18194,0.00483008726269565
18195,0.00401566767222504
18196,0.001304670385528275
18197,0.004359070989208475
18198,0.0013057359187763958
18200,0.02325095755508416
18201,0.003045491357254425
18202,0.006561163687617347
18203,0.0067421983782143535
18205,0.0047097010634782645
18206,0.006531795535959735
18207,0.005001573677762664
18208,0.008637544269647583
18209,0.0054825535249429305
18210,0.0012360894875379225
18211,0.003184343241049558
18212,0.0073031107833758
18213,0.005523346359901975
18215,0.003451034154358667
18217,0.010251048415041916
18218,0.0007728170245557414
18219,-0.0005084244845078179
18220,0.021882719874099548
18221,0.0032079888137989503
18222,-0.0017803036811271863
18223,0.0018277509415719467
18225,-0.0001249210611426587
18226,0.016962172174603867
18227,0.01351692632129977
18228,-0.0010084908215726041
18229,0.007903488431257245
18230,0.002421324891574903
18231,0.010608162568240466
18232,-0.00010185828384183006
18233,-0.0031306765347994692
18234,-0.002816726816050368
18235,0.009311346996034853
18236,0.02547748561491862
18237,0.006677256226073201
18238,0.0034749696065106764
18239,0.005825937898697977
18240,0.0012414159865360777
18241,0.0018372527030117783
18242,0.0028682183821124307
18243,-0.001212424714701097
18244,0.006200675608985368
18245,-0.0023070574395415468
18246,0.0053364453207625645
18247,0.00620040087329829
18248,0.012446655894146556
18249,0.0036787400806121
18250,0.0001455023711384295
18251,0.001162215798967468
18252,0.0038882050823833315
18253,0.023591892756939136
18254,0.016601262419480997
18255,0.0009486426100138237
18256,0.0008902989505752083
18257,0.006956774252378471
18258,0.0015195499090941977
18259,-0.001556949579160893
18260,0.003476618793237206
18261,0.0010479200845793513
18262,0.0024431616876637655
18263,0.011246924102434878
18264,-0.002301849384366528
18265,-0.0005128520387201376
18266,-0.001368397029935433
18267,0.00422643204025331
18268,0.0015779003401247983
18269,0.007521040568484481
18271,0.009150707880347088
18272,-0.003797427346534637
18273,0.010800934761688988
18275,0.0013164350777124263
18276,-0.00011711748746008437
18277,0.0023650187367300624
18278,0.0005528223462474956
18279,0.0072805303151010255
18280,0.014101950794660242
18281,0.0140544515516169
18282,0.005280027705871982
18283,0.002065747606816621
18284,0.002109010229207439
18285,0.004670578522306481
18286,0.004385756259758067
18287,-0.0004305734542202431
18288,0.002829209008239783
18289,0.02018079627004114
18290,0.006133874991867173
18291,0.011943086688441726
18292,0.009777975898997895
18293,0.007391759578429198
18294,0.003076085220301214
18295,0.002539734173389468
18296,0.010304859635442778
18297,0.022379378650603837
18298,0.009786851839924563
18300,0.0015855948913248551
18301,0.008840875513047724
18302,-1.2036830595326883e-05
18303,0.0014215385664160616
18304,0.007241091770387328
18305,-0.002819037533197755
18306,0.0012704111644871677
18307,0.02045614719159387
18308,0.003999971373156035
18309,0.012809288515783283
18310,0.006878681478591886
18311,0.005347568787828973
18312,0.011442203473354857
18314,-2.0928724389404282e-05
18317,0.006447704567544264
18318,0.0020417238849001554
18319,0.0030276042072866424
18320,0.007170271349523163
18321,0.008151957218881945
18322,0.018143014656631134
18324,0.009654940079461063
18325,-0.0005257128206848389
18326,-0.0013469637076279992
18327,-0.0016095061826925747
18329,0.00314023709304357
18330,-0.0024241362309583674
18331,0.0007767927946414396
18332,-0.0006366496473960617
18333,0.0044629446769892875
18334,0.0064219202599671565
18335,0.005771019278443548
18336,0.0035431913008126398
18337,0.0033109412979100625
18338,0.0037184867287998503
18339,0.004237239430333006
18340,0.002026675503973719
18341,0.0006395777005482398
18342,0.007053058683662232
18343,0.0029493130355559873
18344,-0.000254135992779991
18345,0.006263932423764544
18346,-0.0006361006602286067
18347,0.005678735288385611
18348,0.0001271159336736754
18349,0.006079320993011644
18350,-0.00034780008653168167
18352,0.00031616105624030465
18353,0.01337983578004236
18354,-0.0011629725240523206
18355,0.0019689679134888213
18356,-0.000184452676782864
18357,-0.002933021821953057
18358,0.006952732282467192
18361,0.0032906600148772357
18362,0.00011415858425076197
18363,0.008536257236557425
18364,0.006141508350714475
18365,0.00481318181629151
18366,0.005257158397254415
18367,0.011820101171158337
18368,0.0035510198443925306
18369,-0.00047019241871612896
18370,0.00024198275744657764
18371,-0.00012282464953555956
18373,0.0026614631416589304
18374,0.0011271694740278872
18375,0.008942506498671815
18376,-0.0019202212481848734
18377,-0.002266622446207343
18378,-0.0013682286093231345
18379,-0.001237250179763845
18380,0.003881820318355954
18381,0.0023368598786268797
18383,0.011239053988091427
18384,0.021716344753151404
18386,0.00781657417112841
18387,0.00011610779606965015
18388,0.004437445548939285
18389,0.004601343786125717
18390,0.006628132309875894
18391,0.001361120412594126
18392,0.001812049507074696
18393,-0.001675193643722074
18394,0.01397550749055354
18395,-0.0019921182023810696
18396,0.0050436330720983295
18398,-0.0006300184981322919
18399,0.013687933466720197
18401,-0.0017477814221265684
18402,0.005498015626380505
18403,-0.002579700222246791
18404,0.0070633666894132155
18405,0.0025779721310958507
18406,0.0024456819748548686
18407,0.003354188573416475
18408,0.004720080470815451
18409,0.009501047726918718
18411,0.0017388573248697092
18412,0.0033902655154146102
18413,-0.0017600483574005312
18414,0.009586839014508002
18415,0.006843260571255484
18416,-0.000290292818398135
18417,-0.0027129391691878783
18418,0.004567010854454219
18419,0.014248184174845566
18421,0.0025285184265466353
18422,-0.0021968364225990345
18423,0.015582165181925827
18424,0.006871089084497406
18426,-0.001597701282112068
18427,0.013530430375501487
18428,0.006878270705355113
18429,0.021522268455087316
18430,0.017869529548241638
18432,0.028544970670952217
18433,-0.0020363934326665754
18434,0.0016978145260734753
18435,0.011653166261483765
18436,0.006606481053474913
18438,-0.0006590955333650918
18441,0.0012830393351500897
18442,-0.002947916087372061
18444,0.0007462677185904112
18445,-0.0016560146804063397
18446,0.0073215734053615825
18448,0.004216690353859482
18449,0.0036849367970733793
18450,0.01240858084227579
18451,0.0006994278788901159
18453,0.0027011780286207328
18454,0.004540299379803919
18455,0.0006476467237123747
18456,0.0045254864347894184
18458,0.0014952310742495315
18459,0.004509424053795334
18460,0.010759392724323334
18461,0.0020774931933183055
18463,0.005661164900620366
18464,0.009963338759290136
18465,-0.000697672479563427
18466,-0.002514390196368328
18467,0.013634949039948448
18468,0.00014434551387798415
18471,-0.0026249473770057277
18472,0.007723012273512922
18473,0.009931994776737698
18474,0.01178103975249263
18475,-0.0003645302955719073
18476,0.0005302802776354087
18477,0.0001536235377029866
18478,0.00518561277817179
18479,-0.002603545824378453
18480,0.015056111230684826
18481,0.0006984188975837843
18482,0.003843029683419024
18484,-0.000590753509340727
18485,0.006953578746841237
18488,-0.0004302193655141909
18489,0.016070630774913115
18490,0.012317553171636547
18491,-0.0006708366253448343
18492,0.0025052989296409055
18494,0.0034456643417727154
18495,0.01037974517341438
18496,0.017946417707394424
18497,-0.001752418743673807
18498,0.0029776102115966034
18499,0.001731999251707684
18500,0.0006453757199753468
18501,0.010686145680512182
18502,0.004529438130575016
18503,0.015808454871459997
18504,0.0029462412562890686
18505,0.004518138907046863
18506,0.008987205915376939
18507,0.006327529323284051
18508,-0.0024421478409434507
18509,0.002224284176115348
18510,-0.0009173551431751123
18511,0.020334954107751744
18512,-0.0002970670025985271
18513,0.00576315142716817
18514,0.008661404585732016
18515,0.0017051245487351967
18516,0.0024812518675654364
18517,0.008443572778573362
18518,-0.002643839304262737
18519,0.00923782094919006
18520,0.0016559662339470285
18521,0.0196153962660366
18522,-0.0008041155774164404
18523,0.003455959359732856
18524,0.0102798906693927
18525,0.012201671876029947
18526,-0.0027578079956799596
18527,0.02281491889581554
18528,0.01096613375870278
18529,-0.0007103912464965709
18530,0.00011207842485019825
18531,0.008903116044199865
18533,0.003150425415255384
18534,0.018578207245980843
18535,0.003151605261717278
18536,-0.000503257678057055
18537,-4.543816403044555e-05
18538,-0.0016133718233761994
18539,0.003046436929127195
18540,0.02127125444579647
18541,0.00584356489126223
18542,0.010400742405390424
18544,-0.0021032700064856323
18545,0.010387156225489538
18546,-0.0009569523400788978
18547,-0.002184587924984471
18548,0.005617389104464753
18549,0.024786712402765265
18550,0.009270639351641616
18551,0.00657665296680213
18552,0.005644214233698246
18553,0.007861739343406959
18554,0.005367929125201083
18556,0.005645060201634994
18557,0.02124570350717696
18558,-0.0008669325550029194
18559,0.005648538881356663
18560,0.017461397751840118
18561,0.008765973016998333
18562,0.004780986212073547
18563,0.0033511836172193665
18564,-0.0021953093587728442
18565,0.005862270108581272
18566,0.017195100317621163
18567,0.00010144106562153497
18569,0.007080796210476931
18570,-0.002155979798757644
18571,0.0052276267610557176
18572,-0.00014489059821632885
18573,0.008857980376236065
18574,0.00262195436854561
18575,-0.002486844539667179
18576,0.002511104273625376
18577,0.004911214349334704
18578,0.0016714613963410927
18579,0.026738812158580722
18580,0.00844344001950843
18581,0.010905338525174904
18582,0.00644269172156673
18583,0.01860215163628239
18584,0.014479740096569393
18586,0.0033853563284539125
18587,0.0011437692985478542
18588,0.0007101476059945527
18590,0.008568517368507656
18591,0.002677971095778081
18592,0.008716268128614615
18593,0.00978458962007172
18594,-0.0009679068915118549
18595,0.002589286936229125
18596,-0.0017836932495305154
18597,-0.0023805571796192606
18598,0.00467603495683622
18599,0.010704258398290829
18600,0.0027317410765544704
18601,0.0025542946183744406
18602,0.0007178987356244865
18603,0.007994081860082776
18604,-0.0013170971363528697
18605,-0.0010725019880075699
18606,-0.0018459241859110336
18607,-0.0034980051952775565
18608,-0.0004461767982921992
18609,0.002470340190679779
18610,-0.00037421085771017874
18611,-0.0019379441152801626
18612,0.0017116805944480049
18613,0.005394274315853993
18614,0.0018034658818451964
18615,0.01972912858583827
18616,0.003761259164330861
18617,0.000575701907970412
18618,0.003748036936251014
18619,-0.0009310689687872624
18620,0.011200431557896566
18621,0.016017555261614712
18622,0.009867779068879944
18624,0.003802410633122019
18626,0.01220942148877088
18627,-0.0017958116879737297
18628,-0.001348079406059896
18629,0.006045654279558693
18630,0.003136520909663775
18631,0.0009695875325811867
18632,-0.0026105701906338034
18633,0.008859239205888107
18634,0.023489777138380425
18635,0.00025967374831593025
18636,0.0027760464446740553
18637,0.005791330541921685
18638,0.00979990873483437
18639,0.00764921448685759
18640,-0.0010280551628904441
18641,0.009975825376712662
18642,-0.00017755425716830565
18643,0.014332962632286245
18644,0.00824112035092777
18645,-0.0026176210411179013
18646,0.013591839713592225
18647,0.00108184304475706
18648,0.0038179317861116446
18649,0.0017798968812564545
18650,-0.0008903962881746351
18651,0.0017848384920063336
18652,0.00083936151411192
18653,0.0036761591251484455
18654,0.008955795762814339
18655,0.010889997046660705
18656,-0.0028635405615594235
18657,0.017974392970688053
18658,0.020520984925086572
18659,0.009947918932725251
18660,-0.0020084361141472565
18661,0.005370694910813288
18662,-0.0012798323253901227
18663,0.009266067780078328
18664,0.008897583842544597
18666,0.003327866800775365
18667,0.0011443044090260392
18668,0.012136143081411532
18669,0.0030870275062792954
18670,0.006780385901913898
18671,-0.0017392576244815074
18672,0.024415854111494214
18674,0.002461403309833538
18675,0.0013426471945513826
18676,0.004915210434115833
18677,-0.0013142675060054156
18678,-0.0023285274404737343
18680,0.00201632432573972
18681,0.008574973452814643
18682,0.010800908422658545
18683,-0.0024711209703191014
18684,0.00173921533366834
18685,0.015926979917208862
18686,0.0015207862065097274
18688,-0.0006192921986194824
18689,0.004784213346612002
18690,0.00023703898478565771
18691,-0.00013410043320428132
18693,0.0005497373824722134
18694,0.01742427864278325
18695,-0.0011624841377695372
18696,0.0014524299403389958
18697,0.005594291414650749
18698,0.008042115441340793
18700,0.001953785731992865
18701,0.0033582057349957756
18702,1.5323228873919195e-05
18703,0.004921647502888853
18704,-0.0011654116221793479
18705,0.0023216312140917905
18706,0.0005910087171187989
18707,0.006524150899325353
18708,0.0011415005236039225
18709,0.0004024692191804541
18710,0.02622777859935777
18711,0.0075835906001132415
18712,0.008903598812381276
18713,0.0006371466818977708
18714,-0.0024067521844314786
18715,0.01140873331869392
18716,0.0006518321142930193
18717,0.00028612004810828207
18718,0.004125045304898864
18719,0.018183600964282263
18720,0.006060804688374003
18721,0.011782622841352935
18722,0.005110505835266944
18723,0.0038183407483265326
18724,0.001115119240122515
18725,0.006317388053285935
18726,0.007680448282168129
18727,0.0032252008223004683
18729,0.028223448145565464
18730,0.011206615816566075
18731,0.0026980009338727906
18732,0.0008927608781129012
18733,0.004052147882512656
18734,0.008994248633442246
18736,-0.002787226541217689
18737,0.005789818789901806
18738,2.7298000264876915e-06
18739,0.004276200609511362
18740,0.008586433303544617
18741,0.0013669936806698143
18742,0.016814974377367314
18743,-0.0030420474161445537
18744,0.009153955942924646
18745,0.007071404786808448
18747,0.006079342307077178
18748,-0.002668950069406739
18749,-0.0020411130608714405
18750,0.0004635790863364471
18751,0.0053302541695578465
18752,-0.0019324411895034112
18753,0.00010248716832609271
18754,0.003415533454189844
18756,0.006286801258682872
18757,0.011658969651241462
18758,0.0069093521840340455
18759,0.004528262650952908
18760,0.004197581288187747
18761,-0.0013186693793992618
18762,-0.0024570918932750995
18763,0.0011278371612766305
18764,0.004610993192025077
18765,-0.0031220780385540926
18766,-0.0013191907892724317
18767,-2.168367816878132e-05
18768,0.0001197755685679331
18769,-0.0006293617240463473
18770,-0.0021514751932156864
18771,-0.0025497101010168322
18772,0.005644890842701148
18773,0.016236898572185753
18774,-0.0027505306980052883
18775,0.0037494135883485748
18776,0.010760129179953875
18777,-0.0017465777718320002
18778,0.00503178428199964
18779,0.0036144748949539472
18780,0.0007710965555908292
18781,0.008413115521062685
18782,0.005567320731250422
18783,-0.0004252485091026971
18784,0.006636473991210638
18785,-0.0021295719750727363
18786,-0.00017009141807751427
18787,-0.0016875561572909162
18788,0.0004910476445781718
18789,0.002921090556603771
18790,0.010194886470552767
18791,0.00617876880948447
18792,0.005222990259427369
18793,0.0032243026431045332
18794,0.004219422218229154
18795,0.005407612159997209
18796,0.010326010512781886
18797,0.0011219954356747
18798,0.005222024532107492
18799,-0.0026023549031198804
18800,-0.0034441046818529594
18801,0.004598264972678345
18802,0.0030072122238005462
18803,0.002269011133491698
18804,0.0014361789717428786
18805,0.0124889551109406
18806,0.0033532933693561848
18807,0.0002644662914966008
18808,0.009615646640612492
18809,0.005532829090801827
18810,0.005956379800042391
18811,-0.0006759728819803763
18812,0.006212885939509718
18813,0.008620483912182491
18814,0.004803583606582784
18815,0.002340068816294876
18816,-0.0014516478666699861
18817,-0.001983576926246936
18818,0.0032139050934873632
18819,0.011306367000523811
18820,0.009859138028027008
18821,-0.003533485121042212
18822,0.011533316809265493
18823,0.010133709710575898
18824,-0.0023475046643464236
18825,-0.0006740488131835518
18826,4.795311721225368e-06
18827,-6.290206574013565e-05
18829,-0.0017248020528925247
18830,0.0032576932086107666
18831,0.0016838762925388637
18832,0.01002985766313131
18833,0.0003941157895323323
18834,0.009028696470265798
18835,0.0012802603635203632
18836,0.0013724817218863771
18837,0.010194020528716399
18839,0.005910368181750687
18840,0.007731424661040431
18841,-0.0001514241912846763
18842,0.003083816861980504
18843,0.004153417502871435
18844,0.0060762839707580694
18845,0.002271125030582806
18847,0.011945769185334423
18848,-0.0030311085588900326
18849,0.011193365083028994
18851,0.0017674729732914812
18852,0.009749526147555431
18853,0.010462427912319515
18854,0.015030667839539213
18855,-0.002084067736691045
18856,-0.0008314276831229567
18857,0.0004026182491429966
18858,0.007979891357793648
18859,-0.0022013963111671107
18860,0.006073817918047696
18861,0.0070971736771619325
18862,0.009680088848775123
18863,0.0048225703280593765
18864,0.0014893065820874279
18865,0.009284409948622105
18868,0.003125736382208772
18870,0.010800133486229678
18871,0.0038428197927252786
18872,0.007868323106281907
18873,0.006764198193334618
18874,-0.0005706352654778826
18875,0.0011530377987946025
18876,0.0017847979709337772
18877,-0.002353383390146674
18878,0.005812226309517204
18879,-0.0020932450951764194
18880,0.008446744116680609
18881,0.008001632746038618
18882,0.008999746937518139
18883,0.0020811110985879365
18884,0.018637254838560043
18885,0.0066441188795043835
18886,-0.001448939384980516
18887,-0.001840718141532565
18888,-0.00038279695964984345
18889,0.004310908275691423
18890,0.014444147590612733
18891,0.0002791431700411538
18892,0.007863436778087832
18894,-0.0024310411021011887
18895,0.002155475798668108
18896,0.003688412434546165
18897,0.0025496121974311857
18898,0.0029626193184906432
18899,0.0025682935589399387
18900,0.01611182455924963
18901,0.0051145050623552825
18902,0.009425112461452858
18903,0.009463602599348673
18904,0.009965642756366584
18905,0.004083471395112281
18906,0.0008604042445214018
18907,0.011689295215913338
18908,-0.0011950414923970407
18909,0.003884714677567791
18910,0.012003894678291403
18911,0.014605493723642813
18912,0.009324363478294996
18913,0.011245791490258093
18914,0.01174178750634899
18915,0.005274273856515278
18916,0.012307212443303763
18917,-0.0024361836198513367
18919,-0.0020568889681244016
18920,-0.0021205280960795124
18921,0.005445267081493652
18922,0.018077247669303114
18923,0.0026033456647080212
18924,-0.0021646543894109013
18925,-0.002402098732528621
18926,0.008990772007540813
18927,0.0037357378470616875
18928,0.007186107316517136
18929,0.002189920603341628
18930,0.0018683572502877742
18931,0.011421858266224303
18932,0.004097062511904916
18933,0.001323167526487222
18934,0.0005025654663418019
18935,0.0008080876331244859
18936,-0.0001380566904250445
18937,0.0016031722569883507
18938,0.0029201389847350254
18939,-0.0022726598586095964
18940,0.0008207881234716351
18941,0.003840437487724311
18942,0.0005563995414444457
18943,-0.0005181596090128877
18944,0.007007897544866148
18945,0.011588226978496534
18946,-0.0008260326974742719
18947,0.005525511154628314
18949,0.002241682723302038
18950,-0.0006471258326505337
18951,0.0004368788544555583
18952,0.010648565260596349
18954,-0.0010858131910151218
18955,0.002137721667963142
18956,-0.0013174147683720546
18957,0.0016707747631056046
18958,0.0016371382563407817
18959,0.020898335369734542
18960,0.0005239817673618266
18961,0.000331317836136439
18962,-0.002596882855027899
18963,-0.0010296297376030192
18964,-0.0015193909119732216
18965,0.009250101202587822
18967,0.001040564132462075
18968,0.004486695101939813
18969,0.0006081324667697938
18970,0.0008814143256337201
18971,0.0015520992796616475
18972,0.003141332177038037
18973,0.005847092491147541
18974,0.008563470262604927
18976,0.005349407494309497
18977,-0.0009496747900187719
18978,0.00595634162239218
18979,0.0023718581810717246
18980,0.004081610568934607
18981,0.0077587851118652434
18982,-0.0010022585514489271
18983,-0.0021923461753760795
18984,0.006588920992426653
18985,0.00017610323476391875
18986,0.0009705045159499378
18987,0.002873179137454735
18988,0.002393476992920269
18989,0.008915729060270015
18990,0.0011817367292687297
18991,0.005078399753012448
18993,0.008492700170104013
18994,0.005061191887479381
18995,0.013119942454656319
18996,-0.0005941756086592503
18997,0.007744300701176893
18998,0.004105395308338339
18999,-0.0019403901048623915
19000,-0.00023135771670631904
19001,0.0013105504899520951
19002,0.00039644448278254064
19003,0.0017121182705441794
19004,0.00743341648453372
19005,0.004356954067544293
19006,0.009042951658127615
19007,0.008165620194671909
19008,0.003652111488494352
19009,0.008676866260882505
19010,0.006862432864936752
19011,0.011606118738835033
19012,-0.002106888976244099
19013,0.00303678030206532
19015,0.003972615405648198
19017,0.005595826358779969
19018,0.002314460707172547
19020,0.00047558907004992095
19022,0.005748659987014296
19023,0.008474773571852483
19024,0.0007446066684691308
19025,-0.0010052631916464706
19026,-0.00015357651594977845
19027,0.003972717996908515
19028,0.0016138599023595435
19029,0.006958516735156631
19030,-0.0008611548696626382
19031,-0.0008476923634428649
19032,0.000642014752377627
19033,-5.129802208827909e-05
19034,-0.002623103736028377
19035,0.002618174592877203
19036,0.0008395116704412054
19037,0.011060646081323643
19038,0.006335758090910623
19039,0.00647296243597319
19041,-0.0017748606780373342
19042,0.0008324803527449201
19044,0.0007504995493484053
19046,0.002192533373409484
19047,0.007204542930350624
19048,0.005674281947305834
19049,-0.0023079050823664616
19050,-0.0011218551563382528
19051,0.009401740968010056
19052,0.003911292993483351
19054,0.004163767603097189
19055,0.0004893155954672542
19056,0.005992580610238905
19057,0.008625951709312584
19058,0.002079267854123837
19059,0.011018576478117721
19060,0.0003040141782572076
19061,0.003556013463387176
19062,-0.0013333595463306466
19063,0.007095440641150717
19064,0.00919330371173454
19065,0.00063718432795269
19068,0.001650000671138005
19069,0.0020532663519719635
19070,-0.0015515030181243398
19071,-0.0021512854540541772
19072,0.0016124713877593306
19073,0.019105150028790683
19076,0.005613680457513964
19077,0.0032924204924810116
19078,0.007907642109943984
19079,0.002113790116319545
19080,0.0021363198145766503
19081,0.005505504784781349
19082,-0.002337464402376038
19083,0.017953536244684595
19084,0.000853651635567998
19085,0.008228741217576465
19086,0.003303984000789937
19087,7.523966271097762e-05
19089,0.005593836608154226
19090,0.0009340712836607198
19091,0.012947928404828037
19092,0.007971841336124288
19093,0.009892741041878018
19094,0.0066397643628990505
19095,0.001637582759849621
19096,0.000422388069794645
19097,0.0027798915082792863
19098,0.01163260220189341
19099,0.01165334442593989
19100,0.019365588336174983
19101,0.0025754149100019087
19102,-0.0007367977451048831
19103,0.007649781013691213
19104,0.0034614105608919803
19105,0.000522085424645968
19106,0.0029504179618296683
19107,-0.0005526282092601035
19108,0.00011443243369488841
19109,0.0023352516256688154
19110,0.017211912239288422
19111,0.0015606418097036858
19112,0.001192717332013338
19113,0.0027683879476314496
19114,0.006074258503941627
19116,0.007542248025956554
19117,0.0027826427790079364
19118,0.009389151491712489
19119,0.0060568225351343916
19120,-0.0017529586423080546
19122,0.006116228080128055
19123,0.01538157020367132
19124,0.0037801831545589207
19125,0.013460575912929883
19126,0.019175896228213533
19127,0.003274768691335417
19129,0.004650683196330347
19130,0.0008792336937900741
19131,0.0014156287867959881
19132,0.005703775119621286
19134,0.009434571769045837
19135,0.0012458343517050899
19136,-0.0011781290997118637
19137,0.010193069905723839
19138,0.0028899671473666434
19139,-0.0023528314448994017
19140,0.007347944742162785
19141,0.004486134756544892
19143,-0.0031323418790954495
19144,-0.00013778319594599277
19145,0.0033711986137348604
19146,-0.00022874197881065858
19147,0.004525012052415931
19148,0.015233267922066827
19149,-4.87384009922754e-05
19150,0.004985156490871865
19151,0.003507796554904019
19152,0.001653778268039809
19153,0.012459191346684977
19154,0.0008549866069732029
19155,0.012047719937391857
19156,0.000587354657337438
19158,0.013383100166065157
19159,0.009990931666841611
19160,0.0009560609766319436
19161,0.0031407424527337725
19162,0.012368110941637873
19163,-0.0021190790394450126
19164,0.004629749411550511
19165,3.553470984051475e-05
19166,0.00408639796509758
19167,0.009256897360572898
19168,0.003968790345034279
19169,0.0011958025601680519
19170,0.021502045430142686
19171,0.002638653569729827
19172,0.010301927302367193
19173,0.00616055603050053
19174,0.00026816929049891004
19175,0.006830037158679761
19176,0.014951613703911779
19177,0.0015841286296967762
19178,-0.0017192779680054102
19179,0.015333488307689738
19180,0.0015351969144985125
19181,0.004769489893953174
19183,0.009167876810603458
19184,0.008634743158847474
19185,-0.001323901781265303
19186,-0.0011579332083116838
19187,0.008136286587681552
19188,0.005710165166424322
19189,0.003480871202717329
19190,0.00037550337811822
19191,0.005768624373648081
19192,0.002673789638482721
19193,0.00794669685218477
19194,0.017736570478054322
19195,0.003225105781272764
19196,0.0025034231127408907
19197,0.003884110396789889
19198,0.005427165460857794
19199,-0.0018313279857225615
19200,0.004147332172884922
19201,-0.0010593611665177388
19202,0.004169240886299042
19203,0.019791367064699233
19204,0.01691757802145107
19205,-0.0016002171148581708
19206,0.002492653825124872
19207,0.016573734601238788
19208,0.00013408123879782297
19209,-0.0009725802550083536
19210,0.005206692438814529
19211,0.008120663669859987
19212,-0.0012453772181933546
19213,0.0035177544501808766
19214,0.011738621274875335
19215,0.012843001534964305
19216,-0.002767587935082288
19217,-0.0008490855181361671
19219,0.003511091284060984
19220,-0.00042497668215675
19221,0.004885056086370361
19222,0.0020889498344598273
19223,0.006565291754813175
19224,0.0040641354635249476
19225,0.017082459268942727
19226,0.0006579821146321004
19227,-1.625170650848204e-05
19228,0.006594472924521415
19229,-0.002380006102236369
19230,0.00785992422654603
19231,-0.0027710462946625783
19232,0.006336738745369455
19233,-0.0017467180909291908
19234,0.008988893222781662
19236,-0.0008407091594513135
19237,0.0015852612182650303
19238,0.008687589083645097
19239,0.0011350391755171486
19240,-0.00287241594838061
19241,-0.0016211755436919117
19242,0.014562149836162951
19243,0.0006772885813505578
19244,0.010098167868529104
19245,0.00541026034168781
19246,-0.0005879091779784334
19247,0.005352403228129264
19248,-8.627137511629107e-05
19249,0.005436700891414761
19250,0.0007552064074050017
19251,-0.0019626065164890863
19253,0.009444648621286064
19254,0.0004709694669298124
19255,0.003672376660147112
19256,0.0003961658961476825
19257,0.0006816887220179538
19258,0.014473020123820162
19259,-0.00022367333311505352
19260,0.0009180694298279411
19261,0.016076679004584444
19262,7.344995238357625e-05
19263,0.00994041443739628
19264,-0.002018271212453607
19265,0.013076908194496677
19266,0.017135708406952374
19267,-0.000393333734560089
19268,-0.0019879569037745334
19270,0.005734283591756401
19271,0.0037212144356778276
19272,-0.0020507272888091264
19273,0.019737038055438808
19274,0.003087702090781401
19275,0.022436439663118982
19276,0.007789243980017412
19277,0.000627551397414626
19278,-0.0016738108363925364
19280,0.01376209612138702
19281,0.004044853053662145
19282,-0.0027622758178438445
19283,-0.0002891212539792784
19285,0.0038034350192885473
19286,0.0007016242522138987
19287,0.0041633553761455805
19289,-0.00041946589773387416
19290,0.0046334423518543146
19291,0.003338636804495223
19292,0.0009251845566992153
19293,0.014157618267770837
19294,0.008224245494063101
19295,0.002148601744407886
19296,-0.0016989894894027403
19297,0.023038034480852166
19298,-0.0006262131351674333
19300,-0.0028772823678719067
19301,0.0014190218472834824
19302,0.006839272890869236
19303,0.006442494889628243
19304,-4.6608825292013614e-05
19305,0.0015502281117028421
19306,-2.0230389715068797e-05
19307,0.00011555293791519483
19308,0.00011234770423058232
19310,0.006533216111350094
19311,-0.00026214407120223743
19312,-0.0009355006938478183
19313,-0.00145916786194286
19314,0.0021944040474206512
19315,-0.002059861140546968
19316,0.003798142974797563
19317,0.001970002685624587
19318,0.009907798399158386
19319,0.007634029413145095
19320,0.008978252471662958
19321,0.00212612371537688
19322,-0.0016448551554543393
19323,0.012804979449590623
19324,0.0037507714812125732
19326,0.00794238394024175
19327,0.004310436124031258
19328,0.0008300478131921946
19329,0.009351526898292873
19330,-0.002354820822927822
19331,0.007050528939128518
19332,0.002487362006693583
19333,0.009168595251203473
19334,-0.00316574258489505
19335,-0.00016075618040975806
19336,-0.0026252029390104216
19337,0.0030890095522003273
19338,0.013589288531338294
19339,0.003475213604948204
19340,-0.0003063561706416317
19341,0.011099779128223106
19342,0.015023740754331955
19343,-0.0033539319985745157
19344,0.0189669607370728
19345,0.00441180371265153
19346,0.0033235205715353225
19348,0.00013333029081721848
19349,0.0019791118790407763
19350,0.020171658547168413
19351,0.00453019315786761
19352,0.012189186596803112
19353,0.0031925456388416304
19354,0.0033722236792219987
19355,0.004238432740797059
19356,0.01793172572859349
19357,0.007764065241375379
19358,-0.0020331661053389852
19359,1.0519702611337667e-05
19360,0.01121735831397461
19361,0.004395112783200653
19362,0.002257155645428943
19363,-0.003235317254154423
19364,0.004913707016102466
19366,0.01746118862738153
19368,0.015299098827034896
19369,0.0005534926661415248
19371,0.0067290691553731595
19372,0.006854594777442637
19373,0.013682995062081465
19374,0.002304980061614257
19375,0.011440779608223945
19376,-0.0022059818620034123
19377,0.003429221484707489
19378,0.026122131315135345
19379,0.009406906397068586
19380,-0.0021275264173974493
19381,-0.0021154315751047547
19382,-0.0017865479428139722
19383,-0.001299021799082584
19384,0.01956646826376642
19385,0.0017188403696681547
19386,0.014691316475507993
19387,0.003754899608726558
19388,0.007176675700413141
19389,0.0015551198545325565
19390,0.011800725067872084
19391,-0.0021867981608186607
19392,0.014052265822940169
19393,0.020646776116992827
19394,0.002887101219357764
19395,0.009034638324168412
19396,0.0012359243342187683
19397,0.00094938270446796
19398,0.0010273706624553593
19400,0.00045066677232463194
19401,0.0034232425609046803
19402,0.005474336287866359
19403,0.0013113572530638034
19404,0.0007598893650466176
19405,0.0014755020762624114
19406,-0.003037093160687964
19408,-0.0026255157193034433
19409,0.003093481548442814
19410,0.007573781364284483
19411,0.009333549699101305
19412,-0.0022791006821682603
19413,0.0019696381105785282
19414,0.005124981270412762
19415,0.010749345982890696
19416,-0.00027270135310225943
19417,0.0062443621523972405
19419,0.009210949514693915
19420,-0.0004801426218125106
19421,0.0041989581268313675
19422,-0.002810964776973462
19423,0.00047394226099804065
19424,0.0014804668607459933
19425,0.009470908469878726
19427,0.007513947696396274
19428,0.005846180970000385
19429,-0.003622939046226509
19430,0.0006056200412427968
19431,0.002914096267499871
19432,0.019905729165682676
19433,0.00018061917652406785
19434,0.0004426820361964883
19435,0.00303755130520654
19436,-0.0008391822090151272
19437,-0.0020941449120299854
19438,0.0008510726579882208
19439,0.0003485073853508776
19440,-0.0007399041628127802
19441,0.008813669354250365
19442,-0.001083351293766889
19443,-0.0007931806172646189
19444,-0.0017231534954850435
19445,0.015172800769321194
19446,0.007149519860042988
19447,0.0033584578674550336
19448,0.010848461519158834
19449,0.0003585047573578439
19450,0.007559765253713855
19451,0.0014963116532615457
19454,0.013419069831086185
19455,0.004586760867550315
19456,0.0023390691997685377
19457,0.01375028667705807
19458,0.007163003831066845
19459,3.251230062369104e-05
19460,0.00398899826313295
19462,0.0036784206618389707
19463,-0.001209877914908451
19464,-0.000946036932218796
19465,0.0021449525536562965
19466,0.011271579661062372
19467,0.007933122058300261
19468,0.004803092051180249
19469,0.001969926864591475
19470,-0.002515194444837946
19471,-0.002429603844608363
19472,-0.001432759569508087
19473,-0.002283322860028761
19474,0.01092187644735887
19475,2.0052075696332453e-05
19476,-0.00045729777121310267
19477,0.010706213789130736
19478,0.0018762841447689457
19479,-0.0028006721384016657
19480,0.0045873403890208594
19481,0.01014201960434898
19482,0.0029092741044571824
19484,0.006529875935111562
19485,0.00424357575575891
19488,0.02355150595278944
19489,-0.0012904352093960746
19490,-0.0027929716368170644
19491,0.0037200800806186755
19492,0.011110377742757641
19493,0.004722458442711918
19494,0.0067964008709457124
19495,0.00656122968519476
19496,0.003719883902524576
19497,0.0014393835496333204
19498,0.017808917852526158
19499,0.004890881731894409
19500,-2.4044608414729163e-05
19501,-0.001710097419309416
19502,0.007018945542086735
19503,-0.0009728262799761772
19504,0.004844025136883007
19505,0.02697713344008792
19506,-0.001649372428245784
19507,0.009619127840078994
19508,0.0014339897885817278
19509,0.007578846134150021
19510,0.003920126870088934
19511,-0.0008828588907436371
19512,0.007245872328606538
19513,0.01685982921885464
19514,0.0002483438656494894
19515,0.006485371984335776
19516,0.008292576701063363
19517,-0.0010500609212629342
19518,0.009371053002067524
19519,0.005465078168080707
19520,0.006765221837564461
19521,0.0024897936956316605
19522,-0.0012814766197285134
19523,0.002916042394594455
19524,-0.0007529867496787572
19525,0.007262716432266458
19526,0.00614465963281223
19527,0.003970477004976339
19528,-0.003066657669382142
19529,0.0013080279622828036
19530,0.004369933875650999
19533,0.00514332541972147
19534,0.009046167321361303
19535,0.002062908146935393
19536,-0.0010193871558842448
19537,0.011874851663931714
19538,0.008590102588190377
19539,0.005014221589928529
19540,0.005542984561471939
19541,0.0019314396508645186
19542,0.0007305595254144814
19543,-0.002196858512324715
19544,-0.00044611156280341055
19545,-0.002165290786660159
19546,0.005751261269355899
19547,-0.00017452686657628766
19548,0.001717846442711989
19549,-0.00152100456982753
19550,0.007331370161668328
19553,0.002676100062431866
19554,0.0102761900803758
19555,-0.000821024492682846
19556,0.010121638136662461
19557,0.0011668632567292062
19558,0.008316003032836573
19559,0.006495606126929572
19561,0.006684136101725056
19562,0.005181264925309036
19563,0.0013594182448404806
20716,0.014930545823909375
20717,0.00021207814466907976
20718,0.005891533728322209
20719,0.005157474745813816
20721,0.004336893314642019
20722,0.0022981450746428975
20723,0.013272783518167165
20724,0.010081453103637908
20725,0.001633740913434635
20726,0.007573982434628979
20727,0.001308192351044438
20728,0.0031831962020885014
20732,0.00021112577833195742
20733,0.0026157716388668893
20734,-0.003178965956650452
20735,0.0029476980802878028
20736,0.0072576323832182
20737,0.010440951098349655
20739,0.006925408507230984
20741,-0.0013856566012771382
20742,0.0022427641258047915
20743,0.012347120302400233
20745,0.0017325778444143916
20746,0.00671918115844964
20747,0.0024528670522743767
20748,-0.0017526600472113473
20751,-0.0006263595833214935
20754,0.008698561827823071
20755,0.01624084403630322
20756,0.009849880428140369
20757,-0.00015207168101423994
20758,0.006963821473837423
20759,0.009597672104965399
20760,0.0005590069693062645
20761,0.013899313375722786
20762,0.0002480365241238503
20763,0.004565095675235557
20764,0.004262585537419903
20765,0.003253319418823345
20766,0.001674270520243517
20767,0.010778399347991536
20768,0.004697685077639423
20769,0.011684601213223997
20770,-0.0014856414484677293
20771,-0.0020913110466933976
20772,0.007117943669511878
20773,0.00040156437484042615
20774,0.007255355209940601
20775,0.022911291242716497
20776,0.0017718283934969204
20777,0.0011681491911978772
20778,0.0020764203696353213
20779,0.0002767357860290198
20781,0.0005622456194131365
20783,0.0023036779914307817
20784,0.0050385716862905855
20785,0.005148486742487513
20787,0.011070370581466493
20790,0.0006681345245007717
20791,-0.0008769922026948956
20792,0.009846166975662742
20793,0.0025921674017452545
20794,0.018478593615473864
20795,-0.0004286837203295278
20796,0.00033134438086901766
20797,0.005076224563890803
20800,0.0033842701668553785
20802,0.0071431685798120995
20803,0.0018865101223419153
20804,-0.00105814732443049
20805,0.011022708187913049
20806,0.0015844295125525473
20807,0.0106003296147443
20808,-0.0014464500783882145
20809,-0.001347021562814096
20812,-0.002869647672160207
20813,0.00875899320063175
20814,0.002339718018529148
20815,0.005295743039424018
20817,0.007080738085656096
20818,-0.00013071207102606335
20819,0.004638660197954492
20821,0.008443366383396742
20822,0.013848496815755663
20823,-0.0029417627208559033
20824,0.00970262655882034
20825,0.002187850703474669
20826,0.0027216895065823345
20827,0.015108818608559938
20828,0.007259193494834504
20829,0.0012336831804621636
20830,0.0047934060728480055
20831,-0.002539040657037044
20832,0.0008110629832619818
20833,0.008659257604330221
20835,0.0006788294425169351
20836,-0.002899097328369526
20838,0.010137048335828042
20839,0.000616911955288511
20840,-0.0006643149970069397
20841,0.00282795274089186
20842,0.004334978803568066
20844,-0.0025896959756166373
20846,0.006323184174684648
20847,0.0027773901671474532
20848,-0.0005102819810768704
20849,0.016557677805897314
20850,0.006003873442199888
20851,-0.0015125210781193835
20852,-0.000557383584892818
20853,0.005897037126378929
20856,0.010204958954478212
20857,0.01010009295210889
20859,0.010015027166209039
20860,0.0009142566832306565
20861,0.005296895386286492
20862,0.008738827725519524
20863,0.004065159761306468
20865,0.008753217776465053
20866,0.013154909223406057
20869,-0.0007273085985403157
20870,0.005155366323032429
20871,0.00395717535516488
20872,0.00659597246482976
20874,0.006302094973528023
20876,0.0003231021969803301
20877,0.0021766741232098
20878,0.005571839079866945
20879,0.006050830345656694
20881,0.004983249999830686
20882,0.0005920865128963039
20883,-0.0020891844866497405
20884,0.0023114577145502933
20885,0.00046422566417932305
20887,0.0016666953787414299
20888,0.0006465495932273888
20889,0.008492283629391577
20892,0.0011458324025630223
20893,-0.0004644831831109343
20894,0.0006654755878967474
20895,0.00823905503660887
20896,-0.001665912785161006
20897,-0.0010704244732392867
20898,0.006199137304958885
20899,-0.00016730441821618224
20900,9.917598680521215e-05
20901,0.004263320527504867
20902,2.6355921341217337e-05
20904,0.0007210655297881282
20905,0.001106590671271208
20906,-0.0011652698598305072
20907,0.0011415319297570538
20908,0.00925746932104056
20909,0.006039590147483027
20910,0.007196140068694047
20911,0.021035510232234867
20913,0.004703634407885442
20914,-0.0011947611167481744
20915,0.009266545704904032
20916,-0.001140433167276132
20917,0.009529729233243939
20918,0.009981352797697584
20919,0.015544450174026139
20920,0.006344422894044292
20921,0.0034779870891505672
20922,0.004621950402477183
20923,0.0017730588669297616
20924,0.002076410041241348
20925,0.0008528033029074483
20926,-0.0003113208571322284
20927,0.002319811980209103
20928,-0.0036143844805587213
20929,0.012297616037752968
20930,0.0016199803253305906
20931,0.003553669567515374
20932,0.0002430476242566721
20933,0.00031714108635275996
20935,-0.0020665259462460117
20936,0.0011077254119428448
20938,0.00032591562775313547
20939,0.0036458434383621896
20940,0.004286986333903668
20942,0.009541603163502593
20943,0.005323682370002074
20944,0.0016344975133697846
20945,0.00043676183428229334
20946,0.0006259196087569311
20947,-0.0004747747140578847
20948,-0.0020260892081328946
20949,-0.002453153237138699
20953,-0.0028973687546971563
20954,0.0025851949135249734
20955,0.00037292311899466725
20956,0.015843890999825277
20957,0.00633132400527894
20958,0.01769114239553003
20959,0.005878250956879386
20962,0.008395808592200633
20963,0.005039332123544654
20964,0.004864945272574323
20965,-0.0014706841515586457
20966,0.006516644149209588
20967,0.0166244871400347
20968,0.008031800778182364
20971,0.003232323057518891
20972,0.005758495138183006
20973,0.0031373076192193587
20974,0.008449505982261768
20975,0.005837398948361636
20976,0.003812076646051755
20977,0.004896089425480685
20979,0.0015336977865838836
20981,-0.002392921077277392
20982,-0.0020269689530652314
20983,0.003792981264103469
20984,0.010555923891968608
20985,0.006155800742527522
20987,0.0030345496091371688
20988,0.013739859278325148
20992,0.0023992534838060166
20993,-0.003413509728683997
20994,0.011433576757980922
20996,0.005820311802226103
20998,0.014221371781567581
20999,0.01119698952513333
21000,4.725879074544796e-05
21001,-0.0013166044161650702
21002,0.004216472625456144
21003,0.010667594511881956
21004,0.0018290673424584437
21005,0.0068970173056969
21006,0.0013449618973633438
21007,0.012721789545593564
21008,0.010505681870261449
21009,0.0029498658250247667
21010,-0.0003228271965534206
21012,0.0033090542724512513
21013,0.00024643170122654566
21014,0.013401904529960932
21015,0.005537922878372386
21016,0.020135247181955532
21017,0.0023362650582237354
21020,0.00668430194926023
21021,0.020442903556991018
21022,-0.000702064968066015
21023,0.0007343586943154481
21024,0.0015805982146757814
21025,-0.00047707697533182734
21026,-0.0012942047241782575
21028,0.001274985430253478
21029,0.0006999650564549209
21030,0.0066302476566560825
21031,0.0007149097556938856
21032,0.006917449976864876
21033,0.006613522656226063
21034,0.012681099065680802
21035,0.004278076722256587
21036,0.0021874931288447287
21037,0.003326294688359519
21038,0.01037446566151528
21039,-0.0023710435341494605
21042,0.0002645967265829524
21043,0.006110670152707175
21044,-0.0031800150499597373
21045,0.001593584014239969
21049,0.022266817146798134
21051,0.0037472696055274243
21052,-0.0014025813334819451
21053,-0.0001290532547283587
21054,0.004578040797223688
21055,0.001657136358275517
21056,-0.0023104587431886613
21057,0.003677679130220022
21058,0.0021879818901859027
21059,-0.0002770818864512251
21060,0.010449431161289508
21061,-0.0006368975503745038
21063,0.00862135174670076
21064,0.0015758294434761698
21065,0.008529491632372887
21067,0.0011815264876584557
21068,-0.0015871547787549324
21069,0.017556831864828596
21070,-0.0030788715693900286
21071,-0.0022622977598981443
21072,0.00991423650079725
21073,0.0011477499262700658
21074,0.00023408378570835033
21075,0.01567258630350271
21076,0.007325263207896518
21077,0.0072654682203306745
21078,-0.0006011419999086137
21079,0.0008586059165313058
21081,0.009227138800581982
21083,0.0045478870229696475
21085,-0.0027153447357716135
21086,-0.001968290928855497
21087,-0.0003834986934813864
21089,0.003978741835061878
21090,0.006995533599701495
21091,0.010868146455479084
21092,-0.0003864582282251637
21093,0.00010853707290895201
21094,0.00011043528578239328
21095,0.0010562833281159197
21096,0.013745856218642487
21097,-0.0022040272447149054
21098,0.00020146507719100842
21099,0.009909614557496976
21101,0.0008500509866086886
21102,0.010254194518750228
21103,0.01331034923971336
21105,0.0085087042762132
21106,0.0025018184644847036
21107,-0.00015665923429569913
21109,-0.0008426640005137556
21110,0.0014997174866614085
21111,-0.001719891638752899
21112,0.0025560243085678974
21113,0.015141505016787588
21114,0.0014832769754311304
21115,0.004409898856609831
21116,0.0026921221763289323
21118,0.013537346758688243
21119,0.0050551494759700985
21120,0.0021815867347698414
21122,0.011054403032741172
21123,0.008079186157337246
21126,0.011530185898711114
21127,-0.002619233187557494
21129,0.005826043110480204
21130,0.00015251404782649393
21131,-5.70481770547325e-06
21132,0.006654711651901922
21133,0.0024244610997212653
21134,-0.001123002582253953
21135,0.008349165420832947
21136,0.00332221881245634
21137,-0.0013146934812694154
21138,0.002136562705366985
21140,-0.002669315353722881
21141,0.019599294637907595
21142,0.00546929322461525
21143,0.0019281512841888351
21144,0.001925413090220221
21145,0.010748392193764483
21146,0.0047744141790772125
21147,0.0016451003663545839
21148,0.010340992396300756
21149,0.000524455217057353
21150,0.007133004658400353
21151,0.012398623226550508
21153,-0.0012658096863658406
21154,0.007404642153383073
21155,0.00357282265797218
21156,0.013884082123633797
21157,0.005424776503393906
21158,0.012749726132021105
21159,0.005264495083854744
21160,0.0036793091223074614
21161,-0.0007340589462969931
21163,0.010095680824372195
21164,0.002747551240069708
21166,0.007278104015605042
21167,0.0001870097514866647
21168,0.004422387018424893
21170,0.0038125247316645704
21171,-0.0007691842010691501
21174,0.005430369609482302
21175,0.009670549609215283
21176,0.00678331760981753
21177,0.01754916643818234
21178,0.008160791365445681
21179,-0.002924824290357189
21180,0.0014981120167166483
21181,-0.0010455302640053534
21182,-0.000573219408319503
21183,-0.0016381447888274715
21185,0.005906451327007425
21186,-0.0019567288064051436
21188,0.021867679727025854
21189,0.0015964020501712025
21190,0.0015109846389741045
21191,-0.0015353859204747557
21192,-0.0025805883692073765
21193,0.008698825258030164
21194,-0.0007072238818988646
21195,-0.0013654652895944072
21198,0.008751358366922996
21199,0.0009360839568946355
21200,0.0011918477975342498
21202,0.003949139921030631
21203,0.005245751646741983
21204,-0.0014972353465290793
21205,-0.0013969787873197373
21206,-0.0003518143815081365
21207,0.011389823603649856
21208,-0.0020414757995024027
21209,0.010371340190758877
21210,0.003738378434142764
21211,-0.0008089809853616455
21213,-0.0006863207700647488
21214,0.0022423773760802818
21215,0.009847979810100688
21217,0.016319878927762117
21218,0.002888140880754543
21219,0.011803626998532109
21220,0.007188406054540908
21221,0.005207853031127849
21222,0.002255103369941079
21223,0.008745338178009088
21224,0.010617358709179188
21225,0.006779277052398801
21227,0.0008022631500276146
21229,0.007147663813311823
21230,0.0009652347451340661
21233,0.0036994303121886604
21235,-0.0025553630713984563
21236,-0.00037724171159830497
21237,0.00039123921962274516
21238,0.008204796913673072
21240,0.01923446373907813
21241,0.00959730070827805
21244,-0.0015735711860793943
21245,0.009177899042078934
21246,0.0034857105824513714
21247,0.004350291626918874
21248,-0.0007359107856073042
21249,0.005216040107298474
21250,-0.00014835330373882093
21251,0.0041214282762033
21253,0.006525052775665435
21255,0.0011348285997358851
21256,0.013531740084258902
21257,0.007109620812495759
21258,0.0026702168023579054
21259,0.000350553232796761
21261,0.008520983296799314
21262,0.002405437170971258
21263,0.005316021341608308
21264,0.004573430921928898
21265,0.005572176811931923
21266,0.01384352560492775
21268,0.00024110601508447148
21269,0.0017278056506436993
21271,-0.0017037579241313341
21272,0.008228310246689886
21273,0.004387114403608838
21274,0.0013032383885413761
21275,0.0004486218317368909
21276,0.007682441814006569
21277,0.005624011994836642
21279,0.005520945965925221
21280,-0.002466009634848231
21281,0.003908631749802296
21284,0.00575770520203223
21285,0.0058034392495407705
21286,-0.0011717003502492076
21287,0.00578202544874153
21288,-0.00016475551496321177
21289,0.009112987703727982
21290,0.0019744253894064777
21291,0.007565537472990779
21292,0.0027955525101882074
21293,-0.0003482607609310972
21294,0.0071268266860144425
21295,-0.0009313963926071197
21296,0.0002738833947393011
21297,0.006895494593406021
21298,8.8604617856064e-05
21299,0.01269442348257414
21300,-1.5597781695396787e-05
21301,0.007558782797702855
21302,0.003313464311945822
21304,0.0018687155104456076
21306,0.01642573175118658
21307,0.00426072632437733
21308,-0.0007485460739189206
21309,0.0022896540124807165
21310,-0.0025287412074032154
21312,0.008118330198872516
21315,0.005249074368311561
21318,0.01594754713005268
21319,0.01449124885894779
21321,-0.00016642203437459112
21322,0.004381851155379549
21323,0.006045583213246424
21324,0.03869689947573156
21325,-0.0013515619935838396
21327,0.003192981695283023
21329,0.007321496666269054
21330,0.011634657135053635
21331,0.0021602219393377156
21332,0.00985697150915511
21333,0.016756430008438638
21334,0.005112968040505792
21336,0.008457265601832232
21338,0.0048017348855682734
21339,0.003876340488938465
21340,-0.00151748969693191
21342,0.011518677148161443
21343,0.0046333510095661265
21344,0.001449897782150808
21345,0.013018108593028481
21346,-0.00251836234834003
21347,0.011071642079402855
21348,-0.0005918559664650925
21350,0.005542222396422717
21351,0.004727691804459019
21352,-0.0034142499738624016
21354,0.02340897874013154
21355,0.0004931291167736343
21356,0.0056343400022266475
21357,0.000816689182936035
21358,-0.0006994975165617052
21360,0.002714174285307548
21361,-0.0025326483784037773
21364,0.006240200987097752
21365,0.002982518887214406
21366,0.01584438803460304
21367,0.0005702515589533063
21369,0.008672012814976392
21370,-0.0002544642048940525
21373,0.016348496703044585
21374,0.004900823716375104
21375,0.00565811951982197
21377,-0.0029213953254344158
21379,0.0032214371692781303
21380,0.019142618658854183
21382,0.009044055108073004
21383,0.002450348059078334
21384,0.004173820885016492
21385,-0.0031722346386363863
21386,-0.0027737050869986145
21387,-0.0007557647802084698
21388,0.001092425831157668
21389,0.005433703307057211
21390,-0.0009468946746250591
21391,0.013260357702265888
21392,-0.0014936673979763192
21393,0.00020459356978483854
21394,0.010607426413142891
21397,0.002386421982332503
21398,0.008456979622443628
21399,-0.0016748879995296048
21403,0.004270042410626333
21404,0.008933511431894609
21405,-0.00019741284078073768
21407,-0.0019115394925684048
21408,0.00020612537326777924
21409,-0.0016656666536664314
21410,0.009225648518352288
21411,0.014008357307508556
21412,0.00191607116341002
21413,0.015936198299769135
21414,0.005536237275937394
21415,0.0017446404092699031
21416,0.0016471569162499061
21418,-0.0014877881716235542
21419,0.0028976092843584905
21421,0.002081696959739251
21422,-0.00041256828271581635
21424,0.008208774167102754
21425,-0.0018926463635309653
21426,0.0032364125369876463
21427,0.0035319918090638974
21428,0.01652744459860682
21429,0.002280415512186034
21431,0.0028221601540990987
21432,0.0005838486381671854
21433,0.0016998466747771331
21434,0.009901650503847684
21436,0.001209779596414301
21437,0.002751229658084175
21438,0.00415881047018549
21440,-2.5975601809022017e-05
21441,0.0016413644333135597
21442,0.00042062042244252716
21443,0.002935117115392235
21444,0.004374431869477745
21446,0.0015510126039176841
21447,0.013720814395352554
21448,0.006024792965482178
21449,0.011153588888446347
21450,0.0040332920575113125
21451,-0.002466722529375827
21452,0.003606897065318908
21453,0.010443812595603761
21454,-0.00046476852177901665
21456,0.0011620969987608983
21457,-0.0021885824447814336
21458,0.005496341321493334
21459,0.003748221744107834
21460,-0.0014441847500832345
21462,0.024143715635567834
21463,0.007469705757782368
21465,0.019058240073085275
21467,0.004216936955202883
21468,-0.0014128679279143443
21470,0.013293610693305528
21471,0.01134290009830095
21472,-0.001740586608360838
21473,0.0010573458323125586
21475,0.0012859156198619399
21476,0.0008633880514921331
21477,0.0013889367971913428
21478,0.015594240279178575
21479,0.024465536853904856
21480,0.007903808086766495
21481,0.006327219765534974
21482,0.0015516460133644175
21483,-0.0025311815429274343
21484,-0.0005138923231755767
21485,0.014738183684255432
21487,0.0033693074401212643
21488,0.006441878663207425
21489,0.0046574663500700275
21490,-0.0024457101692256216
21491,0.003137794237909927
21494,0.005723016976638646
21495,0.0065544169247201065
21500,-0.0007722882375913176
21501,-0.0017146444674260332
21502,0.0013415737353901069
21503,-0.00017484129475262185
21505,0.001877471806733309
21506,0.0083786107756681
21507,0.0015655667475479498
21508,-0.00217874264780029
21509,0.00915946374775255
21510,3.444243402646319e-05
21511,0.0017939483534198612
21512,0.009517695733148604
21513,0.008858095069063012
21514,0.005688048635292941
21515,-0.0008980075691440853
21516,0.00038510961656791805
21517,0.002747401976182128
21518,0.0009497284270357422
21519,0.003537930701855641
21521,-0.00170775157601245
21522,-0.002611657524731961
21525,0.01900989521717893
21526,0.0031962210188634307
21529,0.004223410605000564
21530,-0.00047878007763545866
21531,-0.0006578649335795654
21532,-0.0015038962077395454
21533,0.011265773747204492
21535,0.00442185051093659
21536,-0.0026219107564540035
21537,0.012078355214506304
21539,0.00566597323075578
21540,0.015147586284280076
21541,0.009723238870316502
21542,-0.0008302138647624628
21544,0.014948941384281926
21545,0.006709343425667601
21546,-0.0005863468760114766
21547,0.01152532534454635
21548,-0.0017827225694630987
21549,0.006096289812168081
21550,0.009400635959472013
21552,0.002377529701890195
21553,0.006476214160168407
21554,-0.001673164103607747
21555,-0.00040036061484915314
21556,0.004950344488911074
21557,0.008249449135013215
21558,0.0021740355197198517
21559,0.002919372139010872
21560,0.0044252012254946405
21561,0.008512602338031961
21563,0.002626445765272923
21564,-0.00195743681155614
21566,0.0003359507750221001
21567,0.008829664733651071
21568,0.01065738073022313
21569,0.0022119747524766455
21570,-0.001481489368048268
21571,0.0010714172114294832
21573,0.003049021616165718
21574,-0.000896835013130072
21575,0.002501014259515981
21577,0.011576400095332819
21578,0.0013311571853019746
21579,0.00015159156438466354
21581,0.00016249367640349885
21582,-0.002599362566732268
21584,0.004138734942792738
21586,0.002913551295545873
21587,0.0057855955698435865
21589,-0.0011732698093766137
21592,0.010084488803177718
21594,-0.0018386841334405019
21595,0.014658593985521409
21596,0.0008242123278304325
21598,0.0003971886189662842
21599,0.009889676131499093
21601,0.0026908803166129647
21603,0.0006323339088249117
21604,0.00153492182696887
21605,0.01218172397009832
21606,0.012942303922964093
21607,0.0035382900019020336
21608,0.005608117948402255
21609,0.002014234700710011
21610,0.007618099173952734
21611,-0.0009603559076605643
21613,-0.0005906599832689579
21615,0.007039574619102311
21617,0.0016112512512633688
21618,-0.001127339105359058
21619,0.005392535121816002
21620,0.002023469783138415
21621,-0.0005866056668361926
21623,0.0011138166408676039
21624,-0.0004031627394879035
21626,0.0017373452262018484
21628,0.015541549135220385
21629,0.0090520750696803
21630,-0.000946609041514104
21633,0.0007130057805966438
