sample_id,value
2978,1.937088072299958e-05
2979,-0.0002331766223534932
2980,-0.0001379389795474706
2981,-9.250292740762191e-06
2982,1.304696099832648e-05
2983,1.8044116534292604e-05
2984,9.49488340876989e-05
2985,-0.00019307010723277802
2986,3.948151553049652e-05
2987,-9.458672255277944e-07
2988,-5.515776518732312e-05
2989,-0.00010166283883154387
2990,8.058506939560163e-05
2991,0.00011219768226146626
2992,-2.5742895901203062e-05
2993,-5.1072935946285665e-05
2994,0.00018222344079986167
2995,-4.453143663704394e-05
2996,-0.0002584290018305171
2997,-8.138316217809878e-05
2998,-5.4344968404620674e-05
2999,-7.555645015090678e-05
3000,-0.00018696144120767605
3001,-2.5447361171245346e-06
3002,-7.719601113349168e-05
3003,1.633826578035942e-05
3004,6.6333254799246655e-06
3005,-3.4793857578188195e-05
3006,-0.00011305724149569826
3007,-7.010106276720713e-05
3008,-1.8092762678861483e-06
3009,-0.00011411265842616546
3010,-7.87155088968574e-05
3011,1.137999109923831e-05
3012,-4.935237243771529e-05
3013,5.6526805739849773e-05
3014,1.3583865854889113e-05
3015,-8.285348182544093e-05
3016,-5.394049957394581e-05
3017,-9.524862188845842e-06
3018,-7.244971115142072e-05
3019,4.9754929170012495e-05
3020,2.706882953643809e-05
3021,1.3086071424186193e-05
3022,2.658063955605029e-05
3023,3.475003680214269e-05
3024,1.0774711612611953e-05
3025,-5.6715122051536956e-05
3026,-1.1453195661306315e-05
3027,-4.4330041669309046e-05
3028,0.00010461182557046387
3029,-0.00010747267417609709
3030,2.0845983643084727e-05
3031,-5.990515695884818e-05
3032,-8.858313784003619e-07
3033,5.354358255863179e-06
3034,7.016902789473511e-07
3035,-0.00010598547365516383
3036,-5.154114793986073e-05
3037,0.00019332851283252158
3038,-2.1740778908133367e-05
3039,-3.234557574614875e-05
3040,-6.282167425379135e-05
3041,1.6643412131816206e-05
3042,3.2429424300789684e-05
3043,-8.600319074466774e-05
3044,-6.638340782374101e-05
3045,1.3136657793074838e-05
3046,-4.468913357704873e-05
3047,-0.00010076356846839117
3048,-9.003399712964831e-05
3049,-8.924569934606529e-07
3050,-0.00012370772771537182
3051,-2.560939267277758e-06
3052,1.1610466241836455e-05
3053,-6.904887277632938e-05
3054,-0.00010086531657725549
3055,-0.0002398631474934507
3056,-0.00010507486239075611
3057,-3.000573460012666e-05
3058,0.00011251049479469612
3059,-0.00020122028896585022
3060,3.0429482087492918e-05
3061,-6.31634079851208e-05
3062,-5.826055379584405e-05
3063,1.1523120105266469e-06
3064,-6.49858162738379e-05
3065,5.366068147122853e-05
3066,-2.9904277529567348e-05
3067,7.278330903500307e-06
3068,-0.00021420337306335549
3069,-5.390940234065256e-07
3070,-6.622200394049277e-05
3071,6.214210577309096e-06
3072,1.223556809127327e-05
3073,4.952877387404425e-06
3074,1.8475109804421708e-05
3075,1.4688030164688756e-05
3076,-8.050091993063664e-05
3077,0.00012668151836842153
3078,-4.974255487322783e-05
3079,-0.00031568419951945526
3080,3.487017937004369e-07
3081,1.4168437197804425e-05
3082,-0.00017200933452695633
3083,-0.0001301350144669413
3084,-0.0002646294910460699
3085,-0.000235997544322162
3086,-0.00010382303949445409
3087,-0.00021516193319111968
3088,-0.0002688752116635429
3089,-0.00013573749614879447
3090,-0.0001310157999396319
3091,-0.0002491328883916142
3092,-4.971481990069141e-05
3093,-5.60835072770714e-05
3094,-0.00019879739666357502
3095,-0.0001139040369540447
3096,-0.00012414409779012135
3097,9.90540741011494e-05
3098,-7.419379828497729e-05
3099,0.00016401580730453116
3100,-6.770664993673553e-05
3101,-7.266335710883125e-05
3102,-8.973592165857542e-05
3103,-3.4301829244941556e-05
3104,0.00011117335194721799
3105,0.00010326783312484576
3106,1.4996384922415016e-05
3107,-0.000316718693263828
3108,-0.00024601167719811185
3109,-8.287238189950562e-05
3110,-0.00015396856945007966
3111,-5.0302229262888554e-05
3112,-8.011139230802627e-05
3113,-6.077518705278611e-05
3114,3.0052958615123987e-05
3115,2.9808455798774693e-05
3116,-6.168462615460153e-05
3117,-6.811311291530698e-05
3118,-8.113061944022728e-05
3119,-6.464743427932249e-06
3120,-0.00010484392642974794
3121,-9.734914638102038e-06
3122,3.139898842200624e-05
3123,0.00014346814174205012
3124,1.8259894754737552e-05
3125,0.00017349942550063096
3126,1.687997560948133e-05
3127,-6.440189294517011e-05
3128,2.9592716880142546e-05
3129,7.088718004524715e-06
3130,2.683535795658824e-05
3131,2.0761914830654786e-05
3132,-0.00010559296924620852
3133,-0.00019753815541043819
3134,-4.687871970236243e-06
3135,-3.146344469860171e-05
3136,7.737884297966957e-06
3137,-7.345665562897888e-05
3138,-2.392698023468257e-05
3139,-0.0002721128932200364
3140,-1.9309685565531164e-06
3141,-0.00012088640145957363
3142,-1.1643153615296327e-06
3143,-0.00023037791838869458
3144,2.0054198615252898e-05
3145,2.4309997353702708e-05
3146,-0.0002780612058937551
3147,-1.6704536136239687e-05
3148,-4.6331703104078635e-05
3149,-5.013655079528661e-05
3150,1.6384284012019732e-06
3151,-8.769973106682225e-05
3152,5.519861485809089e-05
3153,-4.190420731902042e-07
3154,-8.198642432689652e-05
3155,-0.0002679005247540769
3156,0.00013357953708618858
3157,-9.50077567249536e-06
3158,2.3250642977654822e-05
3159,-0.00017787533868104168
3160,-8.554496197029946e-05
3161,-6.195346955209974e-05
3162,4.987955093383747e-06
3163,9.221569616347509e-05
3164,0.00017471682773903023
3165,2.0784094836562712e-05
3166,-1.3645989820362708e-07
3167,-6.920307828113434e-05
3168,-0.0002169378041289741
3169,-0.00010042398618534194
3170,-5.660959808155866e-05
3171,6.705595701932876e-05
3172,3.806479834020133e-05
3173,-7.971268072724317e-05
3174,0.0001651989770121871
3175,-1.603387165814635e-05
3176,2.7739364653825487e-06
3177,-0.00022870665518567046
3178,-3.5929605364799717e-07
3179,-1.6886120662093454e-06
3180,-6.814613891765439e-05
3181,2.778500691056244e-06
3182,-0.0001982596582733099
3183,-8.945956407114853e-05
3184,-0.00010273055043071495
3185,1.9747480377554866e-05
3186,-0.00015661427909508302
3187,-6.0984861291944663e-05
3188,0.00011778381112962871
3189,1.5288930386304924e-05
3190,2.2953625582158513e-05
3191,-0.00023432868998497626
3192,-6.894035171717379e-05
3193,-8.052156297489954e-05
3194,-4.401173992082472e-05
3195,0.00013981491466984137
3196,1.724441647529602e-05
3197,-9.548201188445076e-05
3198,-0.00018013312015682375
3199,1.5889357868582e-05
3200,1.8169537186622555e-05
3201,2.57041102275252e-05
3202,8.759365445002878e-05
3203,1.2839912995696003e-05
3204,-2.0600714534521147e-05
3205,-6.79927776567638e-05
3206,-1.0631764866411696e-05
3207,-6.0120339132845355e-05
3208,1.7276563681661998e-05
3209,-7.014336222782675e-05
3210,-4.552945122122736e-06
3211,0.00013842796832323076
3212,-0.0002990375624969591
3213,3.780894577503186e-05
3214,9.39428135752673e-06
3215,-4.4800676498561865e-05
3216,9.176338091492637e-07
3217,8.184975013136948e-07
3218,-0.0001092349881306287
3219,1.83884078636766e-05
3220,-0.0001364161997102199
3221,-0.00010161026855930629
3222,-3.717001210898138e-05
3223,-8.389363698661332e-05
3224,-0.00013405840843915958
3225,1.7517357319593414e-05
3226,1.1931344773620323e-05
3227,-0.00010390226813033175
3228,6.97397347539658e-06
3229,3.1427255645394186e-05
3230,-5.23340346291658e-05
3231,-0.00019598247008398124
3232,-9.354715803638044e-05
3233,-6.2941223941743e-05
3234,-0.00013820927990600455
3235,2.242634287104002e-05
3236,-0.00021790175111964286
3237,-1.977513032034021e-05
3238,-0.0001496922747232015
3239,2.2230155859142418e-05
3240,-0.00015917539224028572
3241,-1.3621390331536489e-05
3242,-0.0001838275369256731
3243,-0.000247426706552506
3244,-8.139778152108168e-05
3245,-4.7801435831934126e-05
3246,0.00010334323979914182
3247,0.00014356986368075015
3248,-8.780275192111719e-06
3249,-0.00011448031524196228
3250,8.471750281751131e-06
3251,-0.0002482422009110441
3252,4.110381975769986e-05
3253,5.516236089169967e-06
3254,0.00017437729723751547
3255,-8.984440686181135e-05
3256,-3.293802477419362e-05
3257,-2.1776436269283194e-05
3258,-1.133861802518367e-05
3259,-7.068270500749329e-05
3260,3.0508396960794896e-05
3261,1.9596157595515226e-06
3262,2.2087473794817856e-05
3263,0.000162270573712885
3264,-0.0001995660883374505
3265,1.6171409562229994e-05
3266,1.0230336058884783e-05
3267,-0.00010882637426257073
3268,-4.573159320279941e-05
3269,-2.032905444502853e-06
3270,-6.292983740568157e-05
3271,1.2791598308831473e-05
3272,-0.00015053721126168912
3273,1.3079402036965008e-06
3274,1.3578033540397821e-05
3275,0.00016217181179672445
3276,-0.0001065800115466113
3277,0.00014111342122778277
3278,-1.376720406115052e-05
3279,3.510081619024259e-05
3280,3.2828284706920316e-05
3281,-5.835555493829079e-08
3282,1.0011575184762418e-05
3283,-4.0494029968976894e-05
3284,3.5285094659775364e-05
3285,-1.5173045732080868e-05
3286,-6.423548255115718e-05
3287,-0.00011161439847201038
3288,-5.207673739641887e-06
3289,-7.446988187730292e-05
3290,1.3871327973902369e-06
3291,9.987969379872059e-05
3292,2.197824455797658e-05
3293,2.1678149048239e-05
3294,-0.00021754633076488978
3295,-7.522616973146809e-05
3296,0.00010629716860130405
3297,-8.483834639191602e-05
3298,1.1976424045860796e-05
3299,-0.0001825812649913131
3300,7.338306400924876e-06
3301,7.174922227859484e-05
3302,-0.00021225420748814946
3303,-1.4069873094558623e-05
3304,-6.904380973428483e-05
3305,-7.619802821427534e-05
3306,0.0001539356932044017
3307,-8.576474748551833e-05
3308,2.0626072399318005e-05
3309,1.4767195191234357e-05
3310,0.00015949406260624524
3311,0.00015477260127663622
3312,1.0244723130017553e-05
3313,-7.639692667871691e-05
3314,-9.196662977337874e-05
3315,1.3042884040623895e-05
3316,-8.575463946908678e-05
3317,-9.558077249675979e-05
3318,-4.207679703831644e-05
3319,-0.0001666970547288653
3320,1.172208040952677e-05
3321,1.976855080574754e-05
3322,-3.3383044321089986e-05
3323,1.4583586715161781e-05
3324,7.576211411505952e-05
3325,1.7903457768261426e-05
3326,-6.039171516895264e-05
3327,-0.00022500399192795117
3328,-0.00010186830796301373
3329,0.00010473726540803895
3330,-5.503538418561227e-05
3331,3.695279676467165e-05
3332,-9.128073016181544e-05
3333,-6.828420581296065e-05
3334,0.00015094896564260118
3335,1.7227620352059513e-05
3336,-6.421996429562581e-05
3337,8.720826171338527e-06
3338,-8.881542868912226e-05
3339,2.0094413775950407e-05
3340,4.99848071485757e-06
3341,-8.687313888221926e-05
3342,0.0001816890553571271
3343,7.861576704308364e-05
3344,-9.469960182905169e-05
3345,-7.469646520912599e-05
3346,-0.00015451738387346203
3347,1.5267183259129407e-05
3348,1.795141845941538e-05
3349,-7.32558022253212e-05
3350,-7.371255243197046e-05
3351,1.2427235487848498e-05
3352,-0.00010643244842067337
3353,-0.00014832714796066197
3354,-0.00012131152367219326
3355,-8.165524229407272e-05
3356,-0.00010095219509676096
3357,-9.733649995177954e-05
3358,-8.840774698182901e-05
3359,-0.0001998612038791181
3360,3.3351137023419066e-05
3361,-0.00021213396713137584
3362,1.8241906445473426e-05
3363,6.551816612482107e-05
3364,2.8861718624830243e-05
3365,-0.00012254894562065575
3366,-3.6924058571458146e-06
3367,0.00013886933019384762
3368,-0.00022644802983850195
3369,-7.360293976962546e-05
3370,-0.00023341494854539472
3371,-4.251975519582612e-05
3372,-6.379025243222684e-05
3373,-5.163799682632102e-05
3374,-3.7732409313320887e-06
3375,-4.964893665164694e-05
3376,-1.4610786922275853e-06
3377,-0.00023295781239867237
3378,-4.562642304226725e-05
3379,-0.000209352965932339
3380,-8.585147624835376e-05
3381,-7.391014229506212e-05
3382,-0.00016999841900542344
3383,0.00010694195237010723
3384,3.0223651789128463e-06
3385,1.3756995089352092e-06
3386,-0.00023578460365533753
3387,-7.984146252274502e-05
3388,-0.0001571643745526664
3389,-0.00024745111847296287
3390,0.0001441892459988589
3391,2.825943753123265e-06
3392,-5.243640374392252e-05
3393,-6.92507581785319e-05
3394,-0.0001497066974639887
3395,-0.00029832942858338163
3396,-3.781256247311802e-05
3397,-1.9920972175895857e-06
3398,-4.983183927834041e-06
3399,0.00016276059597730648
3400,-5.562771847471578e-05
3401,-3.598351972177627e-05
3402,0.00016600988265126897
3403,-9.571655606850926e-05
3404,-0.00022642395496368285
3405,-0.00011765361027792061
3406,-0.0002051476768217973
3407,1.720129847526549e-05
3408,-0.00011137234969064564
3409,0.000169308965094387
3410,-2.4887190200388345e-05
3411,0.00014029110893607098
3412,1.8215747084468366e-05
3413,-8.649517474696049e-05
3414,2.25641410797836e-06
3415,-0.00019104529935866555
3416,-7.606169749051324e-05
3417,0.00012030188869684867
3418,6.797372661530958e-05
3419,-0.00026328516686334973
3420,5.4632197134196924e-06
3421,0.00014337603738531464
3422,-0.00014019580818712713
3423,-5.340769514441507e-06
3424,-6.407784391194525e-06
3425,4.26392722874879e-06
3426,-4.7468223422765674e-05
3427,3.0567774549126664e-06
3428,0.0001686862733215086
3429,-0.00010226228814572063
3430,0.00010746211167424839
3431,-0.0001050296534784133
3432,3.2393947336822594e-05
3433,-0.00011618623770773426
3434,-0.00012056557554751576
3435,-0.00018206325098872202
3436,5.231951735913736e-06
3437,-4.949131030589337e-05
3438,-6.821413403376923e-05
3439,-8.045405661687224e-05
3440,4.245893098413948e-06
3441,-0.00014230020213872212
3442,2.4286279641091737e-05
3443,-2.081037592142811e-06
3444,-5.131043680012253e-06
3445,3.323279516771433e-05
3446,-0.00022270446792244832
3447,-0.00025807003378868165
3448,-8.08412048965691e-05
3449,1.7823854926973394e-05
3450,-5.170976705849167e-05
3451,1.035937378183e-05
3452,0.0001464775465428823
3453,-5.66375600174069e-06
3454,-9.141345284879164e-05
3455,-5.2022446505725356e-05
3456,-0.0002440952878445385
3457,-3.737949151545762e-05
3458,7.65719506889581e-06
3459,0.00011037578051909779
3460,2.4395610578358062e-05
3461,-8.277844740077821e-05
3462,-7.51650702208279e-05
3463,5.7282364554703284e-05
3464,8.980196528136732e-06
3465,-6.979688620194766e-05
3466,-9.226461211219413e-05
3467,-1.6490657813846884e-06
3468,6.536456570029368e-06
3469,3.286588005721576e-06
3470,0.0001699319195933636
3471,-4.8115536570548866e-05
3472,-7.432007240131503e-05
3473,-3.0137779843062095e-05
3474,1.3020611554384215e-05
3475,-0.00014915179684758144
3476,-0.0001078208183869719
3477,-5.098346695303905e-05
3478,-0.00018966872831806432
3479,-0.0002404993649572127
3480,-9.006546642631318e-05
3481,1.7449700087308832e-05
3482,-9.424206623807527e-05
3483,6.092800293117781e-06
3484,-8.009250378236148e-05
3485,1.2429905589669945e-05
3486,-5.2192794997244845e-05
3487,2.3118313215672875e-05
3488,-0.00010231223227456199
3489,-0.00012467796225100797
3490,2.1394841372966675e-05
3491,-4.348062220960842e-05
3492,1.749561075121169e-05
3493,-2.4411450512707127e-05
3494,-0.00015740876272320693
3495,-0.00019693872015923215
3496,1.1134108435362601e-05
3497,-9.490242069587079e-05
3498,-0.0002445202415809031
3499,-0.0001250546380877495
3500,-0.00015853832233697081
3501,6.612658873200372e-06
3502,-6.89666805788872e-05
3503,-6.296620033681371e-05
3504,2.1160256117582148e-06
3505,0.00013655224163085223
3506,2.1390510909259262e-05
3507,1.4175961725413892e-06
3508,-9.42878523841498e-05
3509,9.403607305139293e-05
3510,-0.0001070110855624079
3511,-8.529331553727349e-05
3512,1.7102598212659343e-05
3513,0.0001414818870835002
3514,1.4669447205960758e-05
3515,-8.268861500546312e-05
3516,2.604749705642435e-06
3517,-1.0957644321024373e-05
3518,0.00012770700128748893
3519,3.671805402264005e-05
3520,1.3520690612494986e-05
3521,1.61512224003672e-05
3522,-9.195319171994902e-05
3523,1.2733729835599638e-05
3524,1.2714771647006193e-05
3525,-9.178948570042843e-05
3526,8.99310685694214e-05
3527,-6.071535591036095e-06
3528,1.75115622580051e-05
3529,-2.0382536575198076e-06
3530,1.1479693930596077e-05
3531,2.474456978961823e-05
3532,-3.217344572767609e-05
3533,0.00013676301073282883
3534,-7.54205698147417e-05
3535,0.00012069289330393035
3536,-4.713257160037748e-05
3537,-0.0002666627495549611
3538,0.00010571387698873877
3539,1.240758290514346e-05
3540,-8.562966315075714e-05
3541,-0.0002262836609967041
3542,1.279245596379042e-05
3543,-8.582238201051936e-05
3544,5.4848408326505885e-06
3545,0.0001772162294946605
3546,8.81175342947246e-06
3547,-0.00010525048077106458
3548,-7.895498964935523e-05
3549,4.0664353501051337e-05
3550,-1.0822480171918844e-05
3551,-8.644489254802417e-05
3552,-0.0002728873154148447
3553,-6.142605477944002e-05
3554,-7.748269522562636e-05
3555,2.0551289152353862e-05
3556,-1.868165452033281e-05
3557,-8.650326468050457e-05
3558,-7.694506524130692e-05
3559,-0.0002627272127196189
3560,-6.27007802948355e-05
3561,-0.00015158777367323606
3562,-1.840369692072263e-05
3563,-5.677170371636746e-05
3564,6.876237876713243e-06
3565,4.418086614459756e-05
3566,2.9748472850769577e-05
3567,3.1321129202842687e-05
3568,8.338696891441934e-05
3569,-4.3920060060918085e-05
3570,8.29085689038037e-05
3571,1.1776468064636007e-05
3572,-0.00011691528456285569
3573,1.7324525583535405e-05
3574,7.30579663068057e-06
3575,-0.00026826167451217794
3576,-2.3698418866842977e-05
3577,3.459887299686658e-05
3578,2.0385487005114467e-05
3579,0.00013844569977372763
3580,9.508658424019795e-05
3581,-4.9487108364700984e-05
3582,-0.00011898823892697661
3583,-5.4765581525861965e-05
3584,2.10706656798718e-06
3585,-3.437774050980797e-05
3586,-9.262123629450743e-05
3587,-3.247783482074738e-05
3588,-0.00013513790555298242
3589,9.841583576053378e-06
3590,-0.00017205881290137737
3591,-0.0002947756225243197
3592,-0.00010605121254920859
3593,1.0466252826154156e-05
3594,-0.00023804009454324678
3595,2.618458326905953e-05
3596,-0.0002479587408713988
3597,-0.00012433260492980433
3598,-0.000217824424430727
3599,-6.550029553472967e-05
3600,2.9053165763616454e-05
3601,4.940366931259636e-06
3602,0.00012559140091761875
3603,-0.00017819516342133178
3604,-5.164103638380733e-05
3605,-4.6142345480620863e-05
3606,1.2750626169145084e-05
3607,0.00013995901867747278
3608,1.4185431599617017e-05
3609,1.2751943338662407e-05
3610,0.00018054069969803066
3611,-9.636250995099549e-05
3612,1.3052690122276535e-05
3613,3.030947968363769e-06
3614,2.2449829801916936e-05
3615,1.4577954635023939e-05
3616,3.124419068917632e-05
3617,-6.548512652516353e-05
3618,-0.00023539240807294798
3619,3.368309568613767e-05
3620,7.408555224537826e-06
3621,5.606622900813823e-06
3622,8.759694108739445e-05
3623,-8.55769375339145e-05
3624,9.797655697911956e-06
3625,-8.555716155096829e-05
3626,9.204568825662132e-05
3627,3.8375633489340396e-05
3628,-0.0002100614089518781
3629,2.2232212405651763e-05
3630,-9.454904636368136e-05
3631,-4.987308140844086e-05
3632,-0.00024215828664600936
3633,-4.610498109832409e-05
3634,-5.8037018775939754e-05
3635,-4.891204545274364e-05
3636,6.8032122217117725e-06
3637,8.141287043690688e-06
3638,3.118785470724083e-05
3639,-0.00010706474678590867
3640,1.4975108020007562e-05
3641,2.3770857881754527e-05
3642,-9.316651094704808e-05
3643,-0.00015216420553624565
3644,1.0967097431421253e-05
3645,-8.183241467922878e-05
3646,0.00014978909827768766
3647,2.2634498402476225e-05
3648,7.55571814253923e-05
3649,-0.0002898130811750887
3650,0.00015169335547834581
3651,-0.00032317715594544814
3652,-9.256949275732064e-06
3653,8.13980074599384e-06
3654,8.155143260955777e-06
3655,9.098699297755909e-05
3656,6.54001943767072e-06
3657,-2.3923416249453933e-05
3658,9.05448121950028e-05
3659,-4.737223526462884e-05
3660,0.00014058663342148093
3661,2.8971081599593265e-06
3662,-0.00025559123186394655
3663,-2.1932531427591897e-05
3664,0.0001223561102524386
3665,-0.00020594603624194842
3666,-4.453537650406359e-05
3667,-0.00033235510326921853
3668,1.1468130070716151e-05
3669,0.00014877603575587107
3670,-2.1359670348465417e-05
3671,-6.965007754042712e-05
3672,0.00013293923949822732
3673,-2.583175525069222e-06
3674,8.374892920255618e-06
3675,-6.838678000494799e-05
3676,5.413718894124019e-06
3677,-3.824300132691875e-06
3678,5.9779342263936935e-06
3679,-7.254824256524432e-05
3680,-0.00023639863720163683
3681,-5.42849424295125e-05
3682,3.398002805188302e-05
3683,0.00017090415358543315
3684,-7.834166400134532e-05
3685,-0.00018542912779375816
3686,-4.025212768465264e-05
3687,4.854305684566492e-05
3688,2.4346580076962566e-05
3689,-0.00020484324190765633
3690,-0.0001022817624732847
3691,2.0589965209364846e-05
3692,0.00014192267917096646
3693,-6.669791880995042e-05
3694,-8.637836137786499e-05
3695,-4.571619145572166e-05
3696,3.866227995604247e-06
3697,4.590059164911488e-06
3698,2.6153920404612902e-05
3699,-1.4430295117199415e-05
3700,-3.862648084759713e-06
3701,-8.117830809205697e-05
3702,0.00010083640143275207
3703,-3.9729064144193936e-05
3704,2.254338581115009e-05
3705,-0.00011332661472260847
3706,-0.00010005798023194047
3707,0.0001146138711832465
3708,-3.415695019066284e-06
3709,-0.00012279896065592736
3710,-0.00010371070308610809
3711,-0.00015128155974671194
3712,-2.2774432599544524e-05
3713,0.0001712172522209582
3714,-4.5390027668326964e-05
3715,3.0395461712032444e-05
3716,-8.829354057088484e-05
3717,-9.68370487913485e-05
3718,-3.842381704598625e-05
3719,9.662982262670981e-06
3720,-4.951126212254166e-05
3721,0.0001542534845881158
3722,8.526750188320844e-05
3723,0.00015255024340003707
3724,-0.00011401331638917298
3725,-6.532582975923989e-05
3726,6.96653313934802e-07
3727,-8.498915005475253e-05
3728,-0.000206442023348062
3729,-7.77946559712286e-05
3730,-0.000246224459819495
3731,-9.782658554613582e-05
3732,-4.012266863137464e-05
3733,-9.155777599662552e-05
3734,-0.00012854826822876822
3735,-0.00019437611158937076
3736,1.4486591611057462e-05
3737,1.740368986502274e-05
3738,-0.00024990956159308376
3739,-0.00011680302927270482
3740,6.846907734870877e-06
3741,1.7052089143544402e-05
3742,1.1630340293049709e-05
3743,-7.522143013775312e-05
3744,-6.000359626486883e-05
3745,-0.00015191957792267137
3746,4.83335275202988e-06
3747,1.6144949384033604e-05
3748,1.5061039198189874e-05
3749,-0.00023815048653632305
3750,1.2751369178295004e-05
3751,5.658559501170844e-07
3752,1.667392328381535e-05
3753,-5.408864477649318e-05
3754,-0.00011056804079562399
3755,1.123360609635711e-05
3756,7.826549280434827e-06
3757,-9.106989186257074e-05
3758,-9.326877025887331e-05
3759,-0.0001759705853648479
3760,1.4305291697382904e-05
3761,0.00014871204933151555
3762,-7.846075315028376e-05
3763,4.614682868123066e-06
3764,-3.820109451189618e-05
3765,4.996249591931682e-05
3766,-6.754794698208556e-05
3767,3.764606919139625e-06
3768,-8.423433639109122e-06
3769,-3.9704157691448845e-05
3770,1.3003902882337558e-05
3771,1.0330321267247186e-06
3772,-3.4276120550930724e-05
3773,-3.1593421660363534e-05
3774,-0.00022141818674281132
3775,5.474130995571587e-05
3776,1.5748221147805406e-05
3777,6.966851279139488e-06
3778,-6.224322756752336e-05
3779,-8.887897133827125e-05
3780,1.1079352721571889e-05
3781,-2.137012891471372e-05
3782,-8.193367132917026e-05
3783,4.131386000663033e-05
3784,0.0001028352934867141
3785,-0.00014718228876590763
3786,-5.827087536454192e-06
3787,-0.0002561753295361999
3788,5.856151040643438e-06
3789,-0.0001307106065563851
3790,-0.00029959792215377025
3791,1.6840464714914497e-05
3792,-8.114695707336015e-05
3793,9.654356613755227e-05
3794,-8.288239650428262e-05
3795,8.865485899150314e-06
3796,1.5510149765759692e-05
3797,-0.00010004885606467694
3798,1.1777728796005336e-06
3799,-0.00010682296473532868
3800,-7.273716274648846e-05
3801,-2.6911255065351504e-05
3802,-0.00015242957156151514
3803,-8.257750850170832e-05
3804,6.938073039054812e-06
3805,-5.833219615742525e-05
3806,-9.633344020694502e-05
3807,2.701652450487015e-05
3808,-0.00012057847240939697
3809,8.776612542569632e-05
3810,-6.918376255780463e-05
3811,-8.847619071602782e-05
3812,-7.378310812637167e-05
3813,-0.00020143565302714728
3814,-3.685599425807573e-05
3815,2.4067884590476642e-05
3816,-7.537756524980042e-05
3817,9.615653753280645e-05
3818,1.2549615651369077e-05
3819,1.1407609377056285e-05
3820,-0.0001096292641013854
3821,-0.00011243638852611161
3822,-7.733725421130604e-05
3823,-7.09520913660522e-05
3824,-0.0002206875217147171
3825,-0.00022775848191231452
3826,-1.2539598159491973e-05
3827,2.0110246539115876e-05
3828,-0.00028054156107828
3829,-6.173839075490804e-05
3830,1.022010957822199e-05
3831,-5.336122373118982e-05
3832,9.829805977642493e-06
3833,2.8494693804532254e-05
3834,-4.287463854998332e-05
3835,1.9455624651163794e-05
3836,3.901113569736452e-06
3837,-6.457779817283086e-05
3838,-5.6876086536794687e-05
3839,-0.0001224631104618307
3840,6.934890523552101e-07
3841,-0.00011868494655936812
3842,-5.4832137748598795e-05
3843,-3.307585585862391e-05
3844,-1.1181948240846336e-05
3845,-3.474349789321413e-05
3846,0.00014184525804594123
3847,5.35637307912109e-06
3848,-0.00019824991598725244
3849,1.559571502730242e-05
3850,-2.8199415747076226e-05
3851,0.00011680903881788211
3852,-8.647329257801124e-05
3853,9.995194990187874e-06
3854,-7.312394864857121e-05
3855,-9.054474476724819e-05
3856,1.443584021180861e-05
3857,-0.00023712408524006518
3858,-5.774590652436022e-06
3859,-4.7736903186887366e-05
3860,0.0001709365769289418
3861,-0.00010808632457628796
3862,0.00013440575310960336
3863,-0.00022763414429500658
3864,1.3874098937958491e-05
3865,0.0001505176351405665
3866,2.135628145188088e-05
3867,-0.00019096626499667726
3868,0.00016664765831083018
3869,-8.45125297084446e-05
3870,-3.8521191850304475e-05
3871,-2.015010155737393e-05
3872,9.966780990362158e-06
3873,0.000153639458492398
3874,-0.00011585435597225962
3875,-0.00017127125300466978
3876,-7.149671204388277e-07
3877,2.6219689287245223e-06
3878,-0.00011996668633073572
3879,-6.652650721371148e-05
3880,-8.5232231765985e-05
3881,7.95725067146123e-05
3882,-0.00024228257834911222
3883,-3.229641215875728e-05
3884,-2.0160975866019625e-05
3885,-7.850427404046006e-05
3886,-7.645060420036265e-05
3887,1.8936836812645148e-05
3888,-0.0002166361281648266
3889,8.334298990666825e-06
3890,-8.766363104805338e-05
3891,-0.0002647057898342595
3892,-6.382588017731896e-05
3893,-7.253370806574836e-06
3894,-5.931146256625619e-05
3895,-0.00023952781856059904
3896,-9.737150743603491e-07
3897,9.769306797534215e-06
3898,-8.378186495974661e-05
3899,1.6932392679154773e-05
3900,-6.597925107926084e-05
3901,-7.441877424716911e-05
3902,-1.5473257377743632e-05
3903,-5.793866328895084e-06
3904,4.6694238670170245e-06
3905,-7.508057802915519e-05
3906,1.806171750649798e-05
3907,-0.0001922016001306473
3908,7.32666378840802e-05
3909,7.3758769780397226e-06
3910,-2.1482462156563926e-05
3911,-7.363158939406222e-05
3912,-0.0001146465742960569
3913,-0.0001233154510147865
3914,8.110361415892752e-05
3915,-0.00010013593994080923
3916,1.4822012744843898e-05
3917,-5.976935904473065e-05
3918,1.65885106660426e-05
3919,-8.295243605971697e-08
3920,1.3322332687675975e-05
3921,-6.772145302966224e-05
3922,-6.596710719168162e-05
3923,1.9555887859314604e-05
3924,-0.00010252344058826508
3925,9.478192776441534e-05
3926,-6.312251910567215e-05
3927,-8.289457717910362e-05
3928,-0.00012862448273226544
3929,-4.173190789297207e-05
3930,-9.450532700866397e-05
3931,-0.00021725487653166022
3932,0.00013661897573620106
3933,-9.676114646717884e-05
3934,-0.00021289538210257793
3935,-8.366806656122169e-05
3936,-7.118969736620735e-05
3937,6.721224598586498e-05
3938,-6.044304398819771e-05
3939,8.954573795199337e-06
3940,-9.88594256341474e-07
3941,-0.00013146082665771206
3942,-0.000268542744871229
3943,2.849528407678014e-05
3944,2.0195279177278208e-05
3945,-9.898389698937484e-05
3946,-0.00027546283872797864
3947,-5.34763033501801e-05
3948,-0.0001071602771058674
3949,3.428915217518795e-05
3950,-3.6500562168657416e-05
3951,-0.00016484353728592405
3952,4.601979292929159e-05
3953,-2.2928022779524123e-06
3954,0.00016736635770648703
3955,1.3925731182098246e-06
3956,1.3669427856802832e-05
3957,-0.00014798196749761682
3958,-8.366564922034731e-05
3959,-4.222623351961356e-05
3960,3.975841868668787e-06
3961,8.439853414893158e-06
3962,3.6407345905901634e-07
3963,2.2041957080364178e-05
3964,-3.5501497052609695e-05
3965,1.9634403660893338e-05
3966,-0.00022908769249915966
3967,0.00013041850998997656
3968,-5.288763763383019e-05
3969,9.864673856645804e-05
3970,1.3723730389028733e-05
3971,0.00011289319274946998
3972,-0.00023139795688912235
3973,-0.0002676187349483359
3974,-0.0002078683921135957
3975,9.922086447477295e-06
3976,1.4155325014144125e-05
3977,-0.0002208133891224856
3978,6.801640801131708e-06
3979,-8.92726978287099e-05
3980,-7.232042541727369e-05
3981,2.9495136439800357e-05
3982,-2.554026711732143e-06
3983,8.679122934117862e-05
3984,0.00014753298461437118
3985,-5.195024907588949e-05
3986,-9.792644586414115e-05
3987,-1.7869818955659792e-05
3988,2.2347625903785152e-05
3989,6.846636161208133e-06
3990,-0.0002622595736756914
3991,2.4972228333353836e-05
3992,2.1796503663062977e-05
3993,-9.253769218921614e-05
3994,7.90950264781713e-06
3995,-0.00012265874771401228
3996,1.3470922969281686e-05
3997,8.932504588738058e-05
3998,6.7134319804607964e-06
3999,2.148425541818132e-05
4000,-0.00013696186915039928
4001,1.085936268791551e-05
4002,0.00012156368084251842
4003,7.747563906013932e-06
4004,-6.975731253623932e-05
4005,-0.0002507853521034108
4006,-9.472473748028239e-05
4007,-8.133287914097254e-05
4008,-3.112329728901411e-06
4009,-4.025737708434467e-05
4010,3.3830468542873957e-06
4011,-3.3431215677409965e-05
4012,-0.00013244095481932137
4013,8.020582739263766e-05
4014,-0.0002552529009059056
4015,-0.00029948168853297867
4016,0.0001765092072077094
4017,-0.00021467777090147078
4018,6.890786718577036e-06
4019,-9.729913100600177e-05
4020,0.0001358956610783928
4021,-0.00018170687388628672
4022,-1.0403747670352942e-06
4023,9.553453978151009e-06
4024,-8.551178127527214e-06
4025,2.0157392323016945e-05
4026,8.455403335392427e-05
4027,5.923597887158302e-06
4028,8.823488354682901e-05
4029,0.00013354571824893268
4030,-0.00014000213295221284
4031,-0.00013313653431832744
4032,-0.00010902349166572109
4033,6.990368794649798e-05
4034,-2.0174802932888214e-05
4035,-3.4707320854067515e-05
4036,8.068332634866166e-06
4037,0.00015536085590720156
4038,-0.00023143532443791623
4039,0.0001234128741547458
4040,-0.00010812226328998823
4041,-0.00011444912422448371
4042,-6.728683784604078e-05
4043,-9.316388722509141e-05
4044,9.229525476694064e-05
4045,-6.359707005321917e-05
4046,3.2939945440739157e-05
4047,-0.00014983495296910416
4048,-6.707222610712022e-05
4049,0.00017546118544414698
4050,-0.00016987670445814686
4051,-5.338445920497175e-05
4052,-0.00010376076269894813
4053,-0.00012687718374654655
4054,-7.008205167949204e-05
4055,1.6233771480619784e-05
4056,-7.664019195362904e-05
4057,-9.905656762421122e-05
4058,4.8024889081716616e-06
4059,1.237274995073674e-05
4060,7.523751221597163e-05
4061,0.00017761596916243344
4062,0.00017414418701082367
4063,-0.00011044218391179984
4064,-7.325359648093543e-05
4065,-0.00017056319303810542
4066,-5.426654089242205e-05
4067,7.81162017956372e-06
4068,-8.364658430218691e-05
4069,1.8008066248148715e-05
4070,0.00016479493696242587
4071,1.422327039763323e-05
4072,1.171373538672921e-05
4073,2.3173319362103792e-05
4074,-1.89928710460696e-07
4075,0.0001431163521483529
4076,-7.734097857028215e-05
4077,9.05101048760113e-05
4078,1.439458569511767e-05
4079,0.0001367713850922874
4080,7.996045984327748e-06
4081,0.00014734034398570576
4082,0.00013487319089472237
4083,-1.053715785965318e-05
4084,9.617896471172518e-06
4085,-6.739676110446402e-05
4086,-8.274569921195473e-05
4087,6.574955675750971e-06
4088,8.457151427865014e-06
4089,2.643969049677246e-05
4090,-7.976488359272478e-05
4091,-7.790843993425306e-05
4092,6.062984094023707e-06
4093,-2.5946415960789035e-06
4094,0.00017283836603164594
4095,0.00015282326322048787
4096,-4.9139744136482236e-05
4097,4.388953950256106e-05
4098,-6.235057823359955e-05
4099,-2.7650682255625716e-06
4100,-2.0585779938846865e-05
4101,4.090132284909477e-06
4102,-0.00021832677815109363
4103,1.6698790248483315e-05
4104,-6.407281225547186e-05
4105,-5.379906874150032e-05
4106,-6.614215318113548e-05
4107,-9.545213095843761e-05
4108,0.0001638912747614081
4109,-0.0002357780727557831
4110,0.00010787251517176603
4111,-3.875862900167705e-06
4112,-4.070727908983829e-05
4113,-2.883522929623713e-05
4114,1.5748591348528717e-05
4115,5.723195057362346e-06
4116,2.7202427014708432e-05
4117,-0.00023724188543856043
4118,-7.496901284903276e-05
4119,-1.8155375495552891e-06
4120,-0.00024142120918258932
4121,-5.6947568152099676e-05
4122,-5.793576836585958e-05
4123,-1.8836539238692576e-07
4124,3.556916378438442e-05
4125,-6.985800620168446e-06
4126,-2.3055817000567937e-06
4127,5.410924181342111e-06
4128,3.422449994832228e-06
4129,-0.00020883662654086883
4130,1.1247131973504955e-05
4131,-7.331198127940293e-05
4132,-5.0567004457116004e-05
4133,0.00016014290675520808
4134,0.0001666331913322203
4135,-0.00011704170349985331
4136,-0.00011077806949615494
4137,1.2387247662991256e-05
4138,-3.1538599170744484e-06
4139,8.42421585693949e-06
4140,-0.0002125497596338388
4141,0.00010336439292877886
4142,2.2619872167706476e-05
4143,-5.854933485388747e-05
4144,-9.24933915957808e-06
4145,0.00015475984765216601
4146,-6.760635785758462e-05
4147,-1.7538539879023872e-05
4148,2.1653920784592532e-05
4149,-7.989849289879171e-05
4150,9.157013203948726e-05
4151,-8.25098559260366e-05
4152,-5.899764206260432e-05
4153,-0.0001033169856294984
4154,-6.269097328186043e-06
4155,0.00010991879934444992
4156,-0.00015771748973056663
4157,4.430344700813266e-06
4158,7.963606808334506e-06
4159,-8.070690948516122e-05
4160,-0.00010518486946821185
4161,0.00010992653844878032
4162,9.727523494511792e-05
4163,-0.00019308797428384364
4164,-8.138139862567172e-05
4165,6.914819981902829e-05
4166,0.0001381374396383754
4167,-6.420332705602038e-05
4168,8.127889968454814e-06
4169,1.7532616015523694e-05
4170,-6.126519255340072e-05
4171,4.5480205863713966e-05
4172,-3.13530396670095e-06
4173,-9.658072236925336e-05
4174,1.113929748535157e-05
4175,-3.7644893396645556e-05
4176,9.46596941910684e-05
4177,1.3489388022571662e-05
4178,4.304700624197736e-06
4179,-0.00010367642194032651
4180,-0.0002592495558783404
4181,-8.436703579500243e-05
4182,2.7460061199963067e-05
4183,7.972749322652759e-06
4184,-0.0001533979005180299
4185,1.1140906251967194e-06
4186,0.00010331995254382469
4187,-0.00011246775835752466
4188,-0.00011569552468135898
4189,-9.459884613752347e-05
4190,1.4624775014817738e-05
4191,-2.306578755378727e-05
4192,0.00013249134235084056
4193,-7.517016138881419e-05
4194,1.8751527275890075e-05
4195,-6.969997938722347e-06
4196,-0.0001644913738593453
4197,-8.022752040997115e-05
4198,1.7340155690908323e-05
4199,2.9214238189160766e-05
4200,-0.00012337857466191034
4201,2.414528932422392e-06
4202,0.00011118095507845316
4203,3.0182337108999295e-05
4204,-0.00015434128083288682
4205,-7.847355501726258e-05
4206,-3.1234058830887007e-05
4207,-7.692747619003019e-05
4208,9.87002206966278e-05
4209,1.6092622466385346e-05
4210,-8.523114863783075e-05
4211,-0.00013270542155951074
4212,-6.397247780114408e-06
4213,-1.812731008976711e-06
4214,1.91689971834421e-05
4215,-0.00017097981795668533
4216,0.0001347827614285046
4217,-9.21205587685104e-05
4218,2.0462396461516555e-05
4219,-0.00018660784820094677
4220,2.1838424727320358e-05
4221,-0.00019798784097656568
4222,3.388207908719762e-05
4223,-6.247312519699318e-05
4224,-6.91225490532816e-05
4225,-6.69705677777529e-05
4226,0.00016487576402723778
4227,1.4280930720269589e-05
4228,2.8605520166456777e-05
4229,1.9809687603265033e-05
4230,1.2705726549029315e-05
4231,-0.00011693735681474185
4232,-2.734242752194393e-06
4233,-8.837576974183301e-05
4234,-5.476462384685864e-05
4235,-9.166183397173882e-05
4236,-3.92425822094081e-05
4237,-0.00022416948694735706
4238,0.00010611786590889092
4239,-0.0002134848099201912
4240,-9.830448888242219e-05
4241,6.228967197239383e-06
4242,-7.914209719747293e-05
4243,-4.506365600973347e-05
4244,0.0001690673935227095
4245,-0.0001406614347361034
4246,0.00019159708293154783
4247,4.825836429372418e-05
4248,2.471009362488979e-05
4249,-3.576944563537826e-05
4250,9.175502844154828e-05
4251,0.0001496129408478731
4252,1.036638729274271e-05
4253,-0.00021258589904755274
4254,3.842940926551788e-06
4255,-4.4976169615983854e-05
4256,-8.513275878503903e-05
4257,-8.35049031302325e-06
4258,-9.720737067982552e-05
4259,-2.858117436990137e-05
4260,0.00014630336398258759
4261,1.4457717351615442e-05
4262,0.00015662251021712946
4263,-9.83371214941143e-05
4264,-0.00013669465482234937
4265,0.00017021819977089698
4266,-0.0002298061712644991
4267,1.1368079483509042e-05
4268,-3.805129360407548e-05
4269,-6.48822202347216e-05
4270,-8.741253763437236e-05
4271,1.1180439963936758e-06
4272,2.0594914816319942e-05
4273,-7.486389195546452e-05
4274,-0.00023171059340238608
4275,3.497010692954052e-05
4276,1.3473209459334581e-05
4277,6.927086040377227e-07
4278,3.0478739738464188e-05
4279,-4.288461357355104e-05
4280,-3.986179251223795e-05
4281,1.8172150943428236e-05
4282,-9.111449867486931e-05
4283,-0.0002767476206645364
4284,-1.2941945251077459e-05
4285,-5.461784219369269e-05
4286,-7.742458637803713e-05
4287,6.728449929505576e-06
4288,-3.618591893464342e-05
4289,1.2678864970803241e-05
4290,0.00015108298240229485
4291,-9.650751110166262e-05
4292,-8.449018597602797e-05
4293,0.00014023251850157895
4294,1.8569217063486652e-06
4295,-5.2997991722077e-05
4296,-7.201958922669255e-05
4297,-0.0002749169757589711
4298,2.85089574754235e-07
4299,-0.00010510776396840715
4300,1.4426714368164504e-05
4301,-8.419874869287027e-05
4302,-3.984059011563642e-05
4303,-1.3771853968501078e-05
4304,1.3127252738922808e-05
4305,1.0028940625488794e-05
4306,-0.00010456821974366844
4307,-0.00017975850757211335
4308,-8.3729777485132e-06
4309,-1.3170699775218927e-05
4310,-0.00014164314055815217
4311,-7.635662853717815e-05
4312,-4.190746322274187e-06
4313,-7.579065505415156e-05
4314,-0.0002140918338671327
4315,-6.989325853064638e-05
4316,-0.00012415193580090966
4317,-8.781935926526746e-05
4318,2.878096029162396e-05
4319,-0.00015999524667859006
4320,-9.855120247229913e-05
4321,8.831428922712781e-06
4322,-5.224022045731517e-05
4323,-6.954246880486573e-05
4324,-5.016989447176454e-05
4325,-8.301990516483752e-05
4326,2.4802929721772633e-05
4327,-0.00030672421474009607
4328,-0.00012812395235523518
4329,1.9862882047891585e-05
4330,-5.132734021171898e-05
4331,-7.243432700634024e-05
4332,-0.0002878290224820368
4333,-9.409601204097221e-05
4334,-0.0001379506997764109
4335,-0.00014335191221907703
4336,-9.690640484914208e-05
4337,9.97704494744539e-05
4338,8.157812254503382e-05
4339,-0.00016949966065585547
4340,-8.990337532013619e-05
4341,-6.726883603259921e-05
4342,2.327829282730814e-05
4343,-3.6103064287453626e-05
4344,4.32844348251813e-06
4345,1.83618009090423e-05
4346,-0.00012397016845643483
4347,-6.696777530014484e-05
4348,-6.740020783618099e-05
4349,0.00010874114800244542
4350,4.604474920779418e-06
4351,9.597240518778555e-05
4352,1.0684182774275506e-05
4353,-4.833152592182164e-05
4354,9.681617086753222e-05
4355,0.00013157258406281379
4356,-7.425042362883695e-05
4357,0.0001189969019964337
4358,9.170892369002092e-06
4359,-6.27421583980316e-05
4360,-0.0001157071134075517
4361,1.3244093302637311e-05
4362,-5.9568156301975326e-05
4363,-0.00010435640104114997
4364,4.5722011849284155e-05
4365,1.1159694474190502e-05
4366,4.877799935638894e-06
4367,5.539566278457658e-06
4368,-8.843266554176797e-05
4369,-0.0001321681250818066
4370,7.783358171582203e-06
4371,2.842361107468756e-07
4372,9.910115040838643e-06
4373,8.071159571409232e-06
4374,-2.199173569679257e-05
4375,2.589299455285052e-05
4376,-7.166571794077686e-05
4377,0.00016667358744889402
4378,0.0001359822552651166
4379,3.3166993409395087e-06
4380,-7.088145650923246e-05
4381,-5.797400027513505e-05
4382,-4.4161819666623976e-05
4383,-3.6213453393429395e-05
4384,1.261495240032674e-06
4385,9.361066669225644e-06
4386,-8.015362136065919e-05
4387,-0.00010344946719706026
4388,1.0430311039090099e-05
4389,1.6448658797889928e-05
4390,-0.00017271121460944256
4391,-0.00011019440218806205
4392,9.486925285309553e-05
4393,-0.00011546090003102982
4394,2.379218814894544e-05
4395,-8.252530787140143e-05
4396,4.966807737946484e-05
4397,-3.254632698372002e-05
4398,-0.0002897587155923234
4399,-8.939400669187227e-05
4400,4.607319645583618e-06
4401,7.689303234219522e-05
4402,6.818765215575722e-06
4403,2.0076317992061257e-05
4404,2.456346526742002e-06
4405,0.0001231583251617843
4406,-5.438170488923728e-06
4407,-5.71279878728092e-05
4408,-4.245658656582231e-05
4409,-4.27463641390204e-06
4410,1.5389871783554068e-06
4411,3.842091076076017e-05
4412,7.54712594673035e-05
4413,3.5076363943517116e-06
4414,1.262109167873818e-06
4415,2.7230563666671337e-05
4416,-8.553730417042938e-05
4417,0.00010309240510687172
4418,-3.0809604842215805e-05
4419,9.26164676435294e-05
4420,8.611286580562574e-05
4421,1.0402047820389185e-05
4422,1.5290648303925918e-05
4423,-0.00015998252984136344
4424,-4.3690533563494375e-05
4425,2.1521782688796475e-05
4426,-7.70586150698363e-05
4427,-9.835042357444716e-05
4428,1.9054922275245162e-05
4429,2.4691348057240162e-05
4430,0.00016779650487005665
4431,-5.814132876694193e-05
4432,-6.614955626428101e-05
4433,9.478344582020938e-07
4434,-8.366321828216281e-05
4435,-2.3336022254079416e-05
4436,2.1090247668325867e-05
4437,-0.0001169586677104231
4438,7.188074514269773e-05
4439,-5.055887252092346e-06
4440,7.638730201870114e-06
4441,-7.119735423475469e-05
4442,-0.00014279801528900888
4443,-0.0001892222160473459
4444,-2.6905952394008646e-05
4445,-0.0002387211371213193
4446,-8.229724299162623e-05
4447,-0.00010967594794929002
4448,2.141233161091809e-05
4449,0.00017671927930787125
4450,-7.880794648081039e-05
4451,1.2533648964017628e-05
4452,-0.00010353175224736246
4453,-1.0439688339829561e-06
4454,-4.167317282408462e-05
4455,3.557740151882139e-06
4456,-0.00010176960192620763
4457,-7.82297700643535e-05
4458,1.758333267644021e-05
4459,9.258441161364313e-05
4460,3.527057934552407e-05
4461,-6.882490590214588e-06
4462,-1.599394408985968e-05
4463,2.0680795237421875e-05
4464,-6.658895723521683e-05
4465,0.00014523108648136236
4466,-8.204283267259555e-05
4467,-3.719109874218653e-05
4468,-7.4623482208699e-05
4469,1.7775503080338206e-05
4470,-7.401458267122492e-05
4471,-3.501444868743449e-06
4472,0.00013243514336645453
4473,0.00014689502930268633
4474,0.00016896607344970058
4475,-0.0001451797593384976
4476,-0.00021569675952195973
4477,0.00011272852355614257
4478,1.653680279850952e-05
4479,7.248667068779476e-06
4480,9.994163364171908e-06
4481,-8.351807361468624e-05
4482,-6.886660056188683e-05
4483,-8.503272635862233e-05
4484,1.0041998978704135e-05
4485,0.00014506245795637326
4486,1.14442839287221e-05
4487,-6.64482394233343e-05
4488,-5.150360669940672e-05
4489,-0.00014980952003970747
4490,-4.3297846335917346e-05
4491,-3.45573518425223e-06
4492,-7.088067624717956e-05
4493,7.798188365995719e-07
4494,2.574187554419031e-05
4495,4.056045599281802e-06
4496,5.2573864534497214e-05
4497,5.400720331817835e-06
4498,8.600956760346871e-06
4499,1.868775729089974e-05
4500,-5.244515109807235e-05
4501,1.0961641091853367e-05
4502,-7.396896816790047e-05
4503,8.098766580224016e-06
4504,-9.427245324477538e-05
4505,-5.9582480788230734e-05
4506,-0.00011335542956367127
4507,-0.00010399930784478755
4508,0.00017824013810604768
4509,-1.2022521067410636e-05
4510,1.6907486785203146e-05
4511,0.00014978026086464433
4512,0.00012510214587673556
4513,-1.5826243907212824e-07
4514,2.074397467076765e-05
4515,-4.2591586895286885e-05
4516,-3.874933319166298e-05
4517,-2.631414849311115e-05
4518,-2.8626927174627527e-05
4519,-0.00012804896021261782
4520,5.914064869284628e-06
4521,4.109133780002554e-06
4522,-4.9105076864361676e-05
4523,6.381807290017565e-06
4524,0.00011753149060532417
4525,-8.896986814215756e-05
4526,-6.99368265457451e-05
4527,1.631674561649557e-05
4528,8.956716954708086e-06
4529,-5.193301392719116e-05
4530,-9.237861447036222e-05
4531,6.856138445436891e-06
4532,2.9637229256331724e-05
4533,-9.46161323226985e-05
4534,2.1371555235236937e-05
4535,-0.00023441151492297572
4536,-8.191869035363191e-05
4537,1.5505408868193583e-05
4538,-5.341217294335372e-06
4539,9.916453994810522e-06
4540,-0.0001792683675885201
4541,8.413386456668342e-05
4542,-0.00026887623220682195
4543,-2.668693382292979e-06
4544,-5.947478311136344e-05
4545,1.8762454017996654e-05
4546,7.453247345983977e-05
4547,-2.445820039138186e-05
4548,-9.19511168263844e-05
4549,-5.833898587152343e-05
4550,-8.573570866137748e-05
4551,-0.00020578784644603598
4552,-0.00019594066729769187
4553,-1.133983423933384e-05
4554,6.052206270396712e-06
4555,-0.00019424975393339886
4556,3.5719571448862386e-05
4557,2.4898760393261876e-05
4558,2.2466407157480434e-06
4559,1.624632719904189e-06
4560,-4.878526274114847e-06
4561,-4.3822647817432884e-05
4562,8.124267887324089e-05
4563,-7.535130400210594e-05
4564,-8.591838851571024e-05
4565,-5.966243045404505e-05
4566,-8.118073120713205e-05
4567,0.0001112380978651341
4568,-0.00020504999319091407
4569,-8.452303800731879e-05
4570,-0.00014977647094055897
4571,-0.00027817072635516406
4572,-2.9179769940674327e-05
4573,-0.0001187640614807599
4574,1.5861669648438703e-05
4575,3.596952427178622e-05
4576,-0.00030434406790882224
4577,9.109551543369852e-05
4578,3.8608781062066654e-05
4579,1.5731093846261463e-05
4580,-8.956938162445949e-05
4581,2.2651036549359524e-05
4582,-0.00010875382348895042
4583,-8.222859930247065e-05
4584,-0.00020945899523794583
4585,-6.654755165800457e-05
4586,-3.581066709011842e-06
4587,-0.00016103088865056502
4588,1.7367674037814547e-06
4589,1.4984224550425936e-05
4590,-0.00012444026367738835
4591,-5.398002099245762e-05
4592,3.145358655601731e-05
4593,-2.589745623990879e-05
4594,-5.4460020456462896e-05
4595,0.00012226226609200224
4596,-0.00010172695871442537
4597,8.101560976356238e-05
4598,2.2746170870959625e-06
4599,-9.290074845775913e-05
4600,0.000127710061427205
4601,-8.401326080784153e-05
4602,2.7985739521682234e-06
4603,-5.956690814346044e-05
4604,7.166183926165107e-06
4605,-7.583205243572564e-05
4606,-7.373467246070462e-05
4607,-7.879112958908049e-05
4608,-6.877015130594345e-05
4609,0.00013804048411548078
4610,-9.903490394353804e-05
4611,-9.971327790990495e-05
4612,8.295019986107877e-05
4613,-7.208933988586077e-05
4614,-7.087139468640055e-05
4615,-0.0002316262196749433
4616,0.0001366046435199672
4617,2.4045652709901265e-05
4618,-6.827768320217716e-05
4619,-0.00013013246860355093
4620,-6.115950085222644e-06
4621,4.78518493473522e-06
4622,-2.9676429927348873e-06
4623,1.5953476727008728e-05
4624,6.731231138110166e-06
4625,-8.492302838712884e-05
4626,1.0407510958611854e-05
4627,-7.46397454291582e-05
4628,-4.303635535761712e-05
4629,2.9605210013687558e-05
4630,-9.186307806521602e-05
4631,-9.439942883327571e-05
4632,-6.4746931195259255e-06
4633,-9.59377573803067e-05
4634,-1.5389325004070966e-05
4635,-2.622922053560605e-05
4636,-8.426325470209102e-05
4637,6.604246851056807e-05
4638,-0.00013596066292375283
4639,1.4256959781050602e-05
4640,-0.0002395869090221803
4641,-4.6271190792321996e-05
4642,-4.3948017153888844e-05
4643,-6.319954944774459e-05
4644,-0.00015779515756293998
4645,7.3760917410254466e-06
4646,-0.0001866626606322821
4647,1.5867293067276436e-05
4648,2.224063407629742e-06
4649,4.4346302747728157e-07
4650,0.00014589639548212238
4651,-9.844120377674654e-05
4652,1.693079229444261e-05
4653,-7.607484757900215e-05
4654,-7.629334554076197e-05
4655,-1.643974240869309e-06
4656,1.9519220106303742e-05
4657,-3.812653338536609e-05
4658,7.200956586748303e-05
4659,-6.771142138168183e-05
4660,-7.28200793266294e-05
4661,1.0689923539757687e-05
4662,-8.234974527731533e-05
4663,0.00017262019142508413
4664,-0.00010263012349605564
4665,-0.00011813859818503219
4666,-5.3134296275675146e-05
4667,1.298371264711024e-05
4668,-3.188903573900466e-05
4669,-5.613513197749808e-06
4670,-4.29102543741465e-05
4671,-0.00029516945462673705
4672,5.98580902442333e-05
4673,-0.0001347298484295608
4674,-1.1128378659486732e-05
4675,-0.00015046191560104432
4676,-2.797743957489722e-05
4677,0.0001655131926760074
4678,-7.29776617139576e-05
4679,2.3600522335618735e-05
4680,3.161492859944706e-05
4681,-4.184337528422465e-05
4682,-0.00023198644295334777
4683,-5.214006276801227e-05
4684,7.2390886023640664e-06
4685,0.00015197822432965084
4686,1.086038928478952e-05
4687,-0.0001810503982938826
4688,1.229907693341366e-05
4689,0.00013550611026585043
4690,-8.55680841021235e-05
4691,-0.00010518041793256977
4692,-9.980685170739872e-06
4693,-5.39424747228622e-05
4694,1.019817786291237e-05
4695,2.6891084574162937e-05
4696,-4.8458707425743076e-05
4697,-0.00023937421580776458
4698,8.882441446185085e-05
4699,-0.00018887546854093562
4700,3.1454074196517253e-06
4701,-5.915744062513105e-05
4702,-8.711202815175053e-05
4703,2.6316534075885893e-05
4704,7.168940734118192e-06
4705,3.485972266644229e-05
4706,-8.828262928873274e-05
4707,-0.00011426133224740579
4708,7.460174765437805e-05
4709,8.955947868525964e-05
4710,-7.136868666857458e-05
4711,0.0001518410208635036
4712,-8.600347181782089e-05
4713,-8.347463132813588e-05
4714,-5.7447134517132914e-05
4715,-1.7529596108943194e-05
4716,-7.520041521638626e-05
4717,-0.00011059336680918906
4718,9.35635417699819e-06
4719,-0.00014238254576921485
4720,-0.00029441806245594944
4721,-1.295088790357109e-05
4722,-0.00017988129295408718
4723,-0.0001746667894534758
4724,-0.00012910750899463832
4725,5.688093099743121e-05
4726,-0.0003006245629861929
4727,0.00011302865808829645
4728,-1.2192112766206184e-05
4729,1.265846332535138e-05
4730,-6.062190011143649e-05
4731,-3.663502065464854e-05
4732,-0.00020636489372700373
4733,1.6908400505781176e-05
4734,-0.0002454725649207832
4735,-9.75186306983233e-05
4736,-0.00011804307317361229
4737,-9.292749473825123e-05
4738,-5.464623551815744e-05
4739,-0.00010177254611626197
4740,3.273016680031988e-06
4741,-4.6932011004537075e-05
4742,1.0795665439218262e-05
4743,1.2166657485068058e-06
4744,-0.0001365407360717644
4745,-0.00021967682251706645
4746,-0.00021392695643007712
4747,9.300383143126889e-05
4748,-0.00015997664658352732
4749,-6.945064943283785e-05
4750,-3.1958226766437227e-05
4751,1.4590731076896147e-05
4752,1.5846858173608738e-05
4753,4.12403121590613e-06
4754,0.00011487637907266582
4755,9.228582493960798e-06
4756,2.4136460386216553e-05
4757,2.924036104232035e-05
4758,2.2309619002044056e-05
4759,9.833936830982559e-05
4760,-0.00011173559166491011
4761,-0.0002649578866548833
4762,3.466654671356069e-05
4763,0.00010705321533605416
4764,0.0001531059977598477
4765,3.4578283317387073e-06
4766,0.00011826195139437883
4767,-7.990557663142672e-05
4768,-5.506682088598587e-05
4769,-0.00011439238321036075
4770,7.820705957710732e-05
4771,1.186224725097417e-05
4772,-4.3992073461413305e-05
4773,-1.861677672713994e-05
4774,-4.022992216050615e-05
4775,3.5038948804140065e-05
4776,-0.00025859500123187737
4777,-6.375067364424441e-05
5978,-1.3585457392036866e-05
5979,2.5379457511007593e-05
5980,4.721343889832496e-06
5981,-1.663081189617511e-05
5982,1.551145594567061e-05
5983,-1.952305408194659e-05
5984,-2.803240092471239e-05
5985,-0.00019093640632927305
5986,4.9230384640395385e-06
5987,0.00014413046706467843
5988,9.131686436012368e-05
5989,-4.337205924093708e-06
5990,9.511513207107745e-05
5991,1.7375007458031174e-05
5992,-1.2003882694989406e-05
5993,1.5363427717238616e-05
5994,2.213771827518941e-06
5995,1.9509779289364686e-05
5996,-4.4079864118247974e-05
5997,-1.1708884406834809e-05
5998,2.2074558027088675e-05
5999,-2.282249210402369e-05
6000,0.00010729261990636531
6001,-1.6476006340235394e-05
6002,1.0158593114465431e-05
6003,0.00010420284587889859
6004,-5.5692839436232825e-06
6005,0.00012800805075094033
6006,-1.667931210249659e-06
6007,0.0001098588742315764
6008,-0.00012237504171207534
6010,5.2127935923635575e-06
6011,-4.251811876893037e-05
6012,-5.707403589040016e-05
6013,-2.500828839838496e-05
6014,-0.00014674122426658914
6015,0.00010844559194520093
6016,0.00010304085239767984
6017,-4.0703433379530796e-05
6018,-1.8926848936825908e-05
6019,-3.582229549065234e-05
6020,3.174282945692526e-05
6021,7.655305787920883e-07
6022,2.9990276601165457e-05
6023,-3.4685982391237996e-06
6024,-7.063540630042524e-06
6025,-3.068546894937748e-05
6026,0.00012351918779313504
6027,0.0001388762122020119
6028,3.530611265450665e-05
6029,-6.031555160880057e-05
6030,0.0001038863046094774
6031,9.948814967647206e-05
6032,-3.3750696107745106e-06
6033,0.00014356336351484033
6034,1.0386104974895647e-05
6035,-3.4417441580444376e-05
6036,-0.00014220730522647435
6037,-3.666592761874459e-07
6038,2.200776776298872e-05
6039,-0.00011752103567123417
6040,-8.421932812780132e-06
6041,-1.4522820897400346e-05
6042,2.1671159192919666e-05
6043,-1.1022544838488059e-05
6044,-1.7263743653893534e-05
6045,1.77549302577971e-05
6046,-5.016971649602019e-05
6047,-6.083698431029892e-05
6048,-8.453879812732285e-05
6049,4.06962074339408e-07
6050,-8.671351652592423e-05
6051,-0.00017602263400331137
6052,7.155799213796875e-06
6053,-3.472430892288666e-05
6054,-5.3308697976171914e-05
6055,2.3925691377371558e-05
6056,-2.795994477346511e-05
6057,0.00014208379993215138
6058,2.8959477972239192e-05
6059,-1.1113079357892223e-05
6060,-1.6087491810321692e-05
6061,0.0001468002070672811
6062,-6.827770639210931e-06
6063,-2.3962733522057434e-05
6064,-1.2329382821917473e-05
6065,4.421286070719324e-05
6066,-1.6489098500460383e-05
6067,-3.576213866472235e-05
6068,-4.9473333638161354e-05
6069,1.6215020511299324e-05
6070,-1.1846406199038049e-05
6071,3.7656309083104192e-06
6072,3.7703304551541695e-05
6073,-0.00017088074386119746
6074,-5.4042695090174695e-06
6075,0.00014584065563976687
6076,-0.00022381586879491726
6077,-1.3173133879899934e-05
6078,2.188614103943112e-05
6079,0.00011725998492911388
6080,1.4642865024507019e-05
6081,-1.8714121915399906e-05
6082,-2.4131498858332565e-05
6083,3.2615878619253587e-06
6084,9.307223185896865e-05
6085,0.0001503067428246127
6086,-8.01694476976988e-06
6087,6.668176967650654e-06
6088,-0.0002081643158569932
6089,0.00011013557268306556
6090,3.6698465235531213e-06
6091,9.465812444686872e-05
6092,-1.158093921840167e-05
6093,-7.456027343869162e-06
6094,-0.00013650979604572022
6095,0.00013058820692822323
6096,2.9685356002300957e-05
6097,-4.041499923914666e-06
6098,9.455572944134491e-05
6099,-1.3858191482722734e-05
6100,-1.3956544082611748e-05
6101,3.0135896336287103e-05
6102,0.00012179537378251424
6103,8.147877082228621e-06
6104,-4.36570589430629e-05
6105,0.00015544695928692756
6106,-1.5712768211960775e-05
6107,2.9715328849851764e-05
6108,-1.9248078018426862e-05
6109,9.960586773231599e-05
6110,-3.9338999427854896e-05
6111,3.5200169961899564e-05
6112,-4.913738919422026e-05
6113,0.00011196480169892289
6114,-5.9306159615516635e-06
6115,-1.964838560670604e-05
6116,2.8183625638484885e-05
6117,-4.897020449861869e-05
6118,9.510520007461327e-05
6119,2.185960151255127e-05
6120,1.8235484510660177e-05
6121,0.00013258264046162377
6122,1.642291815951466e-05
6123,0.00010428228527307463
6124,0.00011253583598881938
6125,5.921420268714424e-06
6126,-1.7162108421325492e-05
6127,0.00010765000507235543
6128,0.00013985418938100306
6129,3.235332854092121e-06
6130,6.487704813480394e-07
6131,-2.538784481585019e-05
6132,0.0001077568851411336
6133,1.6183303669092778e-07
6134,9.486879594624063e-06
6135,8.571971207857095e-06
6136,-1.088824812322853e-05
6137,-9.418302150443153e-05
6138,5.022295825183382e-05
6139,4.270649515092296e-06
6140,-4.003148870542636e-05
6141,-3.2959828432649446e-05
6142,6.027541123330379e-07
6143,9.220263995230184e-05
6144,0.00015381069155409913
6145,0.00012102379314601394
6146,-1.8213080614805206e-05
6147,1.707971729338159e-05
6148,2.2940547019243132e-05
6149,-1.581411184743037e-05
6150,1.4206531457602867e-05
6151,2.9190359357744425e-05
6152,1.9397230260074033e-05
6153,-4.198395088315012e-06
6154,-1.1679399572312782e-05
6155,-3.984597092494348e-05
6156,2.7616116125136513e-05
6157,0.0001001561524346467
6158,0.00011716254185885159
6159,1.652798159047952e-05
6160,2.335853967815619e-05
6161,2.3929559253156067e-05
6162,9.975593304261533e-05
6163,-4.450529552996158e-05
6164,1.4725444931536954e-05
6165,0.00010654317345470165
6166,-3.1901602819561756e-05
6167,-2.162109259515994e-05
6168,1.755831912159911e-05
6169,2.9558101668953265e-06
6170,-8.025321662425959e-05
6171,0.00012814691569656037
6172,1.718564610928276e-06
6173,-9.117743372917165e-06
6174,-1.1653384938836105e-05
6175,-1.411702586337922e-05
6176,9.58546958863728e-06
6177,4.127337783574993e-06
6178,1.2257349863648448e-05
6179,-1.7968166153877906e-05
6180,0.00013430435406044095
6181,0.00010937179755419475
6182,0.0001209258814342321
6183,0.00013463829215615947
6184,-2.6253577321767917e-06
6185,1.4253560360521043e-05
6186,-1.0930346325039798e-05
6187,-2.1506543830037146e-05
6188,-3.316190838813775e-05
6189,2.9458917677402512e-06
6190,-1.4572064392268622e-05
6191,4.9463760107755686e-06
6192,0.00012009036652743782
6193,-2.569608576595758e-06
6194,7.691353345289792e-05
6195,0.00013890094161033583
6196,-3.4479275904595685e-05
6197,2.134736264124509e-05
6198,0.00010441790865734182
6199,-1.9649701192974953e-06
6200,-0.0002484650747850529
6201,-9.723403304815256e-06
6202,-1.880471622571342e-05
6203,0.00013621204979717686
6204,-0.00016186252767220135
6205,3.4668747335672155e-06
6206,-2.5000930204987464e-05
6207,-2.6096391677856343e-05
6208,0.00012645810041576552
6209,-3.5014052875339745e-06
6210,2.385413227602823e-05
6211,-1.6748401243239565e-05
6212,2.5128208845853775e-05
6213,-2.236014492809766e-05
6214,-2.7553081139922166e-05
6215,-2.433782387524837e-05
6216,6.279197148978699e-06
6217,-1.5439175907522356e-05
6218,-0.00016027025375515112
6219,2.2979138605296617e-05
6220,1.9011193234473424e-05
6221,2.4766227882355343e-05
6222,-1.2948396988212996e-05
6223,0.00011129500837996545
6224,-1.692716684192412e-05
6225,0.00010148013550788108
6226,4.037074148654932e-05
6227,-1.0256109852343828e-05
6228,0.00011697609806433272
6229,-2.5575753767043338e-05
6230,-6.840012967586587e-07
6231,3.286439161747663e-05
6232,-8.940684814006076e-05
6233,-1.835611229762436e-05
6234,-4.448972549289458e-05
6235,-2.4684096686541937e-05
6236,2.59415959008038e-05
6237,-0.00021902144290506708
6238,-2.07083597779273e-05
6239,9.170583449304053e-06
6240,0.00010843459581956233
6241,-9.020251221954653e-07
6242,-5.859784903004736e-05
6243,-0.00010945335635915368
6244,-3.4572486579418156e-05
6245,0.00012113258773460963
6246,-0.00012430013520643073
6247,0.00014584255805239027
6248,6.694345641881242e-06
6249,0.00010376090127974696
6250,0.00013930964292958403
6251,-5.522154821082915e-05
6252,-2.155785681679838e-05
6253,0.0001105451547540723
6254,0.00010334251616150137
6255,-1.5610128920525332e-05
6256,-2.0099891256540902e-05
6257,-2.7689382247626664e-05
6258,4.174536466598512e-06
6259,-1.3699627015739633e-05
6260,3.8044491503387574e-05
6261,-1.4069562219083316e-05
6262,0.00012581263398751596
6263,0.00010114394295960599
6264,0.0001538796104490757
6265,1.4610769413411538e-05
6266,-3.105437085032445e-05
6267,0.00012413344308733916
6268,0.00010325594265013895
6269,-1.976483594626197e-05
6270,9.894549734890431e-05
6271,-1.0127453319728335e-05
6272,8.455451112240527e-06
6273,-2.076750397682189e-05
6274,-2.5094737578183297e-05
6275,-1.6144708823412556e-05
6276,0.00010920322760939577
6277,-1.7045223060995253e-05
6278,-2.53982953727245e-06
6279,0.00010674488795921216
6280,-6.473760306835181e-06
6281,0.00013399584982544055
6282,0.00019565799031406617
6283,-1.1580014973878848e-05
6284,8.784098569303702e-05
6285,-0.00014318015417084034
6286,0.00010578624950721843
6287,0.00011705051632598055
6288,-4.999883938580733e-05
6289,1.1926945112645618e-05
6290,-1.81272530928254e-05
6291,-4.5772491209208896e-05
6292,7.997840633615788e-05
6293,1.7539573647081798e-05
6294,-0.00015721572246402517
6295,7.181443367153384e-06
6296,-2.983122505247591e-05
6297,-1.7594666033983246e-05
6298,-1.0979247186332913e-05
6299,7.026518322527429e-06
6300,0.00012437062440439988
6301,0.00013275441359728634
6302,-6.610795296728641e-06
6303,-1.3759475760161845e-05
6304,-1.842496674507851e-05
6305,7.022161753848174e-05
6306,-5.735859926789966e-06
6307,-4.205702152103195e-06
6308,-3.7960075028240486e-05
6309,-1.0731596499681402e-06
6310,0.00013897373359650272
6311,4.588619712740194e-06
6312,2.6824729144573132e-05
6313,9.807877987623184e-05
6314,-1.8430887069553065e-05
6315,3.2633405178785003e-06
6316,-0.000104723900370299
6317,-5.925896205008043e-06
6318,-3.0443769134580894e-05
6319,-5.321753779426199e-05
6320,-2.6791024766862313e-05
6321,-3.0872682482004286e-05
6322,3.4361531957983904e-06
6323,-2.8220728971064065e-05
6324,-1.810272997245185e-05
6325,-9.457383956760115e-06
6326,-2.8572650812566097e-05
6327,1.6656831465661307e-05
6328,4.452408207580428e-05
6329,-8.553186431527149e-07
6330,-0.00012247155066579524
6331,0.0001601137765683226
6332,-1.7733240686356978e-05
6333,-2.137775402516116e-05
6334,7.36894167028366e-05
6335,0.00012858605608344012
6336,0.00011221182290464619
6337,7.176385074853875e-06
6338,3.744651982560746e-05
6339,3.1320832949131616e-05
6340,-1.8340564332902424e-05
6341,4.1063007153570545e-05
6342,-1.3134319894015677e-05
6343,-0.0001378382058814166
6344,3.0880611389875375e-05
6345,1.1885583773255307e-05
6346,1.5026833768933943e-05
6347,3.8109254371374486e-05
6348,-3.633100697770674e-05
6349,0.00011808258155360841
6350,1.3966160360723705e-05
6351,0.00010797214787453348
6352,1.607449017465113e-05
6353,0.00012687108367681466
6354,-3.4728591237217086e-05
6355,3.227289430797097e-05
6356,-1.4688313938677315e-05
6357,-2.0378325134515455e-07
6358,-1.1699509061872938e-05
6359,-3.11984376050531e-05
6360,2.5526878610253345e-05
6361,-0.0001375675940886132
6362,-1.0723359882831394e-06
6363,0.00011438088146969637
6364,0.00010246314648538813
6365,-6.018495559692352e-06
6366,0.00012961256802081997
6367,1.871585221961148e-05
6368,-7.107132673263489e-06
6369,-2.6320721767842622e-05
6370,-4.664680594578375e-05
6371,0.00010162092605605684
6372,-3.6436559632420265e-06
6373,-6.233659386634821e-06
6374,2.5418493710458146e-05
6375,-2.201117668300858e-05
6376,8.935867371037585e-05
6377,0.00017625855468213523
6378,0.00010045093288645105
6379,0.00010660116616636443
6380,-3.632597094401708e-05
6381,0.00014376215245574646
6382,-2.2409483790397556e-05
6383,1.1721329204738133e-05
6384,8.44087734818456e-05
6385,-3.77406924962997e-06
6386,1.0786857269704207e-05
6387,0.00011095357006415726
6388,9.35726007446644e-05
6389,2.6189256832003513e-05
6390,1.1880994960665599e-05
6391,-1.4917929470538989e-05
6392,0.00012537276269867966
6393,-2.1178873442113357e-05
6394,-2.9893366433680013e-05
6395,6.230259500443908e-06
6396,8.429883411154123e-05
6397,2.7808564901351776e-05
6398,6.941293179988853e-06
6399,-4.6581938676536016e-05
6400,6.690096668899017e-06
6401,6.185984238982178e-06
6402,1.0353488568216534e-05
6403,-1.8243845645338288e-05
6404,-6.275667324662187e-05
6405,5.527873337268837e-06
6406,8.559888601303093e-06
6407,-1.8801153637468746e-05
6408,0.00015611250055953826
6409,-4.965204857289811e-05
6410,0.00017618574714288059
6411,-5.539485756307836e-05
6412,-9.58370028063653e-05
6413,2.1653182804584384e-06
6414,-3.7467848137020954e-05
6415,1.5026672556996242e-05
6416,-5.789551688358137e-05
6417,0.00018947209734469493
6418,-1.6968108434230017e-05
6419,0.00010414044847711874
6420,-4.0131199732422596e-05
6421,-2.345220185816239e-07
6422,-4.1102113202214394e-06
6423,0.00010809779847040739
6424,2.4077422544360243e-05
6425,-5.093272961676097e-06
6426,9.900551289319948e-06
6427,-3.196718310937294e-05
6428,-1.1457007192075171e-05
6429,-3.040969315916308e-05
6430,-2.264069691300381e-05
6431,7.686731033027124e-06
6432,0.00011749298498034465
6433,1.5194575674831839e-05
6434,1.5890958905220007e-05
6435,-2.261963207274721e-06
6436,-1.979869510978451e-05
6437,-9.653253667056518e-06
6438,-2.771600522100921e-05
6439,-6.4362706616520865e-06
6440,-4.93630948476492e-05
6441,8.59821356832979e-05
6442,-1.4700971357524368e-05
6443,0.00010005072308704218
6444,0.00013111808467656407
6445,0.00013433477338403434
6446,2.3522537574171765e-05
6447,0.0001084094316698607
6448,2.787301968783135e-06
6449,-4.229489751160115e-05
6450,1.2477506883442454e-06
6451,-4.718487719073882e-05
6452,-4.64188060723245e-05
6453,1.900143353268512e-05
6454,-3.283104114234449e-06
6455,-5.174992978572815e-05
6456,1.4750537462533e-06
6457,2.2016131598502305e-05
6458,-2.609233129769558e-05
6459,1.9235362671315527e-05
6460,4.131470778957004e-05
6461,-1.7688796110451004e-05
6462,9.632159955799532e-06
6463,9.117796337231978e-05
6464,-1.1253836937248659e-05
6465,2.294297805055973e-05
6466,4.935222249478091e-05
6467,-3.601105138659479e-06
6468,-5.071007544174778e-05
6469,-1.691942755132914e-05
6470,5.744906365871432e-05
6471,-4.539221525192262e-05
6472,0.00012090943837538309
6473,-8.71123801916828e-06
6474,6.493339315061891e-08
6475,-9.121499955653867e-07
6476,0.0001478355831466602
6477,1.3237421866506223e-05
6478,0.00010270507466047965
6479,-2.1974311303347327e-05
6480,-3.4575208090245452e-06
6481,-1.5196492802351543e-05
6482,-1.984690036624661e-05
6483,0.00015675985217094361
6484,-6.0520180873572315e-05
6485,0.00014262321693822808
6486,-2.8742010425776145e-05
6487,0.00013786921072751285
6488,-1.8346634693443808e-05
6489,-2.7799177914859484e-07
6490,7.396729663014546e-07
6491,8.708691094070617e-05
6492,-8.379216566681825e-05
6493,1.2071795109659413e-05
6494,-1.4334562607109453e-05
6495,-1.0648015234619334e-05
6496,-6.266974518075572e-05
6497,0.00010961696300655631
6498,-7.153453119099111e-06
6499,-3.576785475015626e-05
6500,-1.3819641433656157e-05
6501,-7.676815334707463e-06
6502,3.454609941691141e-05
6503,-1.2966758199036106e-05
6504,-5.924742817878723e-05
6505,9.210637826472468e-05
6506,-1.2988971080630907e-05
6507,8.42268737964333e-05
6508,2.159468764439207e-05
6509,-1.1002095974981684e-05
6510,-1.019894545897836e-05
6511,2.4886973202228496e-05
6512,7.835148703306935e-05
6513,1.3348611257970289e-05
6514,-5.027160085737657e-05
6515,-4.039862845092997e-05
6516,0.00010013201739639057
6517,-1.3202637061476692e-05
6518,-3.693490251898762e-05
6519,-0.00020362092647701433
6520,-3.5605563782155553e-06
6521,1.6519803460687327e-05
6522,-1.054088044911615e-05
6523,-2.8940070886164876e-05
6524,-8.628944214433448e-06
6525,1.84466508217156e-05
6526,-5.985955065116239e-05
6527,-2.2531787864863886e-06
6528,-1.263302993029353e-05
6529,2.2676722612231914e-05
6530,-5.5452735442668066e-05
6531,2.789273578673607e-06
6532,9.540452780201983e-05
6533,8.352156728504104e-08
6534,-3.935304824262841e-05
6535,1.4740135427564294e-05
6536,8.744789287448154e-07
6537,-8.19101324304932e-06
6538,-5.447845906019199e-05
6539,-3.357918970286841e-05
6540,5.079493857920179e-06
6541,2.7084552682936164e-05
6542,2.7079007402062317e-05
6543,8.697845898568597e-05
6544,7.056778296828265e-06
6545,-1.3947281148284651e-05
6546,-4.468764271587097e-06
6547,-1.023952327668658e-05
6548,-4.928896445780985e-05
6549,-0.0001449814418330785
6550,-1.055020019412036e-05
6551,2.0508448686450686e-05
6552,-3.475633338093758e-05
6553,0.00011056191856041516
6554,0.00012610425688326337
6555,-2.9642645176499816e-05
6556,-2.5301759131252822e-06
6557,-2.3862338811158958e-05
6558,3.6623834632336834e-06
6559,-7.827748078852853e-06
6560,-2.3568542301654824e-05
6561,0.00012129595577716777
6562,1.4284534379840273e-06
6563,0.00011091564893722478
6564,0.00011299376850947698
6565,-0.0001217169596813619
6566,0.00011704471930861346
6567,-0.00015645912671461592
6568,-5.6572327576577686e-05
6569,-2.06535391509533e-05
6570,-1.1725828330963835e-05
6571,1.5322009660303607e-05
6572,0.00011724615218117826
6573,3.6699179559946007e-06
6575,9.1714060213417e-05
6576,4.627854097634469e-06
6577,-6.574779469519847e-06
6578,4.019298842176791e-05
6579,7.953071035445148e-07
6580,0.00012582979258149855
6581,-2.0387313980609138e-05
6582,2.128907991573198e-05
6583,7.969745248556086e-06
6584,0.0001267021573148662
6585,4.640662577003241e-06
6586,3.2882631104439305e-05
6587,-2.016271576285358e-05
6588,-3.8882744032889544e-05
6589,-1.4290338940918354e-05
6590,-8.457423374056801e-06
6591,-8.116845227777866e-06
6592,-1.6677839960902803e-05
6593,-1.3175801839679429e-05
6594,-1.5011737123131725e-05
6595,-1.0176056809723318e-05
6596,0.00011150079760700438
6597,0.00010316843437030849
6598,-1.2862533889710881e-05
6599,8.412738880142553e-05
6600,9.390058927237945e-05
6601,-0.00016338376989588155
6602,-2.5936054997146032e-05
6603,-6.952715665102007e-06
6604,-3.932147212326535e-05
6605,-3.377719763666381e-05
6606,2.894440758973331e-06
6607,-4.3995983898639806e-06
6608,1.722020599991082e-05
6609,2.7969917654991067e-05
6610,-9.601617325097315e-06
6611,-2.920752018690103e-05
6612,-3.487972021102884e-05
6613,3.5837148409336994e-05
6614,-1.9313639402389514e-05
6615,3.483658097684385e-05
6616,-8.86341556906706e-06
6617,-7.67252090387049e-05
6618,-8.130110427737199e-06
6619,8.908212129026627e-05
6620,-1.888895202428099e-05
6621,-2.031239494681349e-06
6622,-2.0867517590522693e-05
6623,2.0568610448390157e-05
6624,-4.659282611682987e-05
6625,3.056482411921007e-06
6626,2.9586702585220396e-06
6627,1.739245615899561e-05
6628,-3.754220847040412e-05
6629,-2.3579671699553694e-05
6630,-4.325668048113572e-05
6631,2.993319947272523e-05
6632,-1.3020083401352157e-05
6633,-2.5122535694390415e-05
6634,-2.159000774845476e-05
6635,1.608864255249498e-05
6636,0.00010150133334100263
6637,9.996183756738841e-05
6638,1.0325108282268028e-05
6639,1.613710932433598e-05
6640,-4.370438624173388e-05
6641,-2.892259005457161e-05
6642,-9.590819850564023e-06
6643,3.2482873182743685e-05
6644,-5.961512466892578e-05
6645,-8.711704872548559e-05
6646,0.00011724453065544372
6647,-1.604993660002947e-05
6648,3.535594455897795e-05
6649,-1.7955198511481274e-05
6650,-5.5273034423589194e-05
6651,9.642860908061265e-05
6652,-5.441326461732394e-05
6653,-7.496792571619137e-05
6654,-9.99462069012219e-05
6655,-2.3633016645908443e-05
6656,1.3041049707680876e-05
6657,-2.9822077881544807e-05
6658,-8.058601804077622e-06
6659,8.651099074631876e-06
6660,-0.00012159006176516382
6661,0.00011754742357879856
6662,1.7313622124493064e-05
6663,-8.577545545995219e-06
6664,-2.79491025023162e-05
6665,-1.8281199503689966e-05
6666,2.433122489601372e-05
6667,-2.3157346900552448e-05
6668,-1.6253771260380744e-05
6669,4.315537270158501e-05
6670,-1.367273218929759e-05
6671,1.2110340408980575e-06
6672,0.00012937543708831025
6673,-2.345585078000999e-06
6674,-7.526650466024838e-06
6675,5.676383571699229e-05
6676,4.468376170843829e-05
6677,9.460965814068839e-05
6678,2.228476004675025e-05
6679,2.262079138308757e-05
6680,0.00010259790187701604
6681,1.1740008369088135e-05
6682,0.0001143491597846149
6683,-9.106077663600438e-05
6684,-4.6603243052959216e-05
6685,2.4366161040961684e-05
6686,1.757034314796317e-05
6687,3.756087217479949e-05
6688,-3.2549482770264262e-06
6689,-1.743954233825206e-05
6690,9.972052779048669e-05
6691,-1.9517914298921827e-05
6692,1.0586612299084632e-05
6693,2.5188199151307207e-05
6694,0.00012199356127530328
6695,-1.746014477685093e-05
6696,0.00014418872371315872
6697,5.9891565889120075e-05
6698,-1.0666880756616697e-06
6699,9.920190572738646e-05
6700,2.2066301107406402e-05
6701,-0.0001051495901308952
6702,-8.409566804766645e-06
6703,-1.765395216643801e-05
6704,1.5199111588299246e-05
6705,0.00012823655242100355
6706,9.137967973947495e-05
6707,8.428544104099266e-05
6708,-2.2869627177715253e-05
6709,1.0438247304409717e-05
6710,4.570958204567406e-06
6711,-1.4724441710859558e-05
6712,0.00011461827708408161
6713,-1.5287832356989321e-06
6714,-5.9873090591281534e-05
6715,-2.229598350822914e-05
6716,0.0001827802371233702
6717,-0.00023784280335530555
6718,-1.260009435936806e-05
6719,-1.105716004967684e-05
6720,-7.782234065234632e-06
6721,-4.4316528365018885e-07
6722,9.176363795995664e-06
6723,6.579570472240503e-07
6724,-1.0705014318227763e-05
6725,-1.2505667284130998e-05
6726,7.562749069184038e-05
6727,0.00011318866601213765
6728,-7.347706891596296e-05
6729,-4.70139957964417e-05
6730,1.0467982199042915e-05
6731,-2.798980893567194e-05
6732,1.7101279087364517e-05
6733,0.00012264154460281114
6734,-2.81428895890713e-05
6735,0.0001127492630854243
6736,1.3444544747471758e-05
6737,-4.651580750942207e-05
6738,-4.248190103098709e-05
6739,-9.348966255783994e-05
6740,0.00011337054036557617
6741,9.718500841408921e-05
6742,1.6666992381214957e-05
6743,-1.3060892932116985e-05
6744,1.919250329956403e-05
6745,4.12946203723548e-06
6746,-2.7646725252270663e-05
6747,1.1338913626968827e-05
6748,-5.943410610780108e-05
6749,1.4913458190858252e-05
6750,-5.113025382161109e-06
6751,0.00010437179543077949
6752,-1.180905476212501e-05
6753,-2.4368717614561196e-05
6754,-1.5181375388055942e-05
6755,4.7464746423065424e-05
6756,7.141373027115976e-06
6757,3.299160301685322e-05
6758,0.0001528158851899208
6759,-1.955209216102946e-05
6760,-5.5270014144479944e-05
6761,-1.9015140179544662e-05
6762,0.0001393441133201119
6763,3.3763416018336915e-05
6764,-3.3436112292110665e-05
6765,0.00010713380128145199
6766,-8.571557886898416e-06
6767,2.1163887903094192e-05
6768,-3.247274467721555e-05
6769,-5.3085296228527985e-05
6770,-1.9977080263197403e-05
6771,2.660480467602598e-05
6772,-9.508286332711536e-05
6773,-2.3891613818705044e-05
6774,-3.0715550109743985e-05
6775,-2.94559635221957e-07
6776,-2.9077304061502206e-05
6777,-3.0705837067216734e-05
6778,-2.4293992668390056e-05
6779,0.00010452543646097154
6780,0.00010234775533899635
6781,1.5044676885008742e-05
6782,-2.6818846166133597e-05
6783,3.075797641649831e-05
6784,-5.444493144750555e-05
6785,5.507324635982509e-06
6786,-0.00017509351130574907
6787,9.849340841173941e-06
6788,-8.187875431030984e-06
6789,-2.2073398064821872e-05
6790,2.9820873960852648e-05
6791,3.204953484237186e-06
6792,7.533390000462533e-05
6793,-2.4391541257500504e-06
6794,1.0462077986448961e-05
6795,-4.8535044305026424e-06
6796,-2.4946341104805373e-05
6797,-1.2539709825068711e-05
6798,9.547635074704863e-05
6799,-1.4585106167942288e-05
6800,0.00010288205146789492
6801,-2.9261352028697618e-05
6802,3.831133218482124e-05
6803,-3.35258239880203e-05
6804,0.00011385500058531718
6805,8.056031009182318e-05
6806,-1.2633836828172216e-06
6807,-1.283990535885087e-05
6808,-3.284473400562984e-05
6809,0.0001474429341033093
6810,0.00011476522292941718
6811,-4.161971881985649e-05
6812,-1.5976015012711246e-05
6813,-2.449906403198825e-05
6814,7.952930964529553e-06
6815,6.484457291662634e-06
6816,0.00011006583534181087
6817,-5.621749982237802e-05
6818,-5.3147940523922386e-05
6819,-1.224281769245851e-05
6820,-7.74182435125107e-06
6821,1.1053547263145304e-06
6822,0.0001488893818110217
6823,-3.015390392392858e-05
6824,-3.969763703644256e-05
6825,9.614585740491732e-05
6826,3.267946299165478e-05
6827,-1.9465891737490887e-05
6828,-2.7572997193783486e-05
6829,-5.656366236507964e-07
6830,1.4650243334472137e-05
6831,0.0001458924328908323
6832,-6.129425875842567e-05
6833,-9.3185506761074e-06
6834,-1.5791708603501255e-06
6835,-1.5892165806144425e-05
6836,9.513261541724185e-06
6837,-8.697196934372191e-06
6838,3.7388820201157874e-07
6839,-4.501175107434348e-05
6840,2.527960613369926e-05
6841,-2.8415050078183253e-05
6842,-3.650832232087848e-05
6843,-8.008068520575732e-05
6844,-6.063424004241805e-05
6845,0.00011787440162152009
6846,-1.8366846721619373e-05
6847,-3.285875916481012e-05
6848,-2.5715889222919687e-05
6849,0.0001069604159332812
6850,-1.7821393907069972e-06
6851,1.762737054377788e-05
6852,0.00011762841194868047
6853,0.0001058282576501361
6854,0.00011972683267667753
6855,2.54591582342987e-06
6856,-6.468318123370404e-06
6857,1.5856398176401717e-05
6858,7.230333071202005e-05
6859,-1.9393318518996208e-05
6860,1.3144471682608106e-05
6861,3.7380871362983785e-06
6862,7.931135967373823e-06
6863,0.00013092291858047135
6864,-4.655035715550166e-05
6865,-4.754995368421063e-06
6866,-0.00014069924987852606
6867,-8.916579093784077e-06
6868,8.979931306093882e-05
6869,-9.841392412781684e-05
6870,6.000540032982826e-06
6871,0.00011527679115533798
6872,0.0001224021333269767
6873,1.8726736307144043e-05
6874,1.7401637136936124e-05
6875,-2.282865718007047e-06
6876,-4.3366800155490556e-05
6877,0.0001098992872051893
6878,-2.80340839177369e-05
6879,9.326234636828268e-05
6880,-0.00010084242634475228
6881,3.101732525974501e-05
6882,3.2347360439598504e-05
6883,7.636551838368124e-06
6884,-8.437553420662294e-07
6885,-4.5611786842345946e-05
6886,0.00011698109488934223
6887,-6.226449115201805e-05
6888,-1.7519787885248754e-06
6889,5.083801280707116e-05
6890,-7.930305600166262e-06
6891,1.2389743700622403e-06
6892,-1.024422012269493e-05
6893,1.553915673866864e-05
6894,5.022875843569616e-05
6895,1.2962792534381098e-05
6896,7.4147313833236246e-06
6897,3.776120776310555e-05
6898,0.000134103121235966
6899,-5.1264860667288e-05
6900,-2.63310838490719e-06
6901,8.743420708924493e-06
6902,-2.3755645751953014e-05
6903,-2.2514166217297245e-05
6904,0.0001275917546823613
6905,-2.845908664166921e-05
6907,-2.100251838564869e-05
6908,2.7021814323961684e-05
6909,-1.4006608352064932e-05
6910,-3.7886191159486646e-06
6911,-1.0664674267172783e-05
6912,1.79784690029919e-05
6913,2.00253370217978e-05
6914,-2.2652845922857406e-05
6915,0.0001438465144485225
6916,-2.7324775233864738e-05
6917,6.885144729167171e-05
6918,-3.5224523954093315e-05
6919,0.00013262931555509566
6920,1.3374190777540088e-06
6921,0.00010781758381053777
6922,-2.5786928925663255e-05
6923,6.831286894157495e-05
6924,-1.0937526356428863e-05
6925,-2.7004599198698936e-05
6926,0.00018361829835921467
6927,-8.795841913670253e-05
6928,-4.387681493535627e-05
6929,-8.215448437258548e-05
6930,-0.0002604779774323091
6931,0.00010467485254630437
6932,2.1176765114068963e-05
6933,0.00011786282090470197
6934,-1.6612934228032824e-05
6935,-6.185079365968696e-06
6936,4.1882948856800745e-05
6937,3.510830597951994e-05
6938,2.087245201691977e-05
6939,-4.757198505103444e-07
6940,0.0001226100832223887
6941,1.4123052544891815e-05
6942,4.168100748211136e-05
6943,-3.802804183214883e-05
6944,0.000148243893682957
6945,3.2558105979114816e-05
6946,0.00010662017613649327
6947,-1.0853418800979764e-05
6948,-5.325542446225847e-05
6949,0.00010871093766763766
6950,-2.0847821328788928e-05
6951,-2.0257602632045753e-05
6952,-1.40746597200632e-05
6953,-7.761197704821797e-05
6954,-2.9912484250962494e-05
6955,3.1113272719085066e-05
6956,-1.1971255950629654e-05
6957,0.00011854497361928194
6958,6.137974858283973e-05
6959,1.5562823414802503e-05
6960,1.788561735302204e-05
6961,0.00011814039917662683
6962,-2.0466219726949858e-05
6963,2.0793514885008204e-05
6964,-1.795522738248107e-05
6965,0.00011646853964775739
6966,-4.398024445399628e-05
6967,0.00014119388535618692
6968,0.00012168397121131407
6969,6.514807436615223e-05
6970,1.283648181706668e-05
6971,3.1232137978076876e-05
6972,3.0486942548304677e-05
6973,-3.7089249119162622e-06
6974,-0.0001649350186809888
6975,6.230261828750306e-06
6976,-4.265991412103126e-06
6977,-1.0917557775974213e-05
6978,-4.2365665547549627e-05
6979,-2.0279240701347495e-05
6980,-3.2559252530336273e-05
6981,-2.6945797726509585e-07
6982,0.00011185358623042667
6983,-1.287317015230657e-05
6984,-7.994366083294094e-05
6985,-1.243206728249785e-05
6986,3.3634467981755565e-05
6987,1.3777609542012222e-05
6988,2.045511007308962e-05
6989,0.00010749435462057527
6990,-3.647477375343429e-05
6991,-1.6793229430913846e-05
6992,1.1477462574839581e-05
6993,-1.4423146098852069e-05
6994,-3.281094795092937e-05
6995,-4.4637870322912866e-05
6996,1.2455962691455953e-05
6997,-1.1517950333655288e-06
6998,-1.610510647296904e-05
6999,-2.180648623034345e-05
7000,1.4540058374404877e-05
7001,1.675193589180703e-05
7002,2.1443522814661238e-05
7003,0.00011802931781858146
7004,7.923184521496188e-06
7005,-1.4836936816573143e-05
7006,-9.586179070174663e-06
7007,2.0337165892124014e-05
7008,-2.6939789764582986e-05
7009,-1.9806999340653384e-05
7010,-7.30087216943502e-06
7011,-1.336287818849086e-05
7012,-8.553486224263921e-06
7013,-5.5055860057473327e-05
7014,-5.4699389450252015e-05
7015,1.5018999204039538e-05
7016,-2.163018472492682e-06
7017,4.327002773061354e-05
7018,1.1072027496993531e-05
7019,5.49666136503221e-06
7020,0.00014335973476990998
7021,9.589220751076955e-05
7022,7.252046326175325e-05
7023,-6.527494406327586e-05
7024,-2.6155575457960305e-05
7025,8.129606489092086e-06
7026,0.0001225087955594054
7027,9.707766100764214e-05
7028,-5.8942268788814196e-05
7029,-0.0002398823462426652
7030,-8.545353077352009e-06
7031,-3.3868187665939444e-05
7032,-0.00016614690227433908
7033,0.00011368737574666685
7034,7.406748328357891e-05
7035,2.5375489983707698e-05
7036,0.00013200500309467275
7037,3.033502120524642e-06
7038,-6.179852411151256e-07
7039,1.6769955866038723e-06
7040,0.00013357969149947133
7041,-9.772883635014257e-06
7042,-1.5144612547010176e-05
7043,1.3404089398682109e-05
7044,-1.5266475081443673e-05
7045,-2.468624021857972e-05
7046,-1.4558551553636724e-05
7047,-6.493881000205883e-05
7048,-2.1741802245378483e-05
7049,3.132277475669959e-05
7050,9.108234345912902e-05
7051,-2.8847263846546265e-05
7052,-3.427712451666592e-05
7053,0.00013975767018273443
7054,0.00010478393165394635
7055,-3.584914589300739e-05
7056,5.705026881769293e-05
7057,3.1130101159214863e-05
7058,-6.43796388059849e-05
7059,7.824761644005762e-05
7060,-1.2631417904049165e-05
7061,-7.605068944394584e-06
7062,-2.1513587422668927e-05
7063,1.1070217192172956e-05
7064,-6.095269508659858e-06
7065,9.662996791303173e-06
7066,2.2413325123488824e-05
7067,-1.2495297193527171e-05
7068,-2.2924162447452263e-06
7069,0.00014407467450946516
7070,-6.265166802331769e-05
7071,-3.6644080094992986e-05
7072,3.180787432938801e-06
7073,-0.00013380856569856383
7074,-4.359018355607975e-05
7075,0.00011857818569987986
7076,5.0519612617790496e-05
7077,-8.012009132653473e-06
7078,-6.212135404348319e-06
7079,0.0001059956064447759
7080,-8.173691201955062e-06
7081,-1.9668445363640707e-05
7082,0.00013853142671287042
7083,5.13394764624535e-05
7084,6.7780193872749235e-06
7085,0.00011165240854024793
7086,-2.711191065609465e-05
7087,2.164669148623948e-06
7088,2.5622409489005712e-05
7089,-0.00012204852448776382
7090,-2.769434442743642e-05
7091,-1.632032170891758e-05
7092,-7.302926015108728e-06
7093,-4.992341753095364e-05
7094,7.412862032650158e-08
7095,-7.602089708670946e-05
7096,6.136703267693509e-05
7097,-2.4406516458839046e-05
7098,-2.103254850953809e-05
7099,-0.00016790258288383426
7100,-4.971655085682868e-06
7101,-6.674479087814634e-05
7102,-5.2287247870117426e-05
7103,3.593191578984256e-05
7104,-2.6370774954557443e-06
7105,-1.4241299219429437e-05
7106,2.6287054270505845e-05
7107,0.00011020538127049767
7108,1.0781120881438272e-05
7109,-0.00011570785660296561
7110,2.0258953794836915e-05
7111,0.00010208446588367217
7112,-7.130955271422804e-05
7113,0.00013311649719253087
7114,-3.757183337584118e-05
7115,0.00013144875476136784
7116,4.580407440662363e-05
7117,-1.5236649010330283e-05
7118,-7.739068195223812e-06
7119,-2.7261321712285198e-05
7120,7.030288353562343e-05
7121,-2.324013328179721e-05
7122,1.0445465240627503e-05
7123,-1.8561316281557003e-05
7124,0.00010048554111272094
7125,0.00012798180971294637
7126,0.00013417470082640606
7127,-6.316044647246579e-06
7128,1.9914393313228997e-05
7129,0.00016064897850155693
7130,0.00011745144380256494
7131,0.00013798189489170844
7132,-4.229987245053018e-05
7133,1.6949539259076077e-05
7134,-6.302789971232396e-06
7135,-3.977976925671092e-06
7136,1.6413428913801872e-05
7137,-2.9546258877962756e-05
7138,-6.437985878437771e-06
7139,9.41574797034259e-05
7140,-1.00507605820893e-06
7141,7.2084950283169265e-06
7142,-2.9156699776649354e-06
7143,-7.064963597804288e-06
7144,0.00016563277784734863
7145,-3.896578960120676e-05
7146,-0.0001470265477895736
7147,0.00012626240402460103
7148,-6.979381525889005e-05
7149,0.00011728318370878662
7150,1.5164904948323902e-05
7151,0.00015814058696851028
7152,-7.16491557657719e-05
7153,0.0001223134046420451
7154,0.00011131236804649186
7155,0.00012565079387277342
7156,-5.289409710094309e-05
7157,2.094404678791754e-05
7158,7.993463240563836e-06
7159,-6.24553310684855e-05
7160,-0.00011811902858316857
7161,-2.935567181557411e-05
7162,1.78791662678122e-05
7163,-2.6119552180171008e-05
7164,4.27565788850188e-05
7165,0.00011636809734627582
7166,-3.463493529707191e-05
7167,0.00010519231408834434
7168,-4.437572509050298e-06
7169,2.3688575159758177e-05
7170,-5.593113778159016e-05
7171,7.299116849899254e-05
7172,6.635367684066282e-06
7173,8.821532987058095e-05
7174,0.00012078344747424077
7175,2.2087476868182333e-05
7176,-5.146116204559795e-06
7177,9.002247061580383e-05
7178,1.9335864111781112e-05
7179,-3.809316605329498e-05
7180,1.7325419839471556e-05
7181,-5.156458728015416e-05
7182,-0.0001391281653195614
7183,0.00011929232003167238
7184,-9.481055475771462e-06
7185,0.00011173064019530979
7186,-0.00021298338640481088
7187,0.00011954285176470865
7188,0.00011676018517464388
7189,-1.0308308340608939e-05
7190,-0.00015729136001318587
7191,-6.546970270574065e-06
7192,-4.213008042424928e-05
7193,2.011304534971708e-05
7194,-3.320426661521176e-05
7195,-2.7992936782538818e-05
7196,5.328083783388046e-06
7197,7.986950408667255e-05
7198,2.1508567500859356e-05
7199,-3.812459763139482e-06
7200,2.088129352778194e-05
7201,-2.1729906089603868e-05
7202,1.637164549902081e-05
7203,-7.640494219958762e-06
7204,0.00010084132943302374
7205,-7.801664993166674e-07
7206,-7.012893632054319e-06
7207,-9.982254542410316e-06
7208,-4.960894035175434e-05
7209,-0.00013263067752122847
7210,1.1555366311222329e-05
7211,9.807642363011739e-06
7212,0.00015716170538216865
7213,-1.2991962023079347e-05
7214,1.9010545685887243e-05
7215,0.00011291631376370758
7216,1.5788349322974662e-05
7217,0.00012232489157468007
7218,0.00012857131063938098
7219,2.3861251305788873e-05
7220,-2.242006957530961e-05
7221,-4.546460043638944e-05
7222,6.140779685229026e-05
7223,-5.818319227546427e-05
7224,0.00013092880276963087
7225,-8.689609775319657e-05
7226,1.3422172702848878e-05
7227,9.775585774332315e-06
7228,2.344970125704994e-05
7229,0.00011697640921920441
7230,-2.351144775748244e-05
7231,0.0001630502383224656
7232,5.149586778134105e-06
7233,-1.8251092080026874e-05
7234,-1.8188552279025266e-05
7235,-1.3057792466133798e-05
7236,-4.08377702347931e-05
7237,-5.7867405936121975e-06
7238,1.6744302585721001e-06
7239,-7.79462251812216e-06
7240,-0.00010480658048763832
7241,1.0484028607606801e-05
7242,-7.206189259886727e-06
7243,2.1702637989073853e-05
7244,7.726852651685481e-05
7245,1.0595245379954495e-05
7246,9.644089983776207e-05
7247,-3.102636961266367e-05
7248,0.0001388982506468882
7249,9.26654613576825e-05
7250,-1.8278287723660301e-06
7251,-1.3332580775022462e-05
7253,-2.961885500699268e-05
7254,-2.055123541504065e-06
7255,-9.778410196304356e-07
7256,0.0001512814490124578
7257,-8.974081557244068e-06
7258,-5.598037876188715e-06
7259,-5.795205086469639e-05
7260,9.282878972590007e-06
7261,4.2691771965473596e-05
7262,-6.606266731396292e-05
7263,2.522393064573408e-05
7264,-8.120725769549607e-05
7265,0.00012167201302945617
7266,3.4247634187340676e-05
7267,-3.76410342752933e-05
7268,-5.8193658385425595e-05
7269,3.0079832673072784e-05
7270,-2.1203775145113427e-05
7271,0.00011976702362298908
7272,0.0001202227432280777
7273,1.4548088517039986e-05
7274,-2.663296125829232e-05
7275,9.223771793767775e-05
7276,2.2121387347578936e-05
7277,4.450339078903174e-06
7278,3.3701052144169734e-05
7279,-9.673600830137683e-06
7280,0.0001451298950240003
7281,2.071513235568994e-06
7282,-3.861028458923094e-05
7283,-5.9761865995824485e-06
7284,-8.280059304088374e-05
7285,7.172768656164384e-06
7286,-8.794305101037041e-06
7287,-1.9569901656359475e-05
7288,-1.0304776392877011e-05
7289,-8.333400543779117e-06
7290,-1.6137581132352317e-05
7291,2.1124579012393835e-06
7292,-0.0001563515637069938
7293,3.515151329338466e-07
7294,1.5820046234875775e-05
7295,0.00011004636576399206
7296,3.252037111669761e-05
7297,-1.4762593433260875e-05
7298,8.540915623307197e-05
7299,-1.3480504229664742e-05
7300,3.260864242911308e-05
7301,0.00010320676043629614
7302,2.6508814003318513e-05
7303,1.4331083744764242e-05
7304,-2.339407783001657e-05
7305,-7.418833673000173e-07
7306,-6.535211671143746e-06
7307,0.00014324581585824502
7308,-1.654665563255545e-05
7309,0.00012657534880563588
7310,-4.900664091110209e-06
7311,-1.9821998849511083e-05
7312,-5.660787504166363e-06
7313,-7.842287700623277e-06
7314,1.0811247210949564e-05
7315,0.0001358187831938265
7316,-0.00030137391034513534
7317,2.2958954982459498e-05
7318,2.4565059505402907e-05
7319,0.00010258224150165923
7320,2.729363553225982e-05
7321,-5.1599740982054785e-08
7322,-3.43528566882014e-05
7323,-1.9359387550502993e-05
7324,-4.783245548605887e-06
7325,-4.125864421948775e-05
7326,6.4667631871997906e-06
7327,2.141101257875565e-05
7328,-1.8099743872880774e-05
7329,-3.6113055422902024e-05
7330,1.5503462031483602e-05
7331,-1.3985033053904764e-05
7332,1.7390813492238464e-05
7333,3.440166776999805e-05
7334,-0.00012234574267640697
7335,-7.712305290624456e-05
7336,0.00012426831172779125
7337,7.566591724753271e-06
7338,-1.732007972896085e-05
7339,-0.00014288766738027316
7340,-5.2047262899577345e-06
7341,-2.2374887764453855e-05
7342,-1.0592957027256559e-05
7343,-5.9710485301911615e-05
7344,0.00013414706969633566
7345,4.461967200040796e-06
7346,-3.5711005609482514e-05
7347,6.772688403725647e-06
7348,-6.072569843381629e-05
7349,-4.282356239855276e-06
7350,-8.319263905286783e-06
7351,-6.55968767590819e-05
7352,-0.00018478688569739462
7353,2.5671247020363703e-05
7354,0.00010592882167547925
7355,9.837386738508909e-05
7356,-2.0883185416459984e-05
7357,-1.4541263226419606e-05
7358,-3.904830822721123e-05
7359,-1.3951078057289072e-06
7360,-4.352719709277132e-06
7361,0.00011744156666099993
7362,3.6353673413395924e-05
7363,1.532786693423982e-05
7364,8.620068365707969e-05
7365,-2.8545638080686204e-05
7366,9.855878595262719e-05
7367,-3.6582476366311404e-05
7368,-5.448618251830325e-05
7369,2.6376985013485093e-06
7370,9.28781408816574e-05
7371,0.00011442596111446585
7372,0.00019583122916519636
7373,0.00015345681430772008
7374,-2.5230060610920265e-05
7375,1.5889255702495534e-05
7376,3.025244055315838e-05
7377,7.299665827304113e-05
7378,1.9010736700147374e-05
7379,-2.1287655457854254e-06
7380,2.5802691653370544e-05
7381,8.255233289673902e-05
7382,2.3426690045744106e-05
7383,-1.972893532365583e-06
7384,7.809133473783732e-05
7385,4.381560534238801e-06
7386,-5.714057572185977e-05
7387,8.73470563441518e-05
7388,3.4873277600854524e-05
7389,0.00013429083134979008
7390,1.1672603245824556e-05
7391,0.00013000730369239994
7392,0.00010110363084822839
7393,2.3992139287292807e-05
7394,-2.8831986710429124e-05
7395,-3.2755344919860455e-05
7396,0.00010157564971595972
7397,-1.0366654396057115e-05
7398,-5.1872758194803735e-06
7399,-2.4792796187102673e-05
7400,-7.877105660736568e-06
7401,8.397699743509273e-05
7402,2.286852430552237e-06
7403,6.608155285939565e-05
7404,9.882057830691309e-06
7405,0.00013204826004803227
7406,-2.640668898820864e-05
7407,9.47109853848812e-05
7408,-9.499826198443728e-05
7409,-1.1268955748528227e-05
7410,0.00011947444649413183
7411,-4.904040042310927e-06
7412,-4.074255563318743e-06
7413,0.00011004261206835463
7414,-2.1113299205899263e-05
7415,0.0001166570111177863
7416,1.612654253840433e-05
7417,9.561659488826964e-05
7418,4.5100213959813036e-06
7419,0.00012466447092592648
7420,8.77728643827139e-05
7421,1.0062851849943399e-05
7422,-3.6387773137539574e-05
7423,-1.318478789180513e-05
7424,-3.795472308993325e-05
7425,-4.5223344117403007e-05
7426,-4.673142731189717e-06
7427,1.9906125962735024e-07
7428,0.00011798027548938965
7429,0.00014770565349608652
7430,-1.1540223844349308e-05
7431,8.241701126098581e-06
7432,-5.4941446892916994e-05
7433,1.8999135680496642e-05
7434,-3.037431677803395e-05
7435,0.0001292431849986306
7436,1.9860492087900524e-05
7437,7.480477541685028e-06
7438,-2.096348255872722e-05
7439,-1.5065316297113706e-05
7440,3.193592373281713e-06
7441,1.5730645507574003e-06
7442,-1.5225728694349553e-05
7443,5.633683502674082e-05
7444,0.00015799466539174195
7445,-1.091079926118251e-05
7447,-1.7148377839475835e-05
7448,2.9652397241443322e-05
7449,0.0001249385045841334
7450,-6.832845918834165e-05
7451,-8.437371440231763e-06
7452,-4.515410121530299e-06
7453,0.000153573337383567
7454,-5.700594335794439e-05
7455,8.669293578714076e-05
7456,0.00014260935103520706
7457,-4.583191797137256e-05
7458,-2.0479615870863058e-05
7459,-2.941592019051291e-05
7460,-8.026716578751727e-06
7461,-0.0001124892990104849
7462,1.69321453198791e-05
7463,-5.829316563904261e-06
7464,-0.0002069570943713185
7465,-6.149935163557497e-06
7466,-4.951729346066649e-06
7467,0.00016350027415901398
7468,-7.894203010946496e-05
7469,7.222815789282229e-06
7470,7.378650922328259e-06
7471,-4.175586141645884e-05
7472,-7.607988175004692e-06
7473,0.00014492615908384332
7474,6.219093566760427e-05
7475,1.2455824855715012e-05
7476,0.00013551974501460764
7477,-1.2218100950121857e-05
7478,-6.34264472872016e-05
7479,-1.809255760163078e-05
7480,0.00011013138126581905
7481,-8.02791236899795e-05
7482,9.401838108897127e-06
7483,-4.046617634594457e-06
7484,-9.67559069395065e-06
7485,-4.420333541929732e-06
7486,-5.4774557426571814e-05
7487,-2.2454920597374284e-05
7488,-2.3252629674970826e-06
7489,-3.307963814586399e-05
7490,6.562428735196518e-06
7491,0.00010710351178422556
7492,4.370700614526839e-05
7493,0.00013738088225945803
7494,-4.364999430254111e-05
7495,2.3438098561018598e-05
7496,-1.0507066175341551e-05
7497,-3.3572511561214765e-05
7498,0.00010627674665302018
7499,-5.373988039791578e-05
7500,3.3676343038677808e-06
7501,0.00010070451237261248
7502,0.0001354718604125075
7503,9.730616295710169e-05
7504,0.0001656827363185583
7505,0.0001062533956021068
7506,-3.8675087690353315e-05
7507,-5.6018227059393936e-05
7508,-3.1688250601291584e-06
7509,-1.6052413918077905e-05
7510,2.7743274066597076e-05
7511,-1.9500421825796247e-05
7512,-9.820053996518242e-05
7513,-2.2697517275810032e-05
7514,7.713995296508051e-05
7515,1.250236229971047e-05
7516,0.00011145626287907376
7517,1.6745348647236827e-05
7518,-7.369270361959907e-06
7519,1.8437108118087057e-05
7520,-2.9669852741062462e-05
7521,0.00010333270598202914
7522,1.8810115475207515e-05
7523,4.4342274125665184e-05
7524,-1.1577648855745808e-05
7525,-1.753897536545985e-05
7526,0.00013033978622406658
7527,-3.931144699454301e-05
7528,0.00010040489016100774
7529,-1.4171860460191916e-05
7530,2.5163864158093705e-05
7531,-1.6589834634214623e-05
7532,-1.767224594950667e-05
7533,4.901793226599719e-06
7534,-7.12470612488682e-05
7535,-8.402721770107708e-06
7536,-8.78710385411975e-05
7537,-2.3814734723418928e-05
7538,6.611466817557776e-05
7539,-3.0930088460445326e-05
7540,-1.2012441828846888e-05
7541,1.5629424992948723e-05
7542,9.965777881443478e-05
7543,8.072228841483552e-05
7544,-0.00014578111330047194
7545,0.00011108901947736729
7546,0.0001095644971355795
7547,0.0001250786917284125
7548,0.00010378842148929803
7549,-9.020220218226285e-05
7550,-3.969858651980702e-05
7551,0.00010808884240686892
7552,-4.476556181907673e-06
7553,1.856639357283695e-05
7554,0.0001623918997123835
7555,4.750448279082792e-06
7556,3.953336831182264e-06
7557,-4.805143214762201e-05
7558,-1.0255474876612357e-05
7559,-7.239738479256589e-07
7560,4.913754016160956e-05
7561,0.00011297793984413057
7562,7.026352360844485e-06
7563,-5.63113959506151e-06
7564,1.51242129504679e-06
7565,-9.888347517698953e-06
7566,-1.5035689622163735e-05
7567,9.453707747161374e-06
7568,-8.130777627229598e-07
7569,-5.232367850840082e-06
7570,3.8905970007181024e-05
7571,0.00012567139584571148
7572,4.476510081440186e-05
7573,-6.420916505157915e-06
7574,0.00010068675465881813
7575,9.589703353121861e-05
7576,1.8218586873263017e-05
7577,-1.3232429325580595e-05
7578,0.0001128563686273991
7579,0.00012394455336034183
7580,-2.5421022437512284e-06
7581,-1.2016799859702494e-05
7582,-6.239347252994729e-06
7583,9.971613846719238e-05
7584,2.2706038970500173e-05
7585,-1.7529909498989591e-06
7586,4.568156786263005e-06
7587,-3.0737324059009486e-05
7588,1.6564474999904613e-05
7589,-5.4064635373651786e-05
7590,0.00013064853232353836
7591,0.00014505860572680787
7592,-2.6038081385195374e-06
7593,-1.4431956224143533e-06
7594,3.7452230229973944e-06
7595,-2.7134032547473903e-05
7596,5.010621808469238e-06
7597,-1.5679950453340875e-05
7598,1.4270665030926389e-05
7599,0.00016640207907184804
7600,2.8502948302775555e-05
7601,2.3507659509778014e-05
7602,1.451911777257919e-05
7603,-3.458115439862001e-05
7604,6.401281058788284e-06
7605,9.693728769197998e-05
7606,9.943452244624443e-05
7607,2.1413332223892114e-05
7608,-0.00023563353400677374
7609,-0.0001722249509766697
7610,1.1808753479272061e-05
7611,-5.766744334250639e-05
7612,-8.281683269888188e-06
7613,0.00013735821396112415
7614,3.539166022092078e-05
7615,-1.064989510923619e-05
7616,0.00012277775071561258
7617,-8.068944793194476e-06
7618,-1.719588125124566e-05
7619,-0.00025362083986401457
7620,1.4697984233498512e-05
7621,-3.318683039396994e-05
7622,7.074875757098099e-07
7623,9.917265456169772e-05
7624,0.00013751303069293463
7625,8.307538330554948e-05
7626,7.539270846173127e-05
7627,-5.878883888944934e-05
7628,2.535551674664013e-05
7629,-4.630884332582342e-05
7630,-5.1813800353556474e-05
7631,-1.5280107781291023e-05
7632,-6.303455699235188e-05
7633,-1.2818721309304208e-05
7634,-4.731385428458416e-05
7635,7.63274913653735e-05
7636,-4.7886603511869896e-06
7637,2.9293723404407485e-05
7638,5.493938457220778e-06
7639,-1.0808108001947384e-05
7640,8.430494740605292e-06
7641,0.0001092205278575419
7642,1.828970517963165e-05
7643,4.7525688074528755e-06
7644,-1.0098244249820682e-05
7645,7.74400783702729e-06
7646,-3.849361836910257e-06
7647,2.5086665898561518e-05
7648,-5.07443194277585e-05
7649,9.920366853475557e-06
7650,-9.603252634406126e-07
7651,-1.5134087298065321e-05
7652,-7.882669847458592e-05
7653,2.2242414020001725e-05
7654,-8.094255989417396e-05
7655,-2.9434672184288285e-05
7656,-4.904563352465608e-05
7657,0.00010700297495350213
7658,1.6178540978580678e-05
7659,2.239675866439933e-05
7660,4.099441971629826e-05
7661,-8.052604645490593e-06
7662,-4.733990598470043e-06
7663,0.00012957063782960187
7664,4.500569645315416e-05
7665,8.984970860183275e-06
7666,2.7873080037534206e-05
7667,9.666923061013205e-06
7668,5.9688865114002904e-05
7669,9.208377618342635e-05
7670,-3.095616977661843e-05
7671,-2.7640670258551595e-05
7672,9.39215609803794e-05
7673,-2.7847677096724517e-05
7674,2.459939178079358e-05
7675,3.0460197478532306e-06
7676,1.3654344901442411e-05
7677,0.00012501605236902783
7678,2.247190661728374e-06
7679,6.129986867308612e-05
7680,0.00012604315523058094
7681,-3.568534227088083e-05
7682,-5.3236171044408966e-05
7683,-3.5100314300507115e-05
7684,8.73464337550101e-05
7685,3.981730528175824e-05
7686,-0.00013457112647593088
7687,0.00011006416715681536
7688,0.00011410694466903796
7689,0.00014157929420471167
7690,2.329094000160688e-05
7691,2.028346713632343e-05
7692,2.250497741624705e-05
7693,0.00015281098829582308
7694,9.243860095739344e-05
7695,-2.9420724138617204e-06
7696,1.2858676537871333e-05
7697,-0.00011009661778807627
7698,3.2813800498843032e-06
7699,-8.226298727095109e-05
7700,8.46578033640976e-05
7701,-1.5695833042263963e-05
7702,7.559315785765629e-05
7703,4.8791116941720136e-05
7704,-1.0915861185640113e-05
7705,-4.619301147758956e-05
7706,1.4535668399184905e-05
7707,7.808561809360974e-06
7708,-1.474411636590958e-05
8863,-1.5192761551588766e-05
8864,-2.384800538420657e-05
8865,9.598252568393939e-05
8866,5.7706102728843e-06
8867,4.014087561517938e-06
8868,-3.2775260508060236e-05
8869,-6.900734324008231e-05
8870,-4.767385227605689e-05
8871,-2.274506874382496e-05
8872,6.194703467190244e-06
8873,-2.299891281872972e-05
8874,-3.2622774131596075e-06
8875,-3.3610392827540494e-05
8876,-5.600734427571288e-06
8877,-2.0470478758215695e-05
8878,-2.1859336644410934e-05
8879,-1.4926057402044436e-05
8880,3.938194178044779e-06
8881,0.00010625832471996516
8882,-1.5217471867799707e-05
8883,1.8146228045225212e-06
8884,-9.54254930838941e-06
8885,0.00010844225659966426
8886,-4.832831304520364e-06
8887,1.0774016380310019e-05
8888,-1.697362950071684e-05
8889,-0.00011320191267877785
8890,1.9371923431754018e-05
8891,9.699788056313966e-05
8892,-7.39865470677612e-06
8893,-2.387869860976932e-05
8894,-1.7952184844762072e-05
8895,0.00010184127548709469
8896,7.331896200776076e-06
8897,-6.402141414582723e-06
8898,3.413047492504093e-05
8899,-3.882066532969445e-06
8900,-0.00020091735627502207
8901,-2.2661757096648193e-05
8902,0.00011164603075012515
8903,-9.200745290145245e-05
8904,8.70780767872928e-06
8905,9.636075012385789e-05
8906,2.1642172336578304e-05
8907,-2.012931946665051e-05
8908,-4.676440171897361e-06
8909,-2.2548614069819155e-06
8910,6.255257874727336e-07
8911,0.0001134489011950788
8912,-2.028373870998622e-05
8913,-1.3822539802640684e-05
8914,-2.222023252397783e-06
8915,-2.5469696149230106e-06
8916,-2.7953216433525092e-05
8917,-3.258423199877129e-05
8918,-0.00010899049062281805
8919,1.2259515281766572e-05
8920,-1.881103105843062e-05
8921,3.198361396789517e-06
8922,9.559227898716864e-06
8923,0.00011749313976615637
8924,1.0060033202171278e-05
8925,-1.2042996566742649e-05
8926,-2.126902714371665e-05
8927,-3.5150398500263435e-05
8928,-3.054613946005705e-05
8929,-2.016220893710863e-06
8930,-2.0507638342678567e-05
8931,-1.715879403054707e-05
8932,-4.07549719326195e-05
8933,2.0388419926166538e-05
8934,-4.415313154458983e-06
8935,-6.996415555477128e-06
8936,-1.9582492206245596e-05
8937,-1.357625583186745e-05
8938,-1.449595559388391e-05
8939,0.00010121203577145911
8940,4.201133176684382e-06
8941,0.00017758687194436727
8942,-1.76574568264186e-05
8943,-2.8777264058589924e-05
8944,-5.5022908281534575e-05
8945,-4.068674892187104e-05
8946,5.9001095034181675e-05
8947,-8.655327558517381e-06
8948,0.00010798970777541349
8949,-4.06453358940779e-05
8950,-6.983747845515534e-05
8951,3.1375225633382925e-06
8952,-6.042717956006525e-06
8953,-1.3783866632729716e-05
8954,0.00010928261978551714
8955,0.00011898249387740975
8956,-1.3890834152698465e-05
8957,2.176110222935676e-05
8958,-5.021225474774812e-06
8959,0.00010436711069196434
8960,-0.0001189264699816702
8961,-3.52214429527521e-05
8962,2.1847450919449315e-05
8963,-1.9460089597850898e-05
8964,-1.367845712229607e-05
8965,1.4678617473691617e-05
8966,-1.606305558234449e-05
8967,-2.5528112426400404e-06
8968,-1.819902658462524e-05
8969,8.514122571796173e-06
8970,-4.129133187234378e-06
8971,-1.3909603469073773e-05
8972,2.278891997411842e-05
8973,8.969981241971215e-05
8974,0.00010869945064187014
8975,-1.7728302720934024e-05
8976,-2.683397848159075e-05
8977,2.2624213062226684e-05
8978,1.6829888336360208e-06
8979,0.00013901967201381896
8980,-2.314692558720699e-05
8981,9.464191794395412e-05
8982,-6.776146367192238e-05
8983,-4.655909724533606e-06
8984,-1.1068591848016255e-06
8985,-2.1525086648762145e-05
8986,2.5760080106556422e-05
8987,4.762136191129646e-06
8988,-1.362993773072955e-05
8989,-9.15492111816995e-06
8990,0.00014691464090719778
8991,-4.198589036241166e-05
8992,-1.2035873625427423e-05
8993,-2.1806256286799702e-05
8994,-5.3815163113176644e-05
8995,2.834792165085667e-05
8996,-1.06239537708461e-05
8997,-2.5341196916997414e-05
8998,9.09873504191637e-05
8999,-9.97055387124415e-06
9000,-2.245066436007611e-05
9001,1.1559694353491027e-05
9002,-8.135084062814638e-06
9003,2.3661709297448232e-05
9004,7.605797946453073e-05
9005,9.122699070721826e-05
9006,2.875285204499947e-05
9007,-7.393587380647628e-06
9008,7.4031362310050815e-06
9009,1.3736761268228197e-05
9010,-1.4375802129506444e-07
9011,1.6015459969639757e-05
9012,-4.411338306963431e-05
9013,-1.8650621641427254e-05
9014,-2.6541802380233953e-05
9015,-9.591618366539467e-06
9016,0.00012900594668462803
9017,3.0742521863430506e-05
9018,-1.4634490571916014e-05
9019,0.00011129180686548316
9020,-2.435436211526391e-05
9021,1.9144206494092846e-05
9022,5.025276169180867e-06
9023,-1.1923235096037372e-05
9024,-3.252831324934951e-05
9025,-3.025619257241465e-05
9026,-1.4941827394068318e-06
9027,0.00011533721787855015
9028,-1.5397750306874487e-05
9029,1.409691814333198e-05
9030,-7.368054520338761e-06
9031,-4.589821770787229e-05
9032,-2.8901494387537087e-05
9033,-8.637958262115688e-05
9034,3.0963192414492266e-05
9035,0.00011323439506813819
9036,1.0355407372117095e-06
9037,0.00010996924173086866
9038,-1.0248940438032303e-06
9039,3.322602203115827e-05
9040,0.00010512889428064207
9041,-1.4625123608857431e-05
9042,1.809451766312118e-05
9043,-1.0639457032084347e-06
9044,-0.00012498958185315037
9045,-3.5622510034590766e-05
9046,2.3148048203438453e-05
9047,4.92203626781695e-06
9048,-9.444502592086743e-05
9049,1.71804830431938e-05
9050,-3.1847818940877936e-05
9051,-3.438463807106028e-06
9052,4.442250449210403e-05
9053,-2.2545325756072946e-05
9054,-4.318075142800796e-05
9055,-4.8811738379299514e-05
9056,-2.8721405193209495e-05
9057,-2.7369805797934412e-05
9058,0.00011598804425448143
9059,-1.885225661098951e-05
9060,2.7507529594004283e-05
9061,0.00016495364541187763
9062,-2.3922652378678096e-05
9063,-3.547725286334741e-05
9064,-4.537374842911944e-05
9065,2.225560788065183e-06
9066,3.167578885331733e-05
9067,-3.826264198869484e-06
9068,-1.1166229657828805e-05
9069,9.809122234582869e-05
9070,-2.0237764343619447e-05
9071,3.046818813309054e-05
9072,-2.7702571265399412e-05
9073,-3.2965828198939456e-05
9074,6.954045686870772e-05
9075,0.00011381653724238232
9076,-3.15759782679378e-05
9077,-5.047320583835222e-05
9078,-7.937559857964422e-07
9079,2.0978747121989663e-05
9080,-1.2406364642083577e-05
9081,-4.132849294692258e-05
9082,3.1485509779304335e-05
9083,1.7166317906230672e-05
9084,1.9275353290140626e-05
9085,3.628809005022046e-06
9086,-2.6974015217274373e-05
9087,5.9093069285183854e-08
9088,-2.1447394043206953e-06
9089,-2.399754710495415e-07
9090,4.320301208645069e-06
9091,1.0186890047043571e-05
9092,-2.0280756149440993e-05
9093,-2.797299763187746e-05
9094,-3.8546266220510074e-05
9095,1.419110186398038e-05
9096,4.3765714392065895e-05
9097,-2.4395799357443938e-05
9098,-3.637711359187953e-05
9099,-3.5483795590698436e-05
9100,-1.4364769402891411e-05
9101,-4.655048213899122e-05
9102,-6.695993039757002e-05
9103,-4.7811954002827325e-05
9104,-0.00017872908692806842
9105,-1.483086049556726e-05
9106,0.00011720194807276095
9107,-5.000573862344003e-05
9108,-2.9442160762846246e-05
9109,-2.1228368952870277e-05
9110,3.0502981692552336e-05
9111,5.135222617536778e-06
9112,1.1758472491055753e-05
9113,1.93403493613011e-06
9114,9.188285702839493e-05
9115,7.062569633126248e-06
9116,3.370771380141378e-05
9117,4.2348690051585136e-05
9118,8.972004093229702e-05
9119,-7.400016952306031e-06
9121,1.3947855681180655e-06
9122,-2.3835665546358036e-06
9123,-1.8125948496162864e-05
9124,-3.354197544977068e-05
9125,-1.786924451589577e-05
9126,-2.253610175102942e-05
9127,-9.96041817590588e-05
9128,-7.923861946910618e-05
9129,-1.5206358954310308e-05
9130,-4.6242620795964875e-06
9131,-1.0050462931394443e-05
9132,0.00012532852208241738
9133,-1.0935168527066711e-05
9134,9.074130589142442e-05
9135,1.6317737475037533e-05
9136,-4.612719137221572e-05
9137,-3.820944642648081e-05
9138,0.00010964462943375093
9139,8.215304464102447e-07
9140,-9.047933481633626e-05
9141,-1.9274308346211854e-05
9142,-7.745159147307249e-05
9143,9.174245409667437e-06
9144,-3.287263661622988e-05
9145,2.209090869873751e-05
9146,6.5688957460224815e-06
9147,-3.933985903859137e-06
9148,-1.9837908726185656e-05
9149,2.4642828106880017e-05
9150,4.237219225615227e-06
9151,1.8569778650999281e-06
9152,1.3601902406662591e-05
9153,2.135348636657e-05
9154,-1.1497555673122386e-05
9155,-2.9605580680072137e-05
9156,-6.047394033521318e-06
9157,-2.730324175208812e-05
9158,0.00010855120355263278
9159,-1.731759523972865e-05
9160,-3.84215824306008e-06
9161,0.00010677868621423829
9162,-1.350040622055526e-05
9163,-8.99085290729999e-06
9164,0.00012236340455710882
9165,4.349991772323854e-06
9166,1.1263544671237404e-05
9167,0.00010640881564468103
9168,9.854261204600307e-06
9169,-4.940854012966156e-05
9170,0.00012761398414149884
9171,7.230725139379519e-06
9172,-9.603503532707664e-06
9173,-8.549792785197476e-06
9174,-5.1735769584774934e-05
9175,8.319679973646993e-05
9176,-1.2911099754273795e-05
9177,1.2875729333609371e-05
9178,2.5875001214443998e-06
9179,-4.02296716347337e-06
9180,-8.769379556179052e-06
9181,-2.4639692436903808e-05
9182,-1.1753188259899593e-05
9183,-4.869001340121022e-05
9184,-2.652131542563431e-05
9185,4.541197046637503e-06
9186,-2.4041286576539147e-05
9187,-2.0382150355726366e-05
9188,8.078304622322294e-05
9189,-3.813237044960242e-05
9190,0.00015100710643455378
9191,-3.825166430324314e-05
9192,-1.7847456224262728e-05
9193,2.6976061984896135e-06
9194,-1.658595521003009e-05
9195,-7.139224922284478e-05
9196,-3.4490848891437026e-05
9197,-1.3710090983658954e-05
9198,4.7507095895707497e-05
9199,0.00010204465994611387
9200,-1.8051972612738538e-05
9201,-8.750726375728779e-06
9202,-5.438023842871157e-05
9203,-2.313525490462764e-05
9204,1.8398277461528551e-06
9205,3.810335043817755e-06
9206,-4.630278795957562e-06
9207,-2.3070261627435714e-05
9208,3.017558250576255e-05
9209,-2.9117251746356535e-05
9210,-1.9931258261203746e-05
9211,2.1118424274027234e-05
9212,5.005727056413898e-06
9213,-2.5284821726381798e-05
9214,-0.00012350933300331215
9215,2.7012182306498156e-05
9216,-1.89454557374119e-05
9217,9.240828566253161e-05
9218,9.804693982005138e-07
9219,1.1770442314445915e-05
9220,0.00010583702567964755
9221,-2.4404815491288957e-05
9222,3.5664921626448646e-06
9223,2.2737058065831575e-05
9224,2.275313958525655e-05
9225,-1.4369949884712695e-05
9226,-2.2413191106170223e-05
9227,7.759769642725569e-05
9228,2.4030772969126747e-05
9229,1.6059627197682807e-05
9230,-5.2988307550549486e-06
9231,-3.0755117721855484e-05
9232,8.861828967928905e-06
9233,-7.138308072462706e-05
9234,-3.8819561433046926e-05
9235,-5.1243385858833495e-05
9236,2.0476167555898408e-05
9237,0.00011981619028374509
9238,3.7990932073444075e-05
9239,5.237580277025561e-07
9240,-3.152065202593791e-05
9241,-5.5284688062966095e-05
9242,-4.079237245023249e-05
9243,1.3592094555497185e-05
9244,-6.412532087415435e-06
9245,-2.3606981895863974e-05
9246,-2.270153434947129e-05
9247,0.00011503178607672353
9248,2.5692269392311566e-05
9249,3.9344162121415015e-05
9250,-2.6971109118312506e-05
9251,3.123719990253444e-05
9252,-9.603273682296262e-06
9253,-5.848414553329323e-05
9254,0.00012724654665216767
9255,0.00011497698929160799
9256,-1.3776881806552294e-05
9257,0.00011577725894749113
9258,0.00011854285215958964
9259,-7.73290088400242e-06
9260,8.190528899431183e-05
9261,-1.6941339522600077e-05
9262,-1.869261357933247e-06
9263,-4.9163064733147563e-05
9264,0.00011277149263769363
9265,-1.8278730753809166e-05
9266,-1.0695483349263625e-05
9267,-1.5631510876119058e-05
9268,-2.5915354304015666e-05
9269,1.4852935820817873e-05
9270,-2.7570806909352305e-05
9271,2.2766019962728036e-05
9272,-6.454124478623228e-05
9273,-5.89817979373037e-05
9274,-7.267184928059567e-06
9275,-2.9849607683718228e-05
9276,-4.1404482629150124e-05
9277,-1.540146572515369e-05
9278,-3.546382915228619e-05
9279,-0.00012769152950495503
9280,8.371912874281389e-06
9281,1.6787846758961593e-05
9282,1.6582447197288272e-05
9283,-4.344971850514224e-07
9284,-2.2860906086861804e-06
9285,7.411305150017107e-05
9286,-2.0011904649436368e-05
9287,1.1612912267446435e-05
9288,-0.00010882358737289865
9289,-2.501872554421413e-05
9290,1.601221598684778e-06
9291,0.00011465263394638912
9292,0.00014665412399917786
9293,-0.00023922510417178288
9294,-1.6162766143679604e-05
9295,6.551683880388735e-06
9296,-1.5282064676284775e-05
9297,-7.233629189431584e-06
9298,1.874280888587224e-05
9299,-3.2456102222204045e-05
9300,-3.605026174336653e-05
9301,0.00010219639334827621
9302,-0.00015011821864172772
9303,-4.767490513622755e-05
9304,3.072580564767098e-05
9305,-8.952794177457697e-05
9306,2.5908009894192006e-05
9307,-0.00019054692536592442
9308,-6.54538920149204e-05
9309,2.7325817570090207e-05
9310,-3.6323251202702375e-05
9311,-8.703500796109416e-05
9312,-6.7380734719335785e-06
9313,-2.6544281188398614e-05
9314,-9.228831343352807e-06
9315,1.0400366410613053e-05
9316,0.00010238549076020689
9317,3.493314050137976e-05
9318,-3.404174456372859e-05
9319,8.202590662986022e-05
9320,7.636206597089752e-06
9321,-1.1325517669319972e-06
9322,-5.915675032883917e-06
9323,-4.020846290513859e-05
9324,-1.3756856322288511e-06
9325,0.00010660471795126762
9326,2.826980873942354e-06
9327,0.0001454911664128303
9328,-2.2147485706955158e-05
9329,0.00010779806952923492
9330,-0.00013415212351828795
9331,2.140730936080213e-05
9332,1.4457639865577162e-05
9333,-4.569835541769855e-05
9334,-2.1223175432532996e-05
9335,-9.556462150067035e-06
9336,1.7549089528620185e-05
9337,-2.2822540067136255e-05
9338,-2.8690284211188287e-05
9339,-3.8807109929621154e-05
9340,-1.3131043780594948e-05
9341,-0.0001178970757871859
9342,6.979781091213191e-05
9343,-5.281233265995953e-05
9344,-8.9051260612905e-06
9345,-2.462206203490493e-05
9346,0.00013161629252135684
9347,1.6316714882850532e-05
9348,-2.056560218334179e-05
9349,-0.00012300674961879837
9350,-2.602607328444717e-05
9351,9.453177545219638e-06
9352,3.49054297432301e-05
9353,2.2914335131644077e-07
9354,1.3985708542168104e-05
9355,-1.2930682022124449e-05
9356,-4.080731607973577e-06
9357,1.5567188430577418e-05
9358,-4.138453379273415e-05
9359,-3.1226759031414783e-05
9360,-3.3406655304133895e-06
9361,4.766585491597639e-06
9362,0.00010856404900550831
9363,-7.2196968831121585e-06
9364,8.779295813292254e-06
9365,6.765034087002206e-05
9366,1.4517345745116316e-05
9367,9.158966708928314e-05
9368,-4.5231747347861386e-05
9369,-2.434909148141735e-05
9370,-7.880252879112926e-06
9371,1.637333109974857e-05
9372,-4.5536898635327466e-05
9373,-1.5950638242065747e-05
9374,-2.0338249579071966e-05
9375,-0.00015329483887180674
9376,7.357271388173136e-08
9377,-1.9028390757739484e-05
9378,-2.924250196665508e-05
9379,-3.4500051289796478e-06
9380,2.7073053829371895e-05
9381,-2.451260387897485e-06
9382,1.7542234249412974e-05
9383,-7.528707394376364e-05
9384,-0.00011081803683191483
9385,-1.3636420015245636e-05
9386,3.180829221382711e-05
9387,9.911564262583822e-05
9388,-1.1342035233974434e-05
9389,9.829080980271067e-05
9390,-3.836834970861668e-05
9391,0.00013647637497633618
9392,2.442954517900942e-05
9393,-3.498811218887582e-05
9394,-8.655700646340819e-06
9395,7.443110924214115e-06
9396,8.292326983064448e-06
9397,1.2264340557157995e-05
9398,-1.4707337319850903e-05
9399,1.90037582069634e-06
9400,-1.401603324338791e-05
9401,0.00010493750907480716
9402,7.936421576887359e-05
9403,-0.0001355534121394153
9404,-1.0698349494487048e-05
9405,2.7250815555453335e-05
9406,-5.7762508094310434e-05
9407,4.571207612752939e-06
9408,-4.854087261483057e-05
9409,-1.8444571457803124e-05
9410,6.868344172835376e-06
9411,-2.3591871093958584e-05
9412,-9.74369188770643e-06
9413,-3.2861324585974244e-05
9414,-4.470606632530666e-05
9415,-8.611693698912835e-06
9416,0.00010367250591516491
9417,-6.340239942073786e-06
9418,-1.736395955085744e-05
9419,4.3698717746883534e-05
9420,0.00010372384171932926
9421,-6.908097369596325e-05
9422,-8.82046276703474e-05
9423,-9.59000177681445e-05
9424,-2.7409883402287893e-05
9425,9.178749285637977e-07
9426,8.938259258866276e-06
9427,2.0294550899416233e-05
9428,-9.224905446171689e-06
9429,-1.0914920456707418e-05
9430,0.00010043645761907042
9431,-8.398021105676879e-05
9432,2.0053086802363957e-06
9434,-6.621920149773332e-05
9435,-8.81933700293303e-06
9436,-0.00012549594826996252
9437,5.408619809895728e-06
9438,-9.416669867932752e-05
9439,8.801193973049514e-05
9440,-9.088611286133518e-05
9441,0.0001024042745120823
9442,0.00012463946016505345
9443,-4.327691271901126e-05
9444,-5.579326022416339e-06
9445,-6.855307705700326e-06
9446,-2.0029320102184933e-05
9447,-3.7446208856999844e-05
9448,8.42058453708887e-06
9449,-0.00020559867341071313
9450,-5.939197819679971e-06
9451,3.3817802555859435e-06
9452,7.20155872404572e-06
9453,3.079650644212881e-06
9454,-3.472762396559126e-05
9455,-3.0117528140544857e-05
9456,-2.473625130951394e-05
9457,-9.835200104862402e-05
9458,-1.1709733121097049e-05
9459,8.355310782790161e-05
9460,6.901521515101119e-06
9461,-4.882672615349282e-05
9462,9.594840910285706e-05
9463,-1.1851537320762855e-05
9464,-2.0811829529702637e-05
9465,-0.00013203286193311136
9466,-0.00010721596116200045
9467,1.3948104344308316e-05
9468,-1.1567321605980323e-05
9469,-1.9894132763147345e-05
9470,3.4315763972700097e-06
9471,-2.4291103053838014e-05
9472,-2.559395413845777e-06
9473,0.00011879417421296204
9474,-9.665239974856367e-06
9475,-5.2697532251477166e-05
9476,-0.00014490127339959107
9477,-1.8128653801977584e-05
9478,3.071616571396582e-05
9479,-3.6720640212297226e-05
9480,-1.3002463616431066e-06
9481,8.948411326855405e-06
9482,-1.7236583400517632e-05
9483,-3.3611748553812306e-05
9484,-8.705556392669643e-06
9485,0.00012088326448574728
9486,-3.4320231527090004e-05
9487,1.7719522956758533e-05
9488,-7.428051531314881e-06
9489,-1.8422124907374283e-06
9490,-3.345994418486946e-05
9491,-9.351084008818367e-08
9492,-7.596319206058933e-05
9493,2.1163922734558376e-05
9494,-6.449092179536375e-07
9495,-2.800591457635165e-05
9496,-3.201004415750498e-05
9497,2.1542971953749613e-05
9498,-3.204703535884621e-05
9499,-3.767520915716871e-05
9500,1.992440270259971e-05
9501,8.73557208105919e-06
9502,-2.7589237783104018e-05
9503,1.9580140709876932e-05
9504,1.433534752577542e-05
9505,3.1545757129788325e-05
9506,1.5547656640410383e-05
9507,3.979464899748544e-06
9508,2.1179123781621254e-06
9509,-1.3548065535724254e-05
9510,-6.377389710396537e-05
9511,-2.804725859314195e-05
9512,-7.014747913926806e-05
9513,0.00013089278563857006
9514,-1.717276275157917e-05
9515,0.00010380973936989815
9516,-1.608043648302555e-05
9517,-9.181967470794825e-06
9518,-2.4919041059911218e-05
9519,-1.298175808042279e-05
9520,-5.114600257948008e-05
9521,9.165987465530476e-06
9522,2.572862412780519e-05
9523,5.90991171076893e-05
9524,-3.374018361791952e-05
9525,0.0001603516315110025
9526,-1.3623139448463806e-05
9527,1.1319420859217608e-05
9528,-2.53983033820986e-05
9529,-3.69081703945993e-05
9530,1.6450440697371977e-05
9531,-1.6839647293090787e-05
9532,-1.406009122729304e-06
9533,-1.9288729876279724e-05
9534,0.00010082136690616527
9535,-3.0840067286044245e-05
9536,-0.00020297063309699284
9537,-3.6573063209652915e-05
9538,1.2181883864104665e-05
9539,1.2902989611029581e-05
9540,-3.0097876209765507e-05
9541,2.291904557496302e-05
9542,-1.2850104831159087e-05
9543,-3.2401932310312987e-05
9544,-5.273335222154819e-05
9545,-3.5581876523792706e-05
9546,-2.9128698632120792e-05
9547,-3.135041706263995e-05
9548,-3.719224603846646e-05
9549,-1.3331776298582481e-05
9550,0.00010442655086517321
9551,0.00010305943954735917
9552,2.725607967004191e-05
9553,-0.00010832319352775781
9554,-4.157012570649375e-05
9555,-2.3620999138802114e-05
9556,1.7167959455400623e-05
9557,-5.2078130468726004e-05
9558,0.00010480274148285335
9559,1.52818807400763e-05
9560,-1.5065121371299013e-05
9561,2.6898869220167257e-05
9562,0.00011411805329844318
9563,2.3730131331831137e-05
9564,-3.5649219527840564e-05
9565,-1.265454068779946e-05
9566,-6.085080336779321e-05
9567,0.00010181408133357736
9568,-4.6004185080528135e-05
9569,-6.221337039023629e-05
9570,3.306626155972472e-05
9571,0.00010411528516560775
9572,-3.177233925089232e-05
9573,1.1026106309145668e-05
9574,1.8592021707445233e-05
9575,-1.9833339191973243e-05
9576,2.6501182559877428e-05
9577,-4.126063827425228e-06
9578,2.803452825173716e-05
9579,-2.9478535056113942e-05
9580,6.999757140874769e-07
9581,-1.953321294859042e-05
9582,-7.64708170667291e-05
9583,-4.9228779692202664e-05
9584,-2.2152208350598676e-05
9585,-3.296220004558562e-05
9586,6.148774363100543e-06
9587,1.0329951811581807e-05
9588,-0.00011701327143236954
9589,-0.00015351361045613798
9590,4.269448108971096e-05
9591,-5.538400169461932e-06
9592,-3.4517009742558074e-05
9593,-2.797637265175573e-05
9594,0.00013819282129406935
9595,2.260766774415966e-05
9596,-3.7489672005176094e-05
9597,1.4713132381439198e-05
9598,3.5090258345007884e-06
9599,-1.8413951806724e-05
9600,7.418290339410284e-06
9601,-5.2510574832558734e-05
9602,-2.1662094816565447e-05
9603,1.5137889049947281e-05
9604,-6.9947699084878e-06
9605,-1.3152315933257263e-05
9606,-0.0002250927979126564
9607,0.0001093390708789233
9608,9.501693369820663e-05
9609,-0.00018055628361180378
9610,1.9282394461333798e-05
9611,-5.8765946514904456e-05
9612,-2.9737754631787367e-05
9613,1.7771789338439605e-05
9614,1.1212515085935566e-05
9615,-0.000159513352997601
9616,-3.188093462958928e-05
9617,2.7746204286813704e-05
9618,0.0001291258154436939
9619,1.6062637232244012e-05
9620,-1.5188012085854957e-05
9621,3.3610996790230813e-06
9622,-9.560127183794995e-06
9623,-1.2134350091218916e-05
9624,0.0001355236950330437
9625,0.00010197980366647212
9626,-3.5299324430525062e-06
9627,-2.505638767033809e-05
9628,7.290314501151414e-05
9629,-3.774497229605906e-05
9630,-8.75963578000664e-06
9631,4.5694325398653606e-05
9632,8.27970011159772e-06
9633,-4.889831691980369e-06
9634,-1.801578588783735e-05
9635,-4.3148628994822414e-05
9636,6.406861022114741e-05
9637,-9.94548015296455e-06
9638,1.5646596811711747e-05
9639,-4.578299820423151e-06
9640,-6.518633011728523e-06
9641,1.4965768717229348e-05
9642,-2.643086230382316e-05
9643,1.2857102230191139e-05
9644,-5.5182735528797016e-05
9645,1.4526803418993847e-05
9646,-2.3747587390243953e-05
9647,5.0980491284280886e-05
9648,0.00011273807194083925
9649,4.7083382494747724e-05
9650,-4.181831609457713e-05
9651,-4.918242059647997e-06
9652,-0.00023798670433461627
9653,-4.284917237237078e-05
9654,8.192711509764265e-07
9655,-7.090472690761079e-05
9656,-2.1443129330873428e-05
9657,-1.3586415909230712e-05
9658,2.913434244692334e-05
9659,6.867514178156816e-06
9660,4.476156681776035e-05
9661,-4.571838295087209e-05
9662,7.426360622048361e-06
9663,-9.827660582959651e-06
9664,-1.4962007477879527e-05
9665,-4.5316012296825536e-05
9666,-2.2610231302678685e-06
9667,8.137784898281037e-06
9668,-1.618070192635044e-05
9669,0.00012836148319765825
9670,0.00013470720415934947
9671,-8.200236316770315e-06
9672,9.010389726608968e-06
9674,-9.971522651612688e-05
9675,5.563888885080788e-06
9676,-4.153684284538005e-05
9677,-2.719470439478744e-05
9678,-5.239952290430668e-05
9679,-9.45000909269201e-08
9680,1.3591675087809406e-06
9681,-5.688179656863159e-06
9682,2.393777128309008e-05
9683,8.39369352906938e-06
9684,-1.9994119182228914e-05
9685,-2.9646173585206204e-05
9686,-2.982649765908731e-06
9687,-2.0852544438093868e-05
9688,-4.688152475282543e-05
9689,1.3482419028878166e-05
9690,3.818327374756364e-06
9691,-1.051193103194201e-06
9692,-1.2788984458893545e-05
9693,-4.0262555237859415e-05
9694,-2.7651063073426453e-05
9695,-4.1401792038232084e-05
9696,-9.461015462875329e-05
9697,-1.514425408095078e-06
9698,2.3971388768404603e-05
9699,-1.4995782077312426e-05
9700,2.925533074885605e-05
9701,-6.374665629118677e-06
9702,-7.120829820632939e-06
9703,-4.4632581435143835e-05
9704,-0.00012042838539928152
9705,-2.4400492571294242e-05
9706,-5.335245504975291e-05
9707,1.4444132521748537e-05
9708,-3.4417467378079705e-05
9709,0.00010581269953399872
9710,2.804563567042332e-05
9711,2.1772414632141597e-05
9712,-1.0728228930383895e-05
9713,3.887158073484894e-06
9714,3.513339515775439e-05
9715,0.00010320884659886322
9716,-6.412492934614409e-05
9717,-3.815718647092551e-06
9718,-2.465927405282862e-05
9719,-4.909624252468317e-06
9720,-2.23794016055762e-05
9721,-6.035265522077658e-05
9722,4.926121979951891e-06
9723,4.572234405204637e-05
9724,-0.00010815046606585317
9725,-1.004278156906364e-05
9726,1.83956129476427e-05
9727,0.00013355128616094556
9728,-3.0354510806500743e-05
9729,-3.418338820338257e-05
9730,1.7819521948695158e-05
9731,-1.0243772901594593e-05
9732,-7.910485751926784e-06
9733,7.857420016080104e-06
9734,8.130127191543558e-06
9735,-2.9341021180152886e-05
9736,-4.874668838456248e-05
9737,-1.747746532782909e-05
9738,2.208577450364826e-05
9739,-0.0001715132813900697
9740,6.266224198043314e-06
9741,0.000101148458011448
9742,-6.740067973732908e-05
9743,0.00010297448281198762
9744,0.0001454706585034719
9745,-1.6237676143646193e-05
9746,-7.439052052795827e-05
9747,-4.382549049332709e-05
9748,2.8472804464399483e-06
9749,-2.795510506257395e-05
9750,-1.8407686054706458e-05
9751,-1.638699797913423e-05
9752,-8.041471242904599e-06
9753,2.3819523211568645e-05
9754,1.0352233611047228e-05
9755,-0.00012323015183210383
9756,1.3686923682689644e-05
9757,-1.726977508515102e-05
9758,-0.00011911348998546538
9759,3.565253689885166e-07
9760,3.5515055991709146e-06
9761,2.4001962412148642e-05
9762,-0.000135237888339907
9763,-3.0241279117762937e-05
9764,1.4751369785517407e-05
9765,-3.740475419908759e-05
9766,6.552816648036241e-06
9767,1.5971402078866885e-05
9768,-1.6216772515326667e-05
9769,-4.129185834899525e-05
9770,-1.7679242603480732e-05
9771,7.602648157626368e-06
9772,-3.785723233595456e-05
9773,3.7511367350816827e-06
9774,-0.00023985217912122592
9775,-2.7177168615162296e-05
9776,-2.3392246477305904e-05
9777,4.3650224804878486e-06
9778,-1.3674298767000367e-05
9779,-2.7048038877546777e-05
9780,1.0544685833156083e-05
9781,1.0227605793625059e-05
9782,-0.00011485593607649197
9783,9.18164310976857e-05
9784,-3.2745663076639216e-06
9785,-4.1097539570182184e-05
9786,-1.0519125778228031e-05
9787,-1.7884064465761224e-05
9788,1.6885327734053043e-05
9789,1.3521791994571638e-05
9790,-2.424160754308095e-05
9791,9.936355892568765e-05
9792,-3.2442396506667075e-06
9793,-2.5740987155586492e-05
9794,-0.00012500786948949064
9795,-1.3344479631632543e-05
9796,3.0407483410090124e-05
9797,3.4711298532783662e-06
9798,6.809549592435272e-06
9799,5.269534979015562e-06
9800,-1.80894989520311e-05
9801,1.7787532694637706e-05
9802,-2.3436447605490557e-06
9803,-8.408894948661343e-06
9804,-1.4034251868724768e-05
9805,-8.611099794506857e-06
9806,-1.1374096851795933e-05
9807,-5.6292371638119085e-05
9808,-1.719705788418637e-05
9809,-6.844369657337664e-05
9810,-6.222908878698908e-05
9811,8.989373864605972e-05
9812,2.7458753995597214e-05
9813,4.760681837797183e-06
9814,-3.483314495533692e-05
9815,-2.9550349153577842e-05
9816,-0.00014782656859606456
9817,-2.6410327292978418e-05
9818,-5.69888856261964e-06
9819,-5.58263395912943e-05
9820,9.586757067590883e-05
9821,0.00011884486461058204
9822,9.057724652811843e-05
9823,1.820638403296483e-06
9824,2.5463290140032767e-05
9825,-5.163226108998046e-05
9826,3.6910179164260444e-05
9827,4.9150208290666184e-05
9828,1.0196925513446293e-05
9829,0.00012409988073632073
9830,0.00012021032813936465
9831,2.3386364337056868e-05
9832,1.525999214500178e-05
9833,0.00012899107635021165
9834,-5.08713660761711e-05
9835,-3.3027979545295206e-05
9836,-2.8139643371104986e-06
9837,-4.551559500396317e-06
9838,-0.00011135556697845394
9839,-2.1420670486986388e-05
9840,-3.9610523451119345e-05
9841,0.0001105496144853531
9842,-2.5527209043502813e-06
9843,-1.0398801416159203e-06
9844,-1.0313040763139715e-05
9845,-5.4302112385630536e-05
9846,-1.643019188195465e-05
9847,6.670854110270718e-05
9848,-4.1360706370323796e-05
9849,-4.2002008482813636e-05
9850,-2.8209880925714964e-05
9851,-4.652789328247313e-06
9852,1.5177092049270769e-05
9853,-5.906131118536009e-07
9854,5.967545323073812e-07
9855,-7.573898136615761e-06
9856,0.00011024244092404855
9857,-1.506879134103658e-05
9858,-1.3284767046571295e-06
9859,4.624307341873641e-06
9860,1.3598347734659782e-05
9861,4.712840029969795e-05
9862,1.1859535053372242e-05
9863,-8.51820111274719e-06
9864,-5.885800160467628e-06
9865,9.842171724885665e-05
9866,-1.2545333802699994e-05
9867,-3.4095687139779095e-05
9868,-6.338802166283259e-07
9869,-3.7580560892820685e-07
9870,1.9032063987106002e-05
9871,-3.201296776533124e-05
9872,-4.805349744856368e-06
9873,7.302275728434307e-05
9874,-1.4787477720528816e-05
9875,1.8316920008510308e-05
9876,-1.1548372544348213e-05
9877,-1.5003406535834063e-05
9878,3.2777493819594192e-06
9879,-7.4135547503828394e-06
9880,8.341218717396264e-06
9881,3.3063849620520956e-05
9882,-8.721762150526001e-06
9883,-5.147278029471638e-06
9884,4.0820183046161845e-05
9885,-5.773366382345579e-05
9886,2.1366996876895473e-05
9887,2.4168271571398003e-06
9888,-1.1684029363095792e-05
9889,-3.673888510093073e-05
9890,2.67173284664751e-06
9891,-3.3625364582985456e-05
9892,4.9692844972014465e-06
9893,3.653251538053155e-05
9894,-1.5908641554415174e-05
9895,-1.8797151930630054e-05
9896,-6.930888406932344e-05
9897,-2.614671532064669e-05
9898,1.3006326369941191e-05
9899,1.883032619953152e-05
9900,-3.209187639877187e-05
9901,9.794245380908246e-06
9902,-4.3383457697927926e-05
9903,2.468100218102338e-05
9904,4.203822826966657e-05
9905,8.692748844623556e-06
9906,1.493618376553063e-05
9907,1.0622654948383545e-05
9908,-6.3043683767318845e-06
9909,4.992343178018932e-05
9910,-6.473450949415544e-05
9911,0.00011967667508870289
9912,4.645655257627362e-05
9913,-1.5450867544859582e-05
9914,0.00012311212755739643
9915,-1.0177807137370037e-05
9916,-1.1081505473703128e-05
9917,6.860136743634942e-05
9918,-8.663556072860911e-06
9919,0.00011245123064145479
9920,3.882468305528142e-06
9921,-8.479882404208174e-06
9922,-6.577042769640733e-06
9923,-2.5842981040477676e-05
9924,-2.929168790578826e-05
9925,3.3890747465193447e-06
9926,-4.940579151734702e-05
9927,9.695239746943066e-05
9928,0.00011008531525731042
9929,-1.7373831197619388e-05
9930,-2.5080581568181542e-05
9931,-4.727322421967966e-06
9932,3.718532901257229e-06
9933,-1.473795892670745e-05
9934,7.679823134094484e-06
9935,-0.00015158353522419925
9936,-9.041283745318657e-06
9937,7.811082843691099e-05
9938,-5.72399405762552e-05
9939,-6.697850469499792e-05
9940,1.6140912286937154e-05
9941,1.148904673755132e-07
9942,0.00012087416388094397
9943,-2.205744860693801e-05
9944,-1.3729694485664323e-05
9945,-2.109229406341911e-05
9946,-3.344231750816097e-06
9947,3.679121192544713e-06
9948,-5.720529146492458e-06
9949,1.735804164782153e-05
9950,-1.4483470562845371e-05
9951,-3.738855542615041e-05
9952,-5.1725286990403815e-06
9953,2.4580317549407358e-06
9954,1.765162758529178e-05
9955,-3.660827632993465e-05
9956,3.2981734536588084e-05
9957,4.192360388115041e-05
9958,2.038042983040209e-05
9959,5.220297258347342e-06
9960,-3.527226522564864e-05
9961,1.2997914105653753e-05
9962,-9.0091270394623e-06
9963,3.3715751953422775e-06
9964,0.00010681394673883907
9965,-1.1245149374008139e-05
9966,-2.0824085362255437e-05
9967,0.00011911844760179465
9968,3.556797141209226e-05
9969,1.32751596160233e-05
9970,1.8231023848056727e-05
9971,-2.033994980156414e-05
9972,-5.66688479855654e-05
9973,-4.4528132956474875e-05
9974,-3.7728636711835716e-05
9975,2.064352948218588e-05
9976,0.00016044936012476658
9977,-8.690926805138516e-06
9978,-1.1541711725294528e-05
9979,5.599980428814882e-06
9980,-3.546749278902992e-05
9981,7.429099660366721e-05
9982,6.892960332333974e-06
9983,-0.00018025997132062934
9984,-6.022092141211015e-06
9985,-2.6520519517362184e-06
9986,0.000120295599661767
9987,-6.948463991284406e-06
9988,1.2421548366546582e-05
9989,-5.14280627481637e-05
9990,-0.00010597627200186217
9991,0.0001044139030389487
9992,-3.8575093075632877e-05
9993,-2.4050747789442542e-05
9994,-5.037572802975756e-05
9995,9.875998925417576e-06
9996,-1.661165840923775e-05
9997,-2.1211055293679185e-05
9998,-3.993779439479097e-05
9999,0.00011105206776410305
10000,-5.3087273426353534e-05
10001,-5.552905453369039e-05
10002,0.0001146477205678818
10003,-0.0001496252171695224
10004,9.277784517034888e-05
10005,4.2858626507222466e-05
10006,-3.3297599852085114e-05
10007,-4.42139962688087e-06
10008,-1.3338665291667002e-05
10009,-3.0549172312020936e-05
10010,1.1304049752652665e-05
10011,-2.0523765869438506e-05
10012,-3.325698152184466e-06
10013,2.8563792165368594e-05
10014,-4.212675392627718e-05
10015,1.950618252158158e-05
10016,8.400897039100492e-05
10017,-3.405981976538858e-05
10018,-4.548627361655237e-05
10019,-1.4567828085273378e-05
10020,3.0392109602689615e-05
10021,-4.203658457845452e-05
10022,-3.500269139185522e-05
10023,9.885533805936542e-06
10024,-3.997546955943077e-05
10025,0.00010034438949078259
10026,6.888693664222944e-06
10027,-5.389463342726238e-06
10028,-6.122811138629861e-06
10029,-2.3601600807160082e-05
10030,-2.4068859964608988e-05
10031,5.846500862389807e-06
10032,-2.3889862932264658e-06
10033,-3.490360435098414e-05
10034,0.00011408860608935303
10035,-8.941526524722503e-06
10036,-1.1961842700839066e-05
10037,3.6111250519752296e-05
10038,-3.689459506422281e-05
10039,8.364503923803532e-06
10040,0.00011843718644231523
10041,-2.7260390203446e-05
10042,-3.8075743243098288e-06
10043,9.892124943435114e-05
10044,-1.1689396947622266e-05
10045,-1.0512137878686174e-05
10046,3.6381613463162405e-06
10047,2.7979526482522208e-05
10048,-4.301360994577405e-06
10049,-1.5213916171342113e-05
10050,-9.79504845105109e-05
10051,-2.3377801291644477e-06
10052,-0.00017836497724056172
10053,-1.7513191699981687e-05
10054,-1.626709531992661e-05
10055,-7.215105928480622e-06
10056,-1.55839576385914e-05
10057,-2.5146501697599866e-05
10058,-0.00010598045438528053
10059,-5.993741638958425e-05
10060,-1.4973562117665985e-05
10061,-3.729194458574053e-05
10062,-3.054013680666679e-05
10063,2.2830931004136692e-05
10064,-1.435989085584877e-05
10065,8.855650015175292e-06
10066,0.00013581890603527348
10067,3.076779358088941e-05
10068,0.00013209529444575282
10069,-5.953029915690425e-06
10070,-1.2956706713885022e-05
10071,-5.066667804494519e-05
10072,-4.707487011328323e-05
10073,-2.3534894734620997e-05
10074,3.146881237626067e-06
10075,2.0011917687952415e-05
10076,-3.521059080958337e-05
10077,-2.7367824502289394e-05
10078,1.7496886104345254e-05
10079,5.600558761507261e-05
10080,1.789369629696002e-05
10081,-0.00017572384281083886
10082,3.860386637970789e-05
10083,-0.0002453939981758599
10084,9.013906838372316e-05
10085,-2.6056636124849413e-05
10086,-1.9573436211794483e-05
10087,-8.399596717208591e-06
10088,-2.2108954377472358e-05
10089,-5.4930842481553614e-05
10090,0.00011658707484602898
10091,8.523727487772674e-05
10092,-2.5098683871328686e-05
10093,-3.3894289284944123e-06
10094,-3.305599112063641e-05
10095,-1.1669278144836659e-06
10096,-1.6595647297799636e-05
10097,4.16569691151303e-07
10098,1.9126513227820393e-05
10099,-9.577806014567511e-06
10100,-5.5613082833588e-06
10101,0.00014053119067102595
10102,-5.773477992042899e-05
10103,-3.769378596916789e-05
10104,-5.699965916574002e-06
10105,2.1886056941002586e-05
10106,-3.323492333292948e-05
10107,-1.2092871218919727e-05
10108,0.00015394373517483437
10109,-0.00032524028848856325
10110,2.8706034645438163e-06
10111,-2.121253684163093e-05
10112,-5.8451035525649744e-05
10113,3.495790809392956e-06
10114,-4.44049760699269e-06
10115,-1.4791327528655447e-05
10116,-3.965741964057086e-05
10117,-5.3728728555142525e-06
10118,2.8031836077570813e-05
10119,-7.284169737249579e-06
10120,1.3623826857656183e-05
10121,-6.387651190161656e-05
10122,1.3699621893465532e-05
10123,4.577528126537849e-06
10124,1.5321569517250368e-07
10125,-4.420549347996698e-05
10126,-7.851262390613514e-06
10127,0.00012703460641205248
10128,-0.00012922792118042652
10129,-2.982268687337631e-05
10130,-0.0001341483043506733
10131,-2.0606568455696024e-05
10132,9.958569817244988e-05
10133,6.3589433208108e-06
10134,7.20804813317952e-05
10135,2.4581230618059538e-05
10136,9.074900615960316e-05
10137,-9.312647394835902e-06
10138,-2.2392187733203164e-05
10139,5.879973508417593e-05
10140,-1.2059942353516832e-05
10141,1.5637085773050784e-05
10142,3.645608052611336e-05
10143,-2.7651287056505387e-05
10144,-7.1128311567007985e-06
10146,-2.7825998514890663e-05
10147,-8.887991458177566e-05
10148,-2.897032164037181e-06
10149,-1.9015322532504773e-05
10150,4.964562784880364e-06
10151,3.33391623571515e-05
10152,3.3686648402362946e-05
10154,1.1016479041427337e-05
10155,9.490196155384176e-05
10156,-9.543551951646783e-05
10157,-4.855291740968835e-05
10158,1.9782079383730907e-05
10159,-1.3494666572660199e-05
10160,9.80334622785448e-05
10161,-2.3165772669017224e-05
10162,1.7985368706285885e-05
10163,2.2786991577595415e-05
10164,-8.230237755924443e-06
10165,8.442060090601627e-07
10166,2.374219316989174e-05
10167,-1.1606513708829807e-05
10168,-2.2209404595196156e-05
10169,-4.445931874215626e-06
10170,2.3697598092257822e-05
10171,-0.00010002001449465704
10172,8.265348374843557e-05
10173,1.3123756833374523e-05
10174,-2.1388554945588075e-05
10175,-1.3205008395016107e-05
10176,-7.002744851633902e-05
10177,-2.5174335949122897e-05
10178,1.2906886450946287e-05
10179,-1.9561662618070867e-05
10180,-5.1362505275756274e-05
10181,-2.3980956524610645e-06
10182,-2.792770415544515e-06
10183,-3.5567903704941134e-05
10184,0.00012340369224548336
10185,1.9834987912326963e-05
10186,-8.449694588780406e-05
10187,2.2476628143340385e-05
10188,1.6715081036090803e-05
10189,-1.984126707538963e-05
10190,-9.594160038977814e-06
10191,8.78701360896228e-05
10192,-4.5550301671028126e-05
10193,-1.3018332514911877e-05
10194,-5.33952644094821e-05
10195,-3.955506402999143e-05
10196,-2.9311331082135545e-05
10197,5.321836005896292e-06
10198,-0.00016861520595848478
10199,-3.373508853837845e-05
10200,-0.00011025559930130816
10201,-9.331896901130707e-07
10202,-3.153189057484271e-05
10203,0.00010519237108528589
10204,1.1283231806009975e-05
10205,0.00010742102963849869
10206,-6.1306149698793665e-06
10207,3.8307975325733315e-05
10208,9.52167440205809e-05
10209,-2.638672394677987e-05
10210,-1.632472854107616e-05
10211,0.00015332575961947436
10212,-6.367335561662924e-06
10213,-5.903506428003332e-05
10214,1.827816506847738e-05
10215,2.1463599521666748e-05
10216,-0.00023782556559890335
10217,-3.891166765242774e-06
10218,-1.704563284292808e-05
10219,-2.6062734704464587e-05
10220,-1.8030418828129705e-05
10221,2.4941198807209618e-05
10222,-3.023121487349265e-05
10223,4.973777942359436e-06
10224,-1.1737225297838374e-05
10225,-1.2444136664271833e-07
10226,-1.4351993519812681e-05
10227,8.527003787457926e-06
10228,0.00012103114854544343
10229,4.8270197678357404e-05
10230,-1.599692897871131e-05
10231,-3.999891132116407e-06
10232,-9.01507632806895e-06
10233,-4.821720533072982e-07
10234,-2.5166557170450533e-05
10235,1.4718097914010254e-05
10236,0.00010508845578879106
10237,0.00011228126557543835
10238,-7.961471565067754e-05
10239,2.282360307872293e-05
10240,7.364454865455566e-06
10241,-3.285438520833836e-05
10242,-1.9713463820517054e-05
10243,0.00013553776834160068
10244,-7.133669964969132e-06
10245,4.290995188057425e-06
10246,-1.9212728366255278e-06
10247,-9.03590284287933e-06
10248,-1.2938447855412995e-05
10249,-1.374828442931163e-05
10250,2.5789298489689796e-05
10251,1.5451262425631215e-05
10252,-6.153960609808545e-05
10253,-1.7851027473807252e-05
10254,-5.927530853077779e-05
10255,-1.732294894754879e-05
10256,-2.065804079174986e-05
10257,1.0338293388485888e-05
10258,0.00012030378188937851
10259,-0.00014623907273635318
10260,-2.9744438640773323e-05
10261,-1.9320389628410395e-05
10262,-1.6229377966374053e-05
10263,-1.723811943083998e-05
10264,0.00013482001768425072
10265,-6.363205574452852e-05
10266,-1.4856199733912953e-05
10267,2.6260091271251332e-05
10268,-9.037553332745986e-06
10269,-1.1982753500342334e-05
10270,0.00010153282936662459
10271,-7.050534710288081e-07
10272,-3.056699037551881e-05
10273,-3.783282451331632e-06
10274,-1.1822015512734643e-05
10275,1.0068131424486614e-05
10276,2.178918868303293e-05
10277,2.3172306083142682e-05
10278,6.250295881181923e-06
10279,2.6808108203113067e-06
10280,-1.706453599035734e-05
10281,0.00010040573654696274
10282,1.2280005961656392e-06
10283,2.181977862492203e-05
10284,9.927827948704337e-05
10285,-2.3355351202189813e-05
10286,2.6538865640759407e-05
10287,-1.7024295497685635e-05
10288,-0.00024351123841479278
10289,-1.6121968533843706e-05
10290,-1.8729670904576976e-06
10291,-5.453749559819664e-06
10292,-8.766547795385109e-05
10293,0.00011068599149584719
10294,-1.7948096059262603e-05
10295,-2.7695832774042994e-05
10296,-1.9750314950942976e-05
10297,-1.598299322649808e-05
10298,0.0001159310076385732
10299,1.5861136838793698e-06
10300,-7.27901048958296e-06
10301,-3.539803354069585e-05
10302,8.380709588527611e-06
10303,2.4578243587165986e-05
10304,-1.778534613549701e-05
10305,0.0001224062785506244
10306,-2.0955154486000508e-05
10307,9.92213975638147e-05
10308,0.00010835817279294133
10309,3.639583103358729e-06
10310,-1.073885923251508e-05
10311,-3.2088523730635254e-07
10312,-3.038977663964028e-05
10313,-3.2731627114117074e-06
10314,-7.1903645060956576e-06
10315,-1.5524216089397704e-05
10316,-1.9957815483212342e-05
10317,-6.599696353077864e-06
10318,1.772212786599991e-05
10319,1.3746248558163669e-05
10320,0.00013485749959945618
10321,0.00011293701026588662
10322,-0.00012277724947780356
10323,0.00011465560095384657
10324,-3.796687629073879e-06
10325,6.71041831374164e-06
10326,-2.7924837917089326e-05
10327,-5.91692239977418e-05
10328,-5.319309979677182e-06
10329,6.218020059168337e-06
10330,-3.7225438281893543e-06
10331,-2.351254671812052e-05
10332,-4.4759736489504524e-05
10333,-8.158010989427522e-06
10334,1.2288713641464665e-05
10335,3.710994906723455e-05
10336,9.96206514537334e-06
10337,-5.1271615736186495e-05
10338,8.54679732583463e-05
10339,-2.2965680714696607e-05
10340,-3.421187885105612e-05
10341,-1.773848533630372e-05
10342,-1.7074488010257438e-05
10343,-7.369019836187352e-06
10344,1.845039213076232e-05
10345,-1.2434409838169754e-05
10346,-1.6941945906728537e-05
10347,-6.805497407913192e-06
10348,-1.293390616774562e-06
10349,-2.1190193947404512e-05
10350,8.504654513671962e-05
10351,6.062655709683881e-06
10352,-2.734533194452518e-05
10353,-5.133693125098909e-05
10354,6.805189978331322e-06
10355,-7.154850382357827e-06
10356,2.6808961108326885e-05
10357,-0.0002298404157161706
10358,-1.9137461669743064e-06
10359,-2.9654060676693824e-05
10360,-4.593019625171988e-05
10361,9.495431166142202e-05
10362,-3.0261566210538163e-05
10363,-1.1316420137882236e-05
10364,-0.00011699920864775757
10365,-3.433335293084374e-05
10366,-3.237616345286364e-05
10367,1.6985904239117886e-05
10368,8.663612417875904e-07
10369,-3.0426479410380057e-05
10370,9.883053600788127e-06
10371,-9.537797980010514e-05
10372,0.00011735360389575317
10373,-7.210082281380885e-06
10374,-3.7439801264554095e-05
10375,2.503735767677409e-05
10376,-6.534061208367292e-06
10377,8.537586778402258e-06
10378,-4.139065872877824e-05
10379,0.00011693761721253384
10380,-2.60096583515406e-05
10381,-5.963691510260103e-06
10382,3.760447725654168e-07
10383,-6.717983139678809e-05
10384,-3.1037679128348834e-05
10385,-2.7060287632048125e-05
10386,0.0001254924109205608
10387,1.61263116635382e-05
10388,-4.1925354208797095e-05
10389,1.84722695499658e-05
10390,-2.2652538586407887e-05
10391,-2.4511901941150367e-05
10392,9.314458761364183e-05
10393,-1.6051362175494466e-05
10394,-5.508475266396963e-05
10395,7.91232820600273e-05
10396,2.076385887339706e-05
10397,0.00012053126543760274
10398,-5.405180230736707e-05
10399,3.526183404028393e-06
10400,-6.001704530790418e-05
10401,1.0792610980570252e-05
10402,-4.7466104850173034e-06
10403,-5.623203888535483e-06
10404,-4.2553778737783306e-06
10405,-2.5326995179057113e-05
10406,-0.00010245876107364844
10407,8.390978798270193e-05
10408,-2.531897658482191e-05
10409,-0.00011619333410635555
10410,-8.429476059972943e-07
10411,0.0001111533746123309
10412,2.7436336595565015e-05
10413,-1.0248747002333365e-05
10414,-2.2201682068407433e-05
10415,-1.6191332601010701e-06
10416,3.7440019473433514e-05
10417,2.9884845018387014e-06
10418,3.258259277790773e-05
10420,7.078247331082854e-06
10421,-1.616647737100711e-05
10422,0.00010780595066025814
10423,-1.3540633209049679e-05
10424,-0.000254036542400717
10425,1.6058068722486364e-06
10426,-1.697224918752911e-05
10427,1.3568472117185532e-05
10428,2.6280272658914116e-05
10429,0.00014761291034519645
10430,2.3469123058021016e-05
10431,-3.531822646036743e-05
10432,-1.9584367703646337e-05
10433,-3.815302625298582e-08
10434,1.748619060963385e-05
10435,-4.521904792636605e-05
10436,0.00010339518291875703
10437,-3.9088158030062834e-05
10438,-4.682198725640763e-06
10439,-5.393497459590423e-06
10440,-1.8570119235664555e-05
10441,2.796098310500375e-06
10442,-2.2761533036827687e-06
10443,-1.2389391567558013e-05
10444,2.6148657407611555e-05
10445,-1.321058068424457e-05
10446,0.00010453953370451874
10447,4.905143193900578e-06
10448,-3.274433948099606e-05
10449,-0.00011812467053532569
10450,7.855782080441684e-05
10451,6.058930046856391e-06
10452,8.13368093222376e-06
10453,0.00011566111799329499
10454,-5.576487360522137e-05
10455,2.1681926492601654e-05
10456,-2.7925663813948587e-05
10457,-1.9138643331825673e-05
10458,-1.8710154388099848e-05
10459,-2.5567285250872416e-05
10460,-2.5101492181420175e-05
10461,9.01875002309681e-06
10462,-1.7940444126725188e-05
10463,-6.889765895903095e-06
10464,-2.1833921410143255e-05
10465,1.438557170331478e-05
10466,2.6666860654950094e-05
10467,0.00011320288563147139
10468,-4.36049894429743e-05
10469,8.530297316611504e-07
10470,-3.3339383639395256e-05
10471,-3.248798660933952e-05
10472,-4.517921442165946e-05
10473,0.0001060281006619326
10474,7.823927793651792e-05
10475,0.00013123702090233445
10476,-2.679666010662916e-05
10477,8.574924124404795e-05
10478,9.737394750118502e-07
10479,0.00014196561900898684
10480,-1.1593932472169348e-05
10481,-1.3451513461768594e-05
10482,2.28195507079363e-06
10483,1.772432569414375e-05
10484,5.622575432062139e-06
10485,-1.0926026664674294e-05
10486,6.994799152016607e-06
10487,7.217550426721561e-05
10488,-1.2764261104166371e-06
10489,-2.0463417656719692e-05
10490,-4.084234312176715e-06
10491,1.1176318954676387e-05
10492,-1.6638213023543326e-05
10493,-2.5480977259576312e-06
10494,4.128812234848714e-05
10495,-1.3823265489190736e-05
10496,-1.711936546489594e-05
10497,0.00013898229068145122
10498,-6.597225740551936e-05
10499,-3.3650520909577556e-05
10500,-2.2978828288614927e-06
10501,-2.4364265799522297e-05
10502,-3.812271170318124e-06
10503,1.90034811384976e-05
10504,2.9364375397562975e-05
10505,2.3097039014101014e-05
10506,-5.155358742922549e-06
10507,-3.7658616900443913e-06
10508,7.559067327529165e-05
10509,-1.1594468541443346e-05
10510,2.94201406650244e-05
10511,-2.0015906076878203e-05
10512,-4.756766287609921e-05
10513,-3.445894271135346e-06
10514,-4.234842546284174e-05
10515,-4.779673274606446e-06
10517,-1.6820798441767694e-05
10518,-4.919474292546478e-05
10519,0.00012603368069976492
10520,1.5520947426557492e-05
10521,3.613192960619933e-06
10522,0.00010564569067209929
10523,5.002642050385487e-06
10524,4.822434019297403e-06
10525,2.851739507168516e-05
10526,6.046799570322029e-06
10527,-2.6989515870809596e-05
10528,2.283528083935363e-05
10529,-1.0131243430077968e-05
10530,1.047465596348047e-05
10531,-4.8311400506645276e-05
10532,1.5437982231378536e-05
10533,-5.6407855823635935e-05
10535,-4.9806673079728975e-06
10536,8.569197338074412e-05
10537,4.2073568329216263e-07
10538,1.1686208657919965e-06
10539,0.00013069158373400512
10540,1.8182030413299876e-05
10541,-1.754273446276776e-05
10542,3.4216430038213575e-05
10543,-7.915679123252592e-05
10544,-1.5299941506236784e-05
10545,0.00011598041607066909
10546,-4.329728865995985e-05
10547,9.890577746555186e-05
10548,4.1535784117877055e-05
10549,-1.9737154059112006e-05
10550,-3.7454647757112906e-05
10551,2.345156017690923e-06
10552,-2.844228604808442e-05
10553,2.0501391217112564e-05
10554,3.5074710845947184e-06
10555,2.248063916340455e-05
10556,-2.936423756182181e-05
10557,-2.0479808561503315e-06
10558,-1.1591792199760602e-05
10559,-7.420180719345776e-05
10560,-2.0607004314660938e-05
10561,-2.9978655371814892e-05
10562,-3.455605357885323e-05
10563,-8.368826713412948e-05
10564,0.00013279335265979162
10565,-2.123219268396506e-05
10566,-8.559306524693928e-06
10567,-3.0661864206194816e-05
10568,3.310235776007184e-05
10569,6.510124355554564e-06
10570,-1.0839365422722941e-07
10571,-0.00012292660642415317
10572,9.149840101599626e-05
10573,8.283133618533658e-07
10574,-4.6811474859714467e-05
10575,1.1674324050545444e-06
10576,1.8538908101618062e-06
10577,-3.6882681772112678e-06
10578,0.0001120331343263387
10579,-5.55336775258183e-05
10580,8.8896179385483e-05
10581,-2.327650319784873e-05
10582,-0.00010157578866928811
10584,-4.085586983710491e-05
10585,-1.215887265279891e-05
10586,1.500742360949512e-05
10587,-4.849142525345089e-05
10588,8.375924825668299e-06
10589,0.00010960384514182764
10590,-2.9406245052814452e-05
10591,-8.222269928082839e-05
10592,0.00011358883436769199
10593,-3.8472966663539064e-05
10594,-8.881113817915253e-05
10595,8.695174753665901e-05
10596,-0.00013444159617647457
10597,-7.723090052604649e-06
10598,-3.590592667460407e-05
10599,0.00010349045526236241
10600,-3.913974706083535e-05
10601,5.690302699804401e-07
10602,2.37887944094835e-05
10603,5.437321960925822e-07
10604,0.00012986941142007697
10605,-1.2763151060789782e-05
10606,-2.0457417704164898e-05
10607,-3.231216100975843e-05
10608,-4.53987605869766e-06
10609,7.958043757826074e-05
10610,5.299231475219117e-05
10611,2.4503523856401467e-05
10612,0.00012437726408243168
10613,2.581572998315074e-06
10614,9.477136721834475e-05
10615,3.689296739175905e-05
10616,2.8519367706030367e-05
10617,-5.164014771580685e-05
10618,-1.723736878484487e-05
10619,2.37509697675704e-05
10620,2.1817323751747553e-05
10621,7.942689582705382e-07
10622,-1.9799761101603377e-05
10623,-3.703042538836585e-05
10624,-7.361723296344282e-06
10625,-2.2690939716994627e-06
10626,1.7490979097783576e-05
10627,-3.283591065555798e-05
10628,1.6820164863020152e-05
10629,-8.20422992110247e-06
10630,0.00010498724430799444
10631,4.063854180276393e-06
10632,-6.738461907952997e-05
10633,-5.466778445988863e-05
10634,9.963549207895929e-06
10635,1.80933859199285e-05
10636,-4.358655847609047e-05
10637,-1.9452812429517547e-05
10638,-3.679077969863998e-05
10639,5.011395737528727e-06
10640,-4.1856776457279854e-05
10641,-1.5363371185958294e-05
10642,-4.73694205284119e-06
11827,-2.7068326622247544e-05
11828,-4.259204799309359e-05
11829,4.4280528649687844e-05
11830,-5.321403341367824e-05
11831,3.092397917062041e-05
11832,4.0296453516930155e-05
11833,2.5276322755962524e-05
11834,0.00013892606385052162
11835,-0.00013856675159186108
11836,5.576220639050014e-05
11837,-1.3486696407198894e-05
11838,-0.00018224892960861305
11839,-2.30943541042507e-05
11840,-9.660146944224801e-06
11841,-7.406556028872702e-05
11842,7.81042778864504e-05
11843,0.00012641629204153916
11844,1.4969700481742594e-05
11845,-4.201466105878334e-05
11846,-9.308758843690101e-06
11847,0.0001372336912900207
11848,-6.857356308028067e-05
11849,-0.0003110369965434076
11850,0.0001036968290805813
11851,-1.1155666038393977e-05
11852,-3.032792564481484e-05
11853,7.812001742422625e-07
11854,1.2551205046474865e-05
11855,-0.00015179873276501785
11856,9.499026369303428e-05
11857,0.00014404033441096518
11858,2.0696064643561788e-05
11859,-1.2649713829159685e-05
11860,0.00014962456272915017
11861,-5.482646226882875e-05
11862,2.5387577712535687e-05
11863,1.7906465567648365e-05
11864,-6.357733905315372e-06
11865,2.8353395778685752e-05
11866,-1.3532276358455375e-05
11867,4.131864197552195e-06
11868,1.1915829218923995e-05
11869,2.9653598088770918e-05
11870,1.0827150475233446e-05
11871,-1.2410890683531718e-05
11872,4.593647439032781e-05
11873,2.7287910692393636e-05
11874,4.625969314947736e-05
11875,2.69464689306913e-05
11876,-4.359586909413282e-06
11877,-8.07537622749808e-06
11878,0.00016558682220056616
11879,3.5310659557580507e-06
11880,-3.7953943293541437e-05
11881,3.8598068244755196e-05
11882,4.586779316887225e-05
11883,-0.00011545341499149738
11884,0.0001596485540270797
11885,-2.611676109954695e-05
11886,1.9387178122997244e-05
11887,-1.4485765714198293e-05
11888,-3.623759802430849e-05
11889,-3.333560237660987e-05
11890,2.1324219368398153e-05
11891,2.4546544160693873e-05
11892,-2.7160068601369805e-05
11893,3.70042610913514e-05
11894,-2.272602356970293e-06
11895,3.175449753180147e-05
11896,3.048783997073764e-05
11897,3.8988252542912926e-05
11898,4.2233292199671144e-05
11899,5.593465231358961e-05
11900,0.00010897925077006193
11901,3.674077242612824e-05
11902,-1.086886785924433e-05
11903,-7.277739699929946e-06
11904,2.962159477174267e-05
11905,3.914339067414397e-05
11906,0.00013750975746661397
11907,-2.064463309943686e-06
11908,6.326497904956265e-06
11909,-2.8655211813748008e-05
11910,-2.519589122384761e-05
11911,3.3692450076341636e-05
11912,-1.946820877492448e-06
11913,-2.9668763745575925e-05
11914,-2.088334411382669e-05
11915,-1.9269771128892984e-05
11916,-0.00016095154620707
11917,-1.067762840539213e-05
11918,-3.252274645492432e-05
11919,-1.398715339601037e-05
11920,3.8309345394372935e-05
11921,3.0505485832691084e-05
11922,-7.971979677677144e-06
11923,-3.5220275353640406e-05
11924,-1.8761039990931775e-05
11925,3.729560412466367e-06
11926,-3.264103913679703e-05
11927,-5.723854526877325e-07
11928,4.750939588993771e-05
11929,-0.00013570114858448487
11930,-4.441833607852462e-05
11931,-2.289040386676796e-06
11932,0.00011481052758172109
11933,4.8875648714601895e-05
11934,4.9404478538781446e-05
11935,-4.311474226415137e-05
11936,-3.2097174786031396e-06
11937,0.0001739958723075683
11938,4.8755216225981323e-05
11939,0.00015374935213476347
11940,-2.2297216113656634e-05
11941,-9.044397706165848e-05
11942,3.0170136503875326e-05
11943,3.956401096656895e-05
11944,-9.107201918959608e-06
11945,0.00013598352912813337
11946,0.000106203502789139
11947,-2.4475880805402995e-05
11948,-2.823318801820265e-05
11949,5.5965388100594255e-05
11950,-1.4102901332080296e-05
11951,-0.00010759907299652665
11952,-4.294650461524726e-05
11953,-5.7183889672160015e-06
11954,0.0001514824234880509
11955,-5.634880159050168e-06
11956,-4.457733035087501e-06
11957,9.705099109560228e-05
11958,-1.1030845157802058e-05
11959,-3.42607241123914e-05
11960,5.2503071725368234e-05
11961,-9.48800090700384e-06
11962,6.974221142008882e-05
11963,0.00014052105303853643
11964,5.268808901309961e-05
11965,4.158640857785912e-05
11966,-3.7507757823914324e-05
11967,-1.6659722756594273e-05
11968,4.836155418306582e-05
11969,1.6051142103969982e-05
11970,0.0001347550079226483
11971,-1.9399965554475782e-05
11972,0.00010814030310139035
11973,-5.338054187595822e-05
11974,-1.7179905623197554e-05
11975,5.4453031253069545e-05
11976,7.929577771574236e-06
11977,-1.5744799096137124e-05
11978,3.280328968539839e-05
11979,0.00013883039709180575
11980,7.631008764728863e-05
11981,-2.265573386102912e-06
11982,-1.4631847478449316e-05
11983,-7.67408264800904e-05
11984,7.114558015018738e-06
11985,9.676325526088491e-05
11986,-7.71089874207969e-05
11987,-2.9656440950930246e-06
11988,3.529602531343697e-05
11989,3.260309994220712e-05
11990,0.00013611587509512806
11991,2.315982161089779e-05
11992,-3.638116456568225e-06
11993,-5.905694188550073e-05
11994,-5.979510508477636e-05
11995,-4.536600233986952e-05
11996,-1.764917243272063e-05
11997,0.0001414480763487517
11998,-3.2436766102909985e-05
11999,-9.970070794224665e-07
12000,-4.314101114869102e-05
12001,-1.7261001747101442e-05
12002,-2.8870022296905326e-05
12003,5.808538552373653e-05
12004,-1.37525864876806e-05
12005,5.453832289203974e-05
12006,2.412988562136885e-05
12007,7.729161716997568e-06
12008,4.276214670389872e-05
12009,7.6206611469387506e-06
12010,-7.472211774438616e-06
12011,3.266885718330748e-05
12012,9.934793552383784e-05
12013,-3.921378506347516e-05
12014,2.1523131337016617e-05
12015,8.58470965176825e-06
12016,3.841633144766091e-05
12017,-7.372184656560406e-06
12018,0.00015844337325543017
12019,-0.00013235484901815637
12020,9.327078042551845e-05
12021,6.293756673112481e-05
12022,-6.45515965297817e-06
12023,-7.5795846059918e-06
12024,3.0076664313673903e-05
12025,-2.1235811430960844e-05
12026,-3.1374298408627345e-05
12027,-1.4245644677430336e-05
12028,0.0001511632049456237
12029,-2.1911432035267307e-05
12030,2.7765220403671194e-05
12031,-3.7545886915177064e-05
12032,-4.0974682196974615e-06
12033,3.4349924512207315e-05
12034,3.429155889898534e-05
12035,-1.1229059472680023e-05
12036,-1.8341883737593812e-05
12037,0.00010627995394170281
12038,-2.412974461913112e-06
12039,1.4952837489545234e-05
12040,-2.9407471977174203e-05
12041,-1.7284080479294e-05
12042,4.0068269055336573e-05
12043,-7.088472805917226e-05
12044,-8.925157561898212e-05
12045,-1.3371957372873925e-05
12046,-7.345172623172364e-05
12047,9.306655284017257e-05
12048,-3.479568418115357e-05
12049,8.087201816961152e-05
12050,-4.6017338987439746e-05
12051,-2.4878131970763064e-05
12052,-6.598045891150799e-05
12053,-2.1347093209624248e-05
12054,8.650383399799471e-05
12055,-5.9845899976789626e-05
12056,5.892407866194852e-05
12057,-1.9619447737931918e-05
12058,2.544177444651729e-05
12059,-7.936778757721167e-05
12060,1.444302517920731e-05
12061,-1.8448260612785794e-05
12062,3.220227137207977e-05
12063,-3.453824147582041e-05
12064,4.21577487140893e-05
12065,-3.2132965791970415e-05
12066,-3.453056355938324e-05
12067,1.4551173523068408e-05
12068,3.450463544577344e-05
12069,0.00011894747456535657
12070,1.068869857117522e-05
12071,2.6215721387416015e-05
12072,0.0001717333273030807
12073,-3.825450874864991e-06
12074,-3.567841835319976e-06
12075,1.9111156743019772e-05
12076,-1.187606900930407e-05
12077,3.569204034283731e-05
12078,-1.9615965429693344e-05
12079,3.357918523251981e-05
12080,0.0001243821530602867
12081,0.00013916934728622335
12082,3.809387460350973e-05
12083,-1.0008613206446119e-05
12084,2.1438601613044674e-05
12085,2.5753956288099135e-05
12086,5.1495176739990665e-05
12087,-4.9931827187537874e-05
12088,-4.504241049289178e-07
12089,-1.6311748698353792e-05
12090,0.00011771718971431201
12091,3.8378360308706716e-05
12092,7.787198880687335e-05
12093,-3.3245547860860707e-05
12094,1.0164428595453481e-05
12095,-8.096712194383082e-05
12096,-6.998496931046231e-05
12097,3.3770063892006526e-06
12098,-4.669680334627611e-05
12099,-7.776226811110986e-05
12100,0.00010491696717217546
12101,0.00012010040683671695
12102,9.510339545085992e-05
12103,-4.931052224710577e-05
12104,-3.7450680322945035e-05
12105,5.521119330078347e-05
12106,1.9185737613588427e-05
12107,-1.6753179021179578e-05
12108,2.4402406625449652e-05
12109,4.600624553859225e-05
12110,0.00011491569094359835
12111,-1.6673706658184267e-05
12112,1.2008579261600974e-05
12113,-2.1606119349598814e-05
12114,1.6517701651900994e-05
12115,-4.24881987273692e-06
12116,5.824786890298119e-05
12117,-9.006364643573757e-06
12118,3.2722290605305854e-06
12119,6.099562905728733e-06
12120,3.547013392671943e-05
12121,-3.313317410647836e-05
12122,3.415709361434027e-07
12123,-3.799873730167729e-05
12124,-1.6870844922959813e-05
12125,0.000108472068700939
12126,0.00011825357172638174
12127,9.294913550838802e-05
12128,0.00010001179687678778
12129,9.689442813396417e-06
12130,-1.565070031210766e-05
12131,2.2970531322061948e-05
12132,5.559552107006278e-05
12133,9.314726386219206e-06
12134,-3.138102153316131e-05
12135,-2.392561137676232e-05
12136,-2.1636827848851523e-05
12137,-2.118125185370424e-06
12138,-1.7357397917658035e-05
12139,0.0001055728137493132
12140,-3.5459966026246776e-05
12141,3.921729018911692e-05
12142,2.6964605785906343e-05
12143,-1.0970928054302888e-05
12144,9.937054105102968e-05
12145,-2.1727724466472585e-05
12146,2.281789379194363e-05
12147,3.138499148190003e-05
12148,3.7247589975595454e-05
12149,-2.9468719940632558e-05
12150,0.00011174156684428364
12151,3.97683585062622e-05
12152,-0.000177183352038264
12153,-1.999214328825477e-05
12154,8.810743130743462e-05
12155,5.226574121043062e-05
12156,0.00014389015492051777
12157,0.00012280399696901396
12158,4.274445511400709e-05
12159,2.6637875847518327e-05
12160,3.61599795520304e-05
12161,-3.924943879246765e-06
12162,0.00011274106903001601
12163,-1.816700482740977e-05
12164,2.8246058523654852e-05
12165,-2.7891745790839097e-05
12166,-0.00021320107653736945
12167,-2.0732695609331062e-05
12168,-5.2251189108937865e-05
12169,-9.657313488423811e-06
12170,0.00013006097087636578
12171,2.8217863291605248e-08
12172,-2.1878685336559973e-05
12173,2.203841134905818e-06
12174,-3.6488231830298936e-05
12175,-3.1151346210390164e-05
12176,-3.182702064514142e-05
12177,-2.0582396350800925e-05
12178,-7.369610294699659e-06
12179,0.00010622557234019005
12180,-9.461299516260602e-06
12181,1.1066901590675061e-05
12182,-1.9096291158348284e-05
12183,-3.40534104034302e-05
12184,3.0460997298359875e-05
12185,4.344786964356877e-05
12186,-3.431717297062275e-05
12187,-7.235015258192985e-05
12188,0.00012706172540783873
12189,-2.3548868950456402e-05
12190,9.012875705957448e-06
12191,3.037956897169342e-05
12192,2.9050108976662276e-06
12193,7.582442834973323e-06
12194,-5.326686426997175e-06
12195,-1.2059210427105398e-05
12196,-0.0002235582087188953
12197,6.216153223067532e-06
12198,1.537287347018717e-05
12199,-2.3409476503729932e-06
12200,0.0001554999101907017
12201,4.067073147743902e-05
12202,-2.4435042683034996e-05
12203,-1.3466555718332463e-05
12204,3.508626762777575e-05
12205,-3.247220413759352e-05
12206,2.6985532883554672e-05
12207,0.000150394324306398
12208,-1.6889119707047925e-05
12209,-9.059410542249675e-06
12210,4.76120345294475e-05
12211,4.666144931688879e-05
12212,0.00013048959206789608
12213,0.00014270657002925913
12214,-4.774967003613696e-05
12215,-7.363349385559524e-06
12216,8.293501231819368e-05
12217,-2.1894733514636764e-05
12218,-8.524936065077767e-06
12219,0.0001178243154659865
12220,-0.00015221852008253278
12221,7.729863245040142e-05
12222,-2.0238174311816688e-05
12223,1.252995152026456e-06
12224,6.79400221444664e-05
12225,0.00010984318908303947
12226,0.00014266620669513917
12227,7.202759385109029e-07
12228,4.5362857263535194e-05
12229,3.173359110951419e-05
12230,3.343078084290018e-05
12231,0.0001692423704080271
12232,4.9971615709364434e-05
12233,4.909522868692876e-05
12234,-5.370921622961729e-05
12235,4.100221721455441e-05
12236,2.8209449723362876e-05
12237,-6.942544132471047e-06
12238,-1.1547697894275149e-05
12239,-2.1664747688919277e-05
12240,7.377702016383372e-05
12241,8.85421562008556e-05
12242,0.000128487036563456
12243,4.17071832343933e-05
12244,0.00010113866832107386
12245,3.009303258731961e-05
12246,-8.367682006210052e-05
12247,-0.00011982252765446804
12248,3.285180674865821e-05
12249,-4.440840985625978e-06
12250,-1.4510568231344427e-06
12251,3.235658425837728e-05
12252,2.9053049441426808e-05
12253,3.8849036209285116e-05
12254,-6.045282259583439e-06
12255,-1.956894649192692e-05
12256,0.00010129916267469492
12257,5.728316120803366e-06
12258,-1.381430327892287e-05
12259,3.5336574539542024e-06
12260,-7.902310136705617e-06
12261,4.086105618625871e-05
12262,-3.894545501098027e-05
12263,0.00013818812789395332
12264,-2.001236164942377e-05
12265,-8.707870543003098e-06
12266,-3.8045280892401724e-05
12267,8.312260732054562e-07
12268,1.8720107153057962e-05
12269,-6.904448866844167e-05
12270,0.000165147989057004
12271,-8.280768245458633e-06
12272,8.918743934482299e-05
12273,0.00010001913383603045
12274,-3.232996873557546e-05
12275,-2.9092599824070908e-05
12276,0.00012050668569281701
12277,-1.6088331304490548e-05
12278,2.4681903701275545e-05
12279,-1.665476709604104e-07
12280,-2.8614936396479132e-06
12281,5.451133120804997e-05
12282,-0.00011475710775703149
12283,-4.747339431196468e-05
12284,-4.1262037027627084e-05
12285,-4.5849548652768275e-06
12286,-3.9211099408566795e-05
12287,2.894061338156451e-05
12288,2.8136810287833353e-06
12289,-4.710473455488669e-05
12290,3.5936999414115976e-05
12291,-0.00014086532574146863
12292,-1.9677500892430497e-05
12293,2.861791327595696e-05
12294,-2.9035841859876907e-05
12295,0.00012461177948862269
12296,0.00015604442348703644
12297,7.170024905353749e-05
12298,-3.1649909634143116e-05
12299,0.00011065217871218863
12300,6.8502803333103275e-06
12301,-7.20265135169027e-06
12302,-2.428046427667143e-05
12303,9.809770435094704e-06
12304,-4.3597303610294955e-05
12305,6.469890754669877e-05
12306,-1.5374795533716633e-05
12307,-0.00014712174432352206
12308,2.426556311547755e-05
12309,3.201682073995475e-05
12310,5.527577949687835e-05
12311,-2.238992014899855e-05
12312,4.594899145886298e-05
12313,1.8893948011100245e-05
12314,1.0088803339749546e-05
12315,6.314602345228185e-05
12316,-4.3744179420173016e-06
12317,-6.188568416982848e-05
12318,9.803382297977767e-05
12319,2.2467141970992433e-07
12320,-3.142112251371148e-05
12321,1.3384671881794837e-05
12322,-2.5032206159084907e-05
12323,-8.668712340295307e-06
12324,3.157198978587958e-05
12325,-3.0225183814763872e-05
12326,6.194225512444952e-05
12327,2.5101904850452974e-05
12328,-1.548105441033838e-05
12329,8.558079972863155e-06
12330,-3.924801573157319e-06
12331,-6.58145608380436e-05
12332,-5.936129698529831e-05
12333,-6.638771519064863e-05
12334,0.00012014271160587655
12335,-7.179098296910519e-06
12336,-2.3589276149868876e-05
12337,4.761266242712738e-06
12338,-3.9385822694748605e-05
12339,4.5424246788024936e-05
12340,0.00016128303408622724
12341,1.0834350902587156e-05
12342,-3.627970442175875e-06
12343,0.00012146827392280007
12344,-5.7849796488880656e-05
12345,-3.539533521980031e-05
12346,-1.1038941796869048e-05
12347,0.00012251707687973914
12348,1.7852174211293372e-05
12349,-7.716658897697908e-06
12350,5.7625774759799106e-05
12351,7.292212881147828e-05
12352,3.237934596836558e-05
12353,4.876691037788987e-05
12354,-1.3259539194405011e-05
12355,9.710949044674574e-05
12356,-1.347805242985486e-05
12357,6.007227245718201e-05
12358,-2.7654896304011208e-05
12359,3.206322779878969e-05
12360,0.00011991116441786237
12361,-1.5026383008807812e-05
12362,-6.014200672507246e-06
12363,2.741749109700312e-05
12364,0.00014295017812401004
12365,0.0001318884255364532
12366,4.572324864566306e-05
12367,0.00013122512055560955
12368,3.7553284969180785e-05
12369,-4.082817863672987e-06
12370,0.00011650121714919763
12371,5.14210816472769e-05
12372,5.4186746198684005e-05
12373,0.00010608996190130678
12374,5.3979536145925466e-05
12375,-2.381186485290518e-05
12376,2.142818141728633e-05
12377,4.061282705515614e-06
12378,-6.139738122001292e-05
12379,-1.8163682054728186e-05
12380,-3.400768954306826e-05
12381,-1.3683484867214817e-06
12382,-2.0998626947402828e-05
12383,2.7628644555806983e-05
12384,3.8561437185853666e-05
12385,-2.062584459781649e-05
12386,-1.1813461035489964e-05
12387,-2.2606641147285586e-05
12388,0.0001754397273063649
12389,-5.202017901465295e-05
12390,-3.5621090326458224e-05
12391,2.7889074292033842e-05
12392,-2.312015332281591e-05
12393,-8.727448955178194e-05
12394,-2.5657618418336172e-06
12395,3.894968014210447e-05
12396,-1.9568144436925605e-05
12397,-4.625343065708858e-06
12398,-3.3339052833616605e-05
12399,-5.373099017888306e-05
12400,-2.5148359127342593e-06
12401,-6.0146285779773994e-05
12402,5.950602609664174e-06
12403,0.00013527367925271347
12404,0.00011791091738268707
12405,0.00018022941108793036
12406,2.3547305352985864e-05
12407,5.142162255942819e-05
12408,7.350755613297198e-05
12409,-2.2401969414204294e-05
12410,-1.8519039917737207e-05
12411,9.869409715756762e-05
12412,-2.3127765208482798e-05
12413,-0.00013785825353115742
12414,-1.2197862751781914e-05
12415,0.00013603758625686108
12416,-2.9789018444716884e-06
12417,3.653829544782623e-05
12418,-3.810325283557172e-05
12419,-2.5044432561844473e-05
12420,8.516843970865002e-05
12421,-8.253541495650925e-06
12422,9.235227741301027e-05
12423,-0.0001585984068922694
12424,0.000126316421851515
12425,0.00011500683166086689
12426,2.0863878540695027e-06
12427,-1.1926171369850611e-05
12428,1.6052680462598765e-05
12429,-0.00013109410181641508
12430,4.516501585021613e-05
12431,-1.7509936541318934e-05
12432,2.0347525924444193e-05
12433,5.236928258091225e-06
12434,-1.32416861131788e-05
12435,-3.282486274838416e-06
12436,-1.246836222708216e-05
12437,-2.0322984084486896e-05
12438,2.912167506292455e-05
12439,3.0301206652074877e-05
12440,0.0001036818061955267
12441,-4.9351515248417175e-06
12442,-2.180841360241169e-05
12443,-1.7477749101817515e-05
12444,4.343879558145999e-05
12445,-4.50202587991952e-05
12446,0.00010565429404377898
12447,0.00011935880482196788
12448,0.00010740918125957208
12449,4.7295309510081654e-05
12450,2.7203203924000157e-05
12451,-3.890793696045841e-05
12452,-5.042724739760138e-05
12453,-8.441290669143193e-05
12454,1.4848454575985632e-05
12455,8.614192716776973e-07
12456,1.1990747042000275e-05
12457,7.201609704643462e-05
12458,3.391302432864889e-05
12459,4.2582603171467633e-05
12460,-4.57636704668402e-06
12461,-5.333429388701897e-06
12462,0.0001094292974099511
12463,-5.401297658681826e-06
12464,-2.8271948639303217e-05
12465,-1.17787788622081e-05
12466,3.843949325382707e-05
12467,-1.7617538571357883e-06
12468,5.549900857731692e-05
12469,-2.111518075689667e-05
12470,0.00011943830791860808
12471,-1.2180380057543513e-05
12472,-0.00016556553384289093
12473,-2.5350324250757615e-05
12474,-7.487589120864878e-06
12475,-1.0622505377978033e-05
12476,-2.020209562033439e-06
12477,8.429498691111784e-05
12478,0.00014566814024001272
12479,9.756245445460048e-05
12480,-6.159402420744313e-05
12481,6.120081916451419e-05
12482,0.00016577292717993264
12483,2.8356636408716257e-05
12484,-7.983245346695141e-05
12485,-0.00024306945800781315
12486,-6.320037133991719e-06
12487,-0.0002449536900967345
12488,-5.09145315736525e-06
12489,0.00010794080644845917
12490,5.496577173471443e-06
12491,2.7658334001898335e-06
12492,-6.8248743191361015e-06
12493,-9.427146613597844e-06
12494,4.5451506040990086e-05
12495,-3.0457197781651974e-05
12496,-4.100691163912391e-05
12497,0.00010475472826510648
12498,0.000132446759101003
12499,-1.9580588676035343e-05
12500,3.797892518341526e-05
12501,9.616153882816395e-05
12502,-9.197187516838315e-06
12503,-4.167233286425466e-05
12504,-6.617895886301943e-06
12505,0.00011629008455201936
12506,5.307810567319413e-06
12507,2.842179685831103e-06
12508,-2.820828277617666e-06
12509,5.007905894890398e-05
12510,1.6652596089988837e-05
12511,-3.1302497442811646e-05
12512,3.176037780940525e-05
12513,0.0001399432457983493
12514,0.00011551159508526266
12515,1.0213027335703293e-05
12516,0.00015647411653771945
12517,0.00014980353359132962
12518,-4.7445325925946094e-05
12519,-6.898916168138327e-05
12520,4.273709133267405e-05
12521,-6.401102729141715e-05
12522,3.919646264985186e-05
12523,3.280591629445552e-05
12524,-2.7990682888776144e-05
12525,4.84166495501995e-05
12526,-1.896684058010577e-05
12527,-3.3241604734212124e-05
12528,1.6551971156150162e-05
12529,0.00014788758931681464
12530,0.00016417012270539966
12531,0.00015618502702563958
12532,3.9151664171367784e-05
12533,-2.8036497998982574e-05
12534,-3.345765536651025e-05
12535,9.393990021198964e-05
12536,-0.00017367665600031572
12537,3.0338619090616764e-05
12538,0.00014770857617258995
12539,-7.66179980710141e-06
12540,1.526953056454653e-05
12541,-3.129340289160607e-05
12542,-2.6045454107224936e-05
12543,1.836716746911399e-05
12544,5.4474624339491e-05
12545,5.2554400451481056e-05
12546,-1.6970391105860383e-05
12547,-1.1886914446949967e-05
12548,-1.4575351588427953e-05
12549,2.7153728529810294e-06
12550,-5.275992583483458e-06
12551,2.68047796562317e-06
12552,-1.616329504176973e-05
12553,-2.537020985037084e-05
12554,-2.8718257695436294e-05
12555,2.396394610404962e-05
12556,4.202262684702867e-05
12557,6.162538696080435e-05
12558,-2.211400531232354e-05
12559,-6.280567888170494e-05
12560,-3.500075824558718e-05
12561,-2.9050231911241907e-05
12562,-8.406154811382244e-06
12563,-9.203476831317233e-07
12564,2.4564320594072293e-05
12565,-4.248697198927392e-05
12566,-1.176559552550315e-05
12567,-3.198593808338028e-05
12568,-1.4642353169619894e-06
12569,-2.1920336503535438e-05
12570,-6.009327927604289e-05
12571,8.962060166522846e-05
12572,-5.361300520598895e-06
12573,0.00011915188618004273
12574,0.0001371000569313766
12575,-3.0482326820492673e-05
12576,0.0001375398914329692
12577,-7.464659400284284e-06
12578,-1.7821847461163993e-05
12579,2.0726241264492144e-05
12580,-8.882118938490733e-05
12581,0.0001420597246848039
12582,-3.83470845408736e-05
12583,7.200705399736705e-05
12584,4.817966744303693e-05
12585,7.956302352249547e-06
12586,-8.552813250571492e-06
12587,1.9730706512927954e-05
12588,-0.00015900391945615345
12589,2.684704605489964e-05
12590,3.4485433064401e-05
12591,-3.960885116830443e-05
12592,1.1728840135037846e-05
12593,8.549627847969609e-06
12594,2.505098842084397e-05
12595,-1.0489569325000015e-05
12596,-6.338310055434741e-06
12597,5.043119080364684e-05
12598,-8.019882161170195e-06
12599,1.0203527752310078e-05
12600,-1.0735899489372937e-05
12601,-5.865874877199524e-05
12602,-9.749784693121825e-06
12603,-1.609843401238324e-05
12604,4.2829168960450685e-06
12605,3.302314234897476e-05
12606,-8.573660347610635e-06
12607,1.1711921542887024e-07
12608,0.000126676375512033
12609,0.00015377345457673078
12610,5.3196167107671095e-05
12611,1.2327268719673213e-05
12612,8.42028521001336e-05
12613,3.737848429009301e-05
12614,-1.0162599384784673e-05
12615,-7.4274605140089906e-06
12616,-9.08564480021595e-05
12617,-0.00010462668295949683
12618,1.920834816992282e-05
12619,0.00014306435920298058
12620,0.0001313306545838712
12621,-3.5476536117494126e-05
12622,1.8219770118594058e-05
12623,-2.0569725893437848e-06
12624,-8.99879094213245e-06
12625,-3.523013787344103e-05
12626,6.991935335099737e-06
12627,6.413179822266064e-06
12628,-2.336225397884835e-05
12629,-1.741336882114405e-05
12630,-2.9956517927348574e-05
12631,3.896214356645924e-05
12632,5.511591620743255e-05
12633,4.836484538391208e-05
12634,1.7311967909335962e-06
12635,-7.065469510853298e-05
12636,1.079385261982679e-06
12637,0.0001458383351564397
12638,2.243238724768164e-05
12639,2.742378897964937e-05
12640,-2.981612188741544e-05
12641,-9.605466760694921e-06
12642,-2.6037029549479415e-05
12643,-2.004482671618458e-05
12644,4.946025209501386e-05
12645,-0.00011299702376127195
12646,-3.825212977826599e-05
12647,-4.30884134024381e-05
12648,1.3816802762448759e-05
12649,8.392302328720661e-05
12650,5.4273136053234204e-05
12651,2.2793498821556586e-06
12652,-1.398055469617242e-05
12653,1.0840224102139591e-06
12654,-5.697802733629909e-06
12655,-0.0001788176040165118
12656,3.178288927301753e-05
12657,-9.574549086391914e-06
12658,-2.2318186238410884e-07
12659,8.74024983495475e-06
12660,1.6258077230304267e-05
12661,-3.289531106129264e-05
12662,-2.303035017102956e-05
12663,-8.958956412970994e-06
12664,-9.900091588497166e-06
12665,4.802344646304836e-05
12666,-8.21589641273022e-06
12667,1.1366796307265735e-05
12668,2.929326985031359e-06
12669,0.00012107429280877102
12670,1.1327510327100709e-05
12671,0.0001046206706203523
12672,6.101700309664e-05
12673,0.00012877594623714658
12674,0.00012833651658147497
12675,2.9677691310643852e-05
12676,-3.026518952101452e-05
12677,-5.872784936800565e-05
12678,-4.693486448377359e-06
12679,2.539766188710922e-05
12680,5.339744109660368e-05
12681,-1.2204040121287022e-05
12682,-1.147408932447431e-05
12683,-4.137306865304705e-05
12684,-1.041470002382992e-05
12685,-6.614428590983163e-05
12686,-3.477854812517731e-05
12687,-8.29832423478362e-06
12688,-1.206123363226688e-06
12689,-0.00011780936382710924
12690,0.00011109083611518124
12691,-1.1507851816713748e-05
12692,3.719666060060239e-05
12693,0.00013296864144504011
12694,-0.00010118998186662714
12695,1.071530487388371e-05
12696,4.5967080537229747e-05
12697,3.7596425693482225e-05
12698,4.809211185201997e-05
12699,0.00014020078368484943
12700,9.6307356096804e-05
12701,-4.142137523740501e-06
12702,-9.451143443584452e-07
12703,-8.161936327814992e-06
12704,4.099978404119585e-05
12705,6.939994711428871e-05
12706,0.00010109464041888667
12707,-2.5667073205112994e-06
12708,-2.9117294028401242e-05
12709,4.044836573302743e-05
12710,0.00012907977700233407
12711,-2.4356480129063035e-05
12712,-0.00012132732439786141
12713,9.482930991798587e-05
12714,-2.5802208762615882e-05
12715,4.8922274727374215e-05
12716,5.635164678096573e-07
12717,-4.222285039722919e-05
12718,-5.613578520715224e-05
12719,-1.1379812657832977e-05
12720,-5.369935929775205e-06
12721,1.2392854318022727e-05
12722,6.682111090049127e-05
12723,-8.569635823369013e-06
12724,3.660113625228431e-05
12725,-4.4773620832711256e-05
12726,-3.31056742928921e-05
12727,3.496944997459637e-05
12728,5.571683859452581e-05
12729,0.00014375598439946718
12730,-5.007313918322319e-05
12731,-2.8311143536120517e-05
12732,2.4902772624045505e-05
12733,-1.2713570147752749e-05
12734,-3.4256505966186244e-05
12735,-0.0001794661477208132
12736,0.00017512311106547692
12737,3.409309312701041e-07
12738,1.2797540985047818e-05
12739,-3.165739402174935e-05
12740,4.647116549313042e-06
12741,9.663926474750013e-05
12742,-3.0916687101128305e-07
12743,4.2633895948529116e-05
12744,-1.9329948909580636e-05
12745,3.376277806237321e-05
12746,6.010394729673799e-06
12747,5.408483529463378e-05
12748,2.066128347069026e-05
12749,0.00014347162488847847
12750,-6.1028871405869405e-05
12751,9.422434633597724e-05
12752,-1.797280963510272e-05
12753,-0.00014578989753499574
12754,-4.957788400351981e-05
12755,5.467366464436026e-05
12756,6.815872993320212e-06
12757,9.575162641704077e-06
12758,-6.3466278836130816e-06
12759,-3.547914661467073e-05
12760,3.369587361812579e-05
12761,-0.000122699620574712
12762,-9.316600859164739e-07
12763,-2.2992010228335766e-06
12764,5.31504134647548e-05
12765,3.068034546449774e-05
12766,6.009691124781957e-05
12767,8.980281744152279e-06
12768,-1.5135741047561173e-05
12769,9.10637732595202e-06
12770,4.7333386167883785e-05
12771,-6.2124002724886035e-06
12772,-3.354223454371098e-05
12773,-5.679146526381362e-05
12774,-4.132135659456251e-05
12775,-2.4824272934347345e-05
12776,-5.4319404065608805e-06
12777,3.947417335584761e-05
12778,-0.00010760314073413572
12779,0.0001267322862520809
12780,6.113862358033633e-05
12781,-2.93812591582535e-05
12782,4.442719556391237e-05
12783,-1.7665704339742693e-05
12784,0.00010314965015277256
12785,9.202496772631934e-05
12786,7.657192600890975e-05
12787,-6.789985857903925e-05
12788,-3.812810583040109e-05
12789,-5.728057231754056e-05
12790,-2.182359108701339e-05
12791,8.545837104320508e-05
12792,-3.0083862040191938e-05
12793,4.224706450477221e-05
12794,3.5275064408779087e-06
12795,-8.80934903398154e-06
12796,-8.461534604430178e-06
12797,4.4438340980559445e-05
12798,0.00010487538250163172
12799,-3.266423074528578e-05
12800,0.00015467561455443485
12801,5.6498428061604385e-05
12802,3.328147064894421e-06
12803,3.9767322037368784e-05
12804,-3.430575365200628e-05
12805,3.955183038488019e-05
12806,0.00013471361463889445
12807,0.00015257776752114247
12808,-3.7274890579282916e-05
12809,-2.6446238160133302e-06
12810,0.00017235672017559348
12811,-4.064743826165771e-05
12812,3.861481938511125e-05
12813,3.659354001283642e-05
12814,0.00012122866883873883
12815,-1.8042768351733584e-05
12816,-1.983522251248345e-06
12817,-6.257837964221812e-05
12818,1.676919599995015e-05
12819,-0.0001554216099902986
12820,-9.012951981276215e-06
12821,-6.827315595000971e-06
12822,0.00015257416721433387
12823,1.5199668891727805e-05
12824,-7.30258183553812e-05
12825,3.1506400555367774e-07
12826,-4.484100081026539e-06
12827,-5.736142024397844e-06
12828,-2.4610182642936724e-05
12829,-6.377594266086799e-06
12830,6.317842686548804e-05
12831,0.00012632697764784046
12832,5.1448468770831735e-05
12833,-7.983861397951832e-06
12834,5.410373136401166e-05
12835,-3.60832128673791e-05
12836,-2.1190415509045037e-05
12837,-4.720875257626166e-05
12838,3.9944454655051125e-05
12839,9.866240750998263e-05
12840,0.00014973269216716277
12841,0.00012139425501227304
12842,-3.813108336180433e-05
12843,-1.9087220542132745e-05
12844,3.586634229868625e-05
12845,-3.2700979523360584e-05
12846,4.9655367061495577e-05
12847,3.1328759342431993e-05
12848,0.0001154707746580238
12849,-4.0449574589728545e-06
12850,-1.3560018502175704e-05
12851,2.8919084928929654e-05
12852,7.98623804003001e-05
12853,-1.331844925880438e-06
12854,-6.521191243082269e-05
12855,3.6889087595045426e-05
12856,0.00011113214250653949
12857,-4.9660996161401213e-05
12858,1.3640541024506064e-05
12859,-1.267589125782253e-05
12860,3.0802519991993924e-06
12861,-3.8166006840765286e-05
12862,-5.1635033171623735e-05
12863,0.00014047095123678337
12864,8.66507925093176e-06
12865,4.431266840547314e-05
12866,3.315996360033727e-05
12867,4.932880206033573e-05
12868,-9.574456699192522e-06
12869,3.4971397556364376e-05
12870,-5.1806419715285264e-05
12871,2.862361446022988e-06
12872,5.568302227184175e-05
12873,-1.4640062488615474e-05
12874,2.696277368813736e-05
12875,-2.1127746440470136e-05
12876,-1.7826528195291692e-05
12877,-0.00011827287310734327
12878,3.5437773354351315e-05
12879,4.862316995859132e-05
12880,-2.217859746888273e-05
12881,8.315199185162774e-05
12882,4.7947580087929996e-05
12883,-1.2830877490341544e-05
12884,-4.731466900557278e-06
12885,1.9093973282724402e-05
12886,7.071693269535883e-05
12887,-6.891787424683469e-06
12888,-5.4566758684813975e-06
12889,-4.790244437754137e-06
12890,-3.0074518546461995e-05
12891,0.00016364513495936968
12892,-3.986753793433305e-05
12893,4.1471498738974324e-05
12894,-2.849012129008749e-05
12895,6.973849609493956e-07
12896,-9.685047566890715e-05
12897,7.133719790726804e-06
12898,1.6403028275817555e-05
12899,-4.637559037655584e-06
12900,4.944453109055744e-06
12901,-1.1866395268589174e-05
12902,-6.9207752123474836e-06
12903,3.37107505649325e-05
12904,-0.0001236228293739257
12905,4.532950352877367e-05
12906,-2.134187035262576e-05
12907,4.315322954207652e-05
12908,4.372859597206095e-05
12909,0.00016723775174468718
12910,0.00011929636383429194
12911,0.00010976235289126627
12912,-2.1254401654005042e-05
12913,-6.075215032324159e-05
12914,-4.613449871540052e-05
12915,3.477471955120563e-05
12916,6.017521386966088e-05
12917,0.0001408405473455787
12918,2.967789825052001e-05
12919,-6.859569735825035e-05
12920,6.502089090645289e-06
12921,-0.0002335292338393619
12922,-1.3681659568101135e-05
12923,-5.754924565553629e-06
12924,9.893934316933133e-05
12925,1.2601079326123e-05
12926,-8.280837908387131e-07
12927,-1.5128309745341594e-05
12928,1.2939402833580895e-06
12929,3.721439279615859e-06
12930,3.23126723989842e-05
12931,5.425357725471222e-05
12932,2.372657135129015e-06
12933,-6.242179125547387e-06
12934,-2.573607899248601e-05
12935,6.273670876398669e-05
12936,3.978725895285593e-06
12937,0.0001265034256502984
12938,3.4630156308412454e-05
12939,-9.58439167588949e-06
12940,-2.2421113681048127e-05
12941,0.00010854613222181771
12942,-3.65018660202621e-05
12943,1.9848303496837545e-05
12944,-3.614570992067434e-05
12945,-0.00021644793068990062
12946,-7.148797623813135e-06
12947,-7.059816271066564e-07
12948,-5.309776812791822e-05
12949,-1.839471776038401e-05
12950,-1.768353162333353e-05
12951,-0.00018481583259999653
12952,-2.9774376191198893e-06
12953,-1.3534982968121734e-05
12954,4.998442521318768e-05
12955,0.00010594859216362226
12956,6.0509022325277214e-06
12957,3.7839874997734914e-05
12958,0.00012331079356372288
12959,4.0716283395886295e-05
12960,4.4026845134794395e-06
12961,5.781072517856943e-05
12962,-1.9360656943172097e-05
12963,7.86104280501602e-05
12964,5.76543601229785e-05
12965,4.797311387956148e-05
12966,-0.00014022789467126094
12967,-4.859851617366067e-05
12968,0.00012850530035793747
12969,4.629457369446738e-06
12970,3.9112860336899616e-05
12971,2.0645104534923896e-05
12972,0.00015990149416029458
12973,4.660922400653366e-05
12974,-8.952573966234838e-06
12975,2.9173169285058993e-05
12976,-1.0082949418574533e-05
12977,-0.00019165049083530824
12978,-3.4972922503948065e-05
12979,-4.591405484825215e-06
12980,0.00012909309584647403
12981,0.00011663175262510735
12982,-1.4056881517171853e-05
12983,2.2837765980511754e-05
12984,4.494551327079534e-05
12985,0.00012938406234607095
12986,2.4056528881192037e-05
12987,0.00012947695637121768
12988,-0.00018373548593372048
12989,0.00011729534324258553
12990,3.439200306311249e-05
12991,0.00013954776432365123
12992,-1.7398948036134112e-05
12993,4.777278434485177e-05
12994,-8.529524505138424e-06
12995,-1.1393520236015334e-05
12996,-1.0574307851493252e-05
12997,-6.267237719148399e-05
12998,-0.00022025313843041623
12999,-2.126330398023125e-05
13000,2.7500535640865353e-05
13001,-2.0508308894932337e-06
13002,-0.0001024646019563077
13003,1.9889235962182243e-05
13004,0.00011757966494187666
13005,-3.626030525192591e-05
13006,-4.5883986912667394e-05
13007,0.0001023768618702888
13008,8.686045650392728e-06
13009,4.7908356599509425e-05
13010,-5.913427472114539e-06
13011,-1.0849995259195545e-05
13012,4.2155519686639105e-05
13013,3.1948019750416336e-05
13014,-3.829063549637778e-05
13015,-8.782991673797333e-06
13016,-0.000157056168466806
13017,-2.9736138135194697e-05
13018,0.0001387576742097731
13019,0.00012862193593755292
13020,6.611778158694526e-05
13021,3.140860637649896e-05
13022,0.00010105654969811418
13023,-0.0001882307770662014
13024,4.7420325409620816e-05
13025,-7.732326351106122e-06
13026,-5.5689673870801496e-06
13027,-0.00013990839757025268
13028,4.579463526606553e-05
13029,-3.381732553243642e-05
13030,5.2391127869486315e-05
13031,-6.418786756694275e-06
13032,-7.577181048691227e-06
13033,-4.9311437271535085e-05
13034,-9.802747517824123e-07
13035,2.413416653871535e-05
13036,0.00010069925142452046
13037,3.2205586042255015e-05
13038,1.656300434842702e-05
13039,-1.84021227061748e-05
13040,-1.3430996984243436e-05
13041,-4.801872242242097e-05
13042,-4.3729096651081087e-07
13043,0.00013640576256439065
13044,-6.04025460779668e-06
13045,-0.00015161343328654714
13046,3.369991863146423e-05
13047,0.00015447588153183402
13048,-5.5028031766414425e-05
13049,1.1874562595039584e-05
13050,5.310662183910592e-05
13051,-5.308595709502697e-05
13052,-8.885082611814166e-05
13053,-8.872957434505188e-05
13054,-0.00010815334990620611
13055,-5.1497711800038865e-05
13056,0.00015303617082536108
13057,0.00010549155566841339
13058,2.228002641350019e-05
13059,1.1839995160698202e-06
13060,-1.2855659238994079e-05
13061,2.5482073426246794e-06
13062,-2.288611810654401e-05
13063,-1.7581237759441106e-05
13064,5.604364695027418e-05
13065,-9.32430541142817e-06
13066,-3.465323485434041e-05
13067,-6.862084101885556e-06
13068,-3.375213164836153e-05
13069,4.422818310558802e-06
13070,1.2631943076848956e-05
13071,0.0001243717551231378
13072,-1.5733687672764036e-05
13073,4.354039765894404e-05
13074,2.513452861458054e-05
13075,-0.00015913771754130624
13076,-6.574081331491443e-05
13077,-7.538503557443643e-05
13078,-0.00011527991471812096
13079,0.00013815141394734367
13080,0.00012626775493845285
13081,0.0001309103545732796
13082,-2.7663527242839285e-05
13083,0.00013803544454276564
13084,-1.2987093999982114e-06
13085,-1.7840140126645488e-05
13086,6.221216609701499e-05
13087,1.5792980790137967e-06
13088,-6.177672743797265e-06
13089,3.1382554583251445e-05
13090,0.00013365151472389636
13091,-4.214944411069136e-06
13092,-1.6028194222599232e-05
13093,0.0001565364041365681
13094,-2.3108446225523813e-05
13095,-6.461316132918006e-05
13096,7.874015625566177e-06
13097,-3.6415154673159164e-05
13098,-1.9901066645979745e-05
13099,0.00013516239412128924
13100,-1.2559767533093605e-05
13101,-4.865360185503935e-05
13102,-7.871509622782452e-05
13103,2.80576819553971e-05
13104,-0.00013243745686486338
13105,-1.4572277851402707e-05
13106,9.874278083443605e-05
13107,-7.299474040046316e-05
13108,-6.961074285209184e-06
13109,-1.1559097096324403e-06
13110,-7.7652247622609e-05
13111,0.00013086307570338206
13112,0.00013893375117331723
13113,-5.12625798583034e-06
13114,5.500325001776293e-07
13115,3.958000205457186e-05
13116,7.694632932543742e-06
13117,-4.585931170731758e-06
13118,-5.460833944380288e-06
13119,-1.3508858811110223e-05
13120,-4.3203449249267696e-05
13121,-2.812385819852338e-05
13122,-1.633168822154398e-05
13123,-5.607194844633329e-05
13124,6.156513364985576e-05
13125,-9.903523605316867e-06
13126,-7.089055236428943e-06
13127,-1.0629631299525513e-05
13128,5.537818260490893e-05
13129,0.00011645375713706023
13130,-6.668110843747844e-06
13131,-4.343305341899348e-06
13132,4.762012893334004e-05
13133,-2.5812792032956916e-05
13134,2.6432204060256465e-06
13135,-1.2679884769022434e-05
13136,4.7608475759625213e-05
13137,9.040208254009391e-06
13138,0.0001139346093870696
13139,1.795174470171323e-05
13140,-6.0680815204978014e-05
13141,7.508803652599425e-05
13142,-9.123872499912983e-06
13143,4.752804581075883e-05
13144,0.00011401887480169489
13145,0.00014517378099262657
13146,5.505867991596428e-05
13147,0.00012367786793038082
13148,3.3123997319489655e-05
13149,2.5576067902147616e-05
13150,-0.00010541393160819989
13151,-2.0474908035248485e-05
13152,-2.3567003477364843e-05
13153,0.00011112314974889082
13154,-5.757484901696442e-05
13155,-0.00013492759782820886
13156,-0.0002069359470158819
13157,-4.603683846071366e-05
13158,2.7869902178645067e-05
13159,-9.536141250282404e-06
13160,4.7003734298050265e-05
13161,3.857275471091308e-06
13162,-1.3310462329536615e-05
13163,0.00011286437064409209
13164,-7.333777435123871e-05
13165,5.109065305441601e-06
13166,-0.00015251476205885406
13167,-4.373179664835303e-05
13168,-1.0307470802217729e-05
13169,0.00017908271318301444
13170,5.6531979702413086e-05
13171,-2.5423869490623415e-05
13172,4.518144447356459e-05
13173,-7.373880036175214e-06
13174,-1.8833834677934585e-05
13175,2.2992166224866966e-05
13176,-1.0517730377614472e-05
13177,2.581078615039574e-05
13178,5.1326647866517096e-05
13179,3.0192949809133967e-05
13180,5.3617548383772174e-05
13181,2.78897201642393e-05
13182,-1.7796353157609653e-05
13183,4.752038978040195e-05
13184,-2.2761352919041977e-05
13185,-2.0576691068708708e-05
13186,8.3300979249179e-05
13187,0.00012455282397568195
13188,7.71978124976157e-06
13189,4.75817285478115e-05
13190,-1.0140342079102969e-05
13191,8.676830921322087e-05
13192,-3.8036219775680046e-07
13193,-3.104916177690004e-05
13194,0.00011169608496129444
13195,7.936003608629109e-05
13196,0.00014215083774179216
13197,7.253931146115018e-05
13198,-4.138506390154364e-05
13199,3.606097977608415e-05
13200,2.8018277697265226e-05
13201,-1.7763558961450997e-05
13202,-5.157354082912175e-05
13203,0.0001682708635926235
13204,1.149042490869757e-05
13205,-2.9710738919675286e-05
13206,9.324719812720985e-05
13207,1.7571194656193208e-05
13208,5.128286285325867e-05
13209,-2.1419876907020755e-05
13210,4.0941153466701485e-05
13211,3.5658994410186806e-05
13212,9.338494846597247e-05
13213,0.0001306161759421229
13214,-9.936828911304407e-06
13215,9.574465174227968e-05
13216,-6.763532105833256e-06
13217,3.18348962813614e-05
13218,-5.06465357728302e-05
13219,4.059919584542495e-05
13220,-1.407768372446299e-05
13221,5.8733622916042825e-05
13222,6.1691256240010145e-06
13223,-3.443285282701216e-05
13224,-2.5207605678588038e-05
13225,-3.303075795993192e-05
13226,4.7486973553895865e-05
13227,3.626705110073087e-05
13228,-2.020675316452958e-06
13229,-2.5256201531737943e-05
13230,-7.991275805979929e-05
13231,-9.82986548915502e-06
13232,8.292056135833254e-05
13233,-1.883580507710571e-05
13234,-0.00011941850865259713
13235,-3.3425206691026544e-05
13236,4.582482017576682e-05
13237,6.824839599430515e-05
13238,-3.520336598157842e-05
13239,-5.95699949190017e-06
13240,5.0341584719717345e-05
13241,2.7162557467818194e-06
13242,-4.9891288857907e-05
13243,0.0001234482983127235
13244,-0.0001278100966475901
13245,-8.502884395420546e-06
13246,1.5635041519999456e-05
13247,-6.850849688053136e-05
13248,6.068486776202883e-05
13249,-2.2519057989120463e-05
13250,0.00014565106853842646
13251,2.472343854606091e-06
13252,1.0205090418457967e-05
13253,-6.324551999568761e-07
13254,-1.27079183235764e-05
13255,0.00011874010106548601
13256,-1.1710276827216235e-06
13257,1.3179406523705577e-07
13258,-3.0066981259733326e-05
13259,3.2832336984574644e-05
13260,0.00013400074131786785
13261,-4.7304731421172563e-05
13262,-3.653875151649083e-05
13263,9.950938979163667e-05
13264,5.292930118739577e-05
13265,-1.0456951428204714e-05
13266,-1.4309099502861501e-05
13267,1.7257274873554556e-05
13268,-5.302370414137802e-05
13269,1.6220017056912195e-05
13270,4.146034698933339e-05
13271,9.165782751515505e-05
13272,-2.1643832139670737e-05
13273,5.448675248771914e-06
13274,-2.2481834702193656e-05
13275,4.767676116898666e-05
13276,2.253642436116933e-05
13277,-2.6958098076283885e-05
13278,1.8596439901739407e-05
13279,3.953948840498925e-05
13280,5.480669625103462e-05
13281,5.7775802072137455e-05
13282,6.623245179653139e-05
13283,-9.423857554793597e-07
13284,5.0913575105369015e-06
13285,0.00014686547312885525
13286,5.4832758940756146e-05
13287,-7.121921237558092e-06
13288,-7.304121553897849e-06
13289,-1.9376885704696114e-05
13290,3.165952237322912e-05
13291,7.943772487342302e-05
13292,4.079687763005502e-05
13293,-1.2623010482639036e-05
13294,0.0001296887990087266
13295,2.587434733286492e-05
13296,-6.778756603598616e-05
13297,-6.151533285155872e-05
13298,-1.3359428662806704e-05
13299,-7.932419236749408e-06
13300,2.773836469277736e-05
13301,2.6648457162082302e-05
13302,3.3215534314512976e-05
13303,4.208282567560715e-06
13304,-8.878535432741001e-05
13305,-1.0793577320873702e-05
13306,0.00010463630137965048
13307,-6.345815146341902e-05
13308,-6.15627355873582e-06
13309,-5.649037659168233e-06
13310,-1.552177267149084e-05
13311,-1.4195502921938883e-05
13312,-1.2469572015106782e-06
13313,0.00013136828672140785
13314,7.289983723312585e-05
13315,2.1479251608252457e-05
13316,-6.507495045661909e-06
13317,-9.504464454948923e-06
13318,0.00011394878868013666
13319,4.648646805435386e-05
13320,-2.660294258967006e-05
13321,-1.555909290909765e-05
13322,5.251366645097206e-07
13323,4.4255810044705774e-05
13324,1.85417684726416e-05
13325,1.2905891984701217e-05
13326,-1.6274938452988903e-05
13327,0.00015427558235824116
13328,-2.229409310966723e-05
13329,5.261766230687504e-05
13330,0.00014240983594208855
13331,7.837753742933228e-06
13332,-6.423023249953965e-06
13333,-1.9730656035244428e-05
13334,0.0001400374880991879
13335,-1.0950140655040702e-05
13336,-4.652107050642345e-05
13337,1.5081937704235246e-05
13338,-4.7718799673020604e-05
13339,5.520533006638277e-05
13340,-1.9929611310362724e-05
13341,2.7122286707162506e-05
13342,-9.426667485386162e-05
13343,-3.2304570171981915e-05
13344,6.054815119132372e-05
13345,0.00011747841611504558
13346,6.114363064989417e-05
13347,3.4955497831106234e-05
13348,-4.8606589622795435e-05
13349,-7.933628372848006e-06
13350,-0.0001557740833610299
13351,-3.25976115651429e-05
13352,-1.3184883724898123e-05
13353,-7.343112491070978e-06
13354,3.3025673497468214e-05
13355,-0.00019804942598566333
13356,-3.854747004806993e-05
13357,8.863808773457945e-05
13358,-4.350568614900106e-05
13359,3.660848448052995e-05
13360,1.891704183071844e-06
13361,0.00010647771339863501
13362,3.8827229291201644e-07
13363,4.280371125787467e-05
13364,9.896271247416704e-05
13365,1.4721939340233759e-06
13366,-1.4457724709063706e-05
13367,-4.327511433511948e-05
13368,-7.70766707137221e-06
13369,1.4111010357737413e-05
13370,-1.6170818358659737e-05
13371,0.00012944393791258313
13372,-3.35259737446905e-05
13373,4.812821336090559e-05
13374,5.1814349927007654e-05
13375,-1.6383252572268214e-05
13376,0.00011702609648928005
13377,1.8905645981430934e-05
13378,5.985680650919656e-05
13379,-2.719397656619544e-06
13380,-3.405936118215313e-05
13381,-2.4804912786930677e-05
13382,-4.6672448609024145e-05
13383,-2.0005854405462415e-05
13384,-6.077412888407711e-06
13385,9.93071181699632e-05
13386,0.00012208710703998752
13387,4.936320604756462e-05
13388,-4.0009381249546604e-05
13389,0.00014653707444667788
13390,4.585919454693768e-05
13391,-2.161206090822809e-05
13392,-1.2523734476417306e-05
13393,-4.5720536354928905e-05
13394,0.0001355693846940987
13395,-7.326044887304269e-05
13396,-8.847667928785032e-06
13397,4.105422524735309e-05
13398,3.574596531689141e-05
13399,0.0001015105325728652
13400,-4.6568808238953045e-05
13401,0.0001564241390675303
13402,2.424413478001952e-05
13403,8.899115016683908e-05
13404,3.1135161686688546e-05
13405,5.5179544445127174e-05
13406,-1.63376294076445e-06
13407,9.88523798063394e-05
13408,3.8201879709959096e-05
13409,0.00015161910690367233
13410,4.630157910287362e-05
13411,-0.00013903031228110137
13412,-9.88207571208475e-06
13413,1.1389646213501735e-05
13414,-3.5554123111068966e-05
13415,5.341933835297816e-05
13416,0.00011869050394743584
13417,-5.9715356305241435e-05
13418,3.0008508078753716e-05
13419,4.2867982760071586e-05
13420,-2.349875979125497e-05
13421,0.000143941567931324
13422,-4.254671139642602e-05
13423,7.984441444277703e-05
13424,6.32236533798275e-05
13425,0.0001096152157522737
13426,8.704357873648384e-06
13427,-1.07081951573491e-05
13428,-0.00022973165186122093
13429,5.706957280635833e-05
13430,0.00013548940792679746
13431,-1.5950538218021504e-06
13432,-2.6467902585863975e-05
13433,-1.2503570225089785e-05
13434,8.084983937442288e-06
13435,3.8713321089744406e-05
13436,-9.472308494150581e-06
13437,0.00014120813123881765
13438,8.14065830782056e-05
13439,-2.9203116893768464e-06
13440,5.7047011330723734e-06
13441,-5.582141689955992e-07
13442,5.624481551349094e-05
13443,1.8121482897549802e-05
13444,2.107688980177034e-05
13445,-2.4583417829126084e-05
13446,-1.1281142476946071e-05
13447,9.022472817450722e-05
13448,-1.5387340448796674e-05
13449,5.0542912632226686e-05
13450,-4.968032427132102e-06
13451,4.180620359256858e-05
13452,-1.96320640854537e-05
13453,3.266358226537694e-05
13454,6.590887811034889e-06
13455,0.00010000317078083739
13456,-4.154780507087633e-06
13457,0.00010502867382019717
13458,0.00012570079257711667
13459,0.00010926957409828855
13460,-6.4122646115720344e-06
13461,5.677710594609373e-05
13462,0.00012271569622680523
13463,0.00013390026139095413
13464,9.845249652862499e-05
13465,0.00013013479467481292
13466,6.18447735905645e-06
13467,-6.270151762291768e-05
13468,-1.8105943221598754e-05
13469,-3.1516557186841975e-05
13470,0.000136012676917016
13471,4.614989170804603e-05
13472,5.9482584241777425e-05
13473,-2.7279649209230968e-05
13474,-8.238851465284833e-06
13475,-3.2865869998932004e-05
13476,1.888300301507111e-05
13477,3.7702985107898807e-06
13478,-7.514409348368632e-06
13479,0.00013116466645151327
13480,7.430642666295136e-05
13481,3.5139313712716005e-05
13482,2.7189679350703828e-05
13483,-1.8288702238350987e-05
13484,-0.0001333909028209746
13485,3.8532536756246976e-05
13486,-3.236596267670378e-05
13487,3.7579027935862384e-05
13488,9.176238626241708e-06
13489,-0.0001708294867537906
13490,0.00013091149032115924
13491,1.6333586536347823e-06
13492,-9.356133639812475e-06
13493,0.0001031868631020182
13494,-2.5369327701628085e-05
13495,-7.718384508043504e-05
13496,-2.0118950493633727e-05
13497,4.204719923436623e-05
13498,6.974473595619182e-05
13499,4.290817677974693e-06
13500,4.939356818795073e-07
13501,-1.054203957319258e-05
13502,3.462570961564758e-05
13503,6.663282178342348e-05
13504,4.256841307505961e-05
13505,8.926352486014329e-06
13506,-1.3510243967175446e-05
13507,-2.0296638458967014e-05
13508,-0.0001585764033719885
13509,-1.914939843118178e-06
13510,-3.587905960157503e-05
13511,9.786466211080506e-05
13512,-4.894973868504149e-05
13513,-4.15308229625222e-05
13514,1.4076870679855293e-05
13515,0.00011886807251721554
13516,4.5238371193408804e-05
13517,4.4800811354070766e-05
13518,5.131690194830261e-05
13519,3.593642441555842e-05
13520,3.543083071708664e-05
13521,3.6173360794782214e-05
13522,-3.642851682379836e-05
13523,5.7326868548989274e-05
13524,9.978775084018646e-05
13525,2.396765174344176e-05
13526,6.1021017841994814e-06
13527,1.3777893036598577e-07
13528,0.00010565126286819579
13529,4.917222093790736e-05
13530,0.00015610421244054986
13531,8.351784087717518e-05
13532,9.692129800096133e-05
13533,6.49432816542681e-05
13534,-6.8161120638251135e-06
13535,-3.6972591280936984e-05
13536,-6.870813574641912e-05
13537,7.937223948538271e-05
13538,-6.562076378613652e-05
13539,4.043074063956723e-05
13540,0.00014125865921378077
13541,6.583063695579728e-05
13542,-2.588241063058373e-05
13543,5.014208015054441e-05
13544,-3.0221457220613852e-05
13545,9.271687548607564e-05
13546,1.3164872396737198e-05
13547,0.00012378842541947957
13548,-4.970913771539887e-05
13549,9.86709099262947e-05
13550,-1.3522010669112234e-05
13551,-1.1882563121616771e-05
13552,4.518223367631417e-05
13553,5.120564103126514e-05
13554,1.9080152176320448e-05
13555,6.228898791596286e-05
13556,-1.7932630144059799e-06
13557,6.860505342483493e-05
13558,-0.0003193160744383914
13559,0.00011997580034658267
13560,2.102635055780406e-06
13561,-5.9318437241017756e-06
13562,-2.3531256616115454e-05
13563,2.0314702298492096e-05
13564,-1.1164555605500889e-05
13565,7.049689041450566e-05
13566,4.395841471850857e-05
13567,-2.913309000432493e-05
13568,-4.956415928900246e-05
13569,3.179552573710661e-05
13570,6.148996371775875e-05
13571,3.444524565711607e-05
13572,-3.0966713372617944e-05
13573,2.5676460005342544e-06
13574,-7.8508490696546e-07
13575,-5.831278013065441e-05
13576,-1.6020645480602944e-05
13577,-3.3874755539000044e-05
13578,3.146169092506167e-05
13579,1.7806079331785443e-05
13580,2.5950539205223234e-05
13581,4.261654103174776e-05
13582,2.3525463603436886e-05
13583,5.696677472442378e-05
13584,0.000128740384615957
13585,0.00014103046450763935
13586,0.00011638895459473126
13587,3.434694232419127e-05
13588,1.1047562025487303e-05
13589,-1.1517397686839096e-05
13590,-8.492987044155571e-06
13591,2.017701892182221e-05
13592,3.493843534961344e-05
13593,-2.5254610925912895e-05
13594,2.078602872788904e-05
13595,5.2054658532142716e-05
13596,-6.607523187994136e-07
13597,9.016889063641395e-05
13598,0.00012689415449276524
13599,-2.361275963485235e-05
13600,1.5759530104696683e-05
13601,1.1959076952189126e-05
13602,-1.907324902713292e-05
13603,-6.524677015840987e-06
13604,9.936854615807514e-06
13605,3.231027517467722e-05
13606,4.7974124178290316e-05
13607,0.00011431753598153575
13608,-2.010282324627028e-05
13609,-3.33848126232623e-05
13610,-4.2618415132164705e-05
13611,-1.0779057443141931e-05
13612,-2.989328019320933e-05
13613,-1.614525839686386e-05
13614,-2.2305058594793e-05
13615,-2.4975989200174762e-05
13616,-1.7839850857853798e-05
13617,2.4781995080411325e-05
13618,9.42048047669231e-05
13619,6.662960909306959e-05
13620,0.00010781128928065252
13621,-1.3690196909010367e-05
13622,-2.6046970300376197e-05
13623,-2.1646418981254072e-05
13624,7.005288247019021e-05
13625,3.059721607714888e-05
13626,5.1301834825426225e-05
13627,-3.392678331583733e-05
13628,-3.3386140502988925e-05
13629,0.00010589867997914506
13630,0.00013188309585675524
13631,-3.382633533328759e-05
14834,-1.623530024662609e-05
14835,2.891696356236916e-05
14836,-7.800313830375669e-05
14837,-8.899636967107623e-05
14838,1.5292094554752054e-05
14839,0.00013194071277976044
14840,2.1548509225249256e-05
14841,5.379640217870476e-05
14842,9.310342418029921e-05
14843,8.429751079529542e-06
14844,5.1395387481897945e-05
14845,0.0001455410084687168
14846,-9.88925756886595e-05
14847,6.340142134577015e-05
14848,9.454278647899633e-05
14849,4.4488893635570705e-05
14850,-0.0001636991621926415
14851,3.640047376975407e-05
14852,1.8339396361261512e-05
14853,1.3595678564161098e-05
14854,4.5627132989466026e-05
14855,0.0001300805451348426
14856,-6.887362869456393e-05
14857,0.00015144317699596264
14858,3.957585850730526e-05
14859,-3.418930470943433e-05
14860,5.4118071682751016e-05
14861,3.5684144124388604e-05
14862,7.208665329962955e-05
14863,2.373019903898237e-05
14864,8.511956827715035e-05
14865,6.87945763580497e-05
14866,-1.3460209593176795e-05
14867,7.765450514852649e-07
14868,3.866490582004186e-05
14869,-6.370678981766121e-05
14870,-1.185913570225208e-06
14871,-0.00012759129442274533
14872,0.00011092439834028445
14873,-7.831535302102554e-06
14874,-3.8708303309976937e-05
14875,4.100160337984552e-05
14876,5.310189398005588e-05
14877,-4.352113269269418e-05
14878,-3.709161123260852e-05
14879,6.737658148631423e-05
14880,5.818598028272374e-05
14881,9.729798231273875e-05
14882,-3.965318957343691e-05
14883,7.237403038889143e-05
14884,2.9483765363693215e-05
14885,0.00013923188028857106
14886,-0.00011861682431772311
14887,6.067090481519646e-06
14888,-5.893216654658294e-06
14889,1.3782826997339609e-05
14890,2.8880349174141764e-05
14891,-5.2081741113215554e-05
14892,-0.00017878869716077956
14893,3.086906308308244e-05
14894,0.00010604379847645737
14895,9.87348474562164e-05
14896,-6.009489111602295e-05
14897,9.162319321185344e-05
14898,0.00010598361296579221
14899,-9.621507674455604e-06
14900,-0.00013238416342064793
14901,-1.815395830199111e-05
14902,8.75061142258338e-05
14903,2.8367197606712522e-05
14904,7.876637363806321e-05
14905,-1.4728186093270717e-05
14906,3.275756044313309e-05
14907,4.611706109717475e-05
14908,-4.495697896927583e-05
14909,4.8180961236357576e-05
14910,3.138261847197981e-06
14911,-2.9031086899340023e-05
14912,2.3731239698827183e-05
14913,1.3018993288278507e-05
14914,4.600579086691125e-05
14915,4.780502226203668e-05
14916,2.1618663892149997e-05
14917,-0.0001495574393309644
14918,5.867135943844882e-05
14919,-4.422564730048171e-05
14920,1.8606619723141132e-05
14921,4.058195464313025e-05
14922,2.7079879213124417e-05
14923,3.1321954727172707e-05
14924,4.206356089562171e-05
14925,4.820348322391513e-05
14926,5.9718109294771895e-05
14927,-2.6295936387032215e-05
14928,-0.0002669366434216492
14929,-4.516096413135512e-06
14930,0.00011407904420047962
14931,-3.560762479901302e-06
14932,7.157251983880991e-06
14933,0.00010065744034945919
14934,0.00013286089487373696
14935,3.96920869126915e-05
14936,2.6478441897779585e-05
14937,-0.0002368308353237806
14938,0.00011499881166964703
14939,-3.3133574668318075e-05
14940,2.568368837237346e-05
14941,7.236350346356615e-05
14942,4.34751153923571e-05
14943,7.063625231385203e-05
14944,9.920085500925811e-05
14945,-9.889312554150792e-06
14946,3.324638782069077e-05
14947,-0.00016581960376352043
14948,-6.152648292481845e-05
14949,-1.4654642902314553e-05
14950,3.92734833061696e-05
14951,-0.0001622218417003745
14952,-2.377086104825136e-05
14953,4.837730415165415e-05
14954,-1.1154414899647227e-05
14955,4.472130071371793e-05
14956,0.00013743202844634591
14957,-3.879403676837672e-05
14958,1.736212242394674e-05
14959,4.034983851015553e-05
14960,1.3544504530727827e-05
14961,2.3847094923257707e-05
14962,-0.0002372481835074719
14963,-4.141271766275147e-05
14964,7.851874493062409e-05
14965,9.21424394473431e-06
14966,3.5295666288584466e-05
14967,-2.562427129596455e-05
14968,2.1433656942099278e-05
14969,-4.356748238205891e-06
14970,2.6922038570046344e-05
14971,9.87122468650341e-06
14972,0.00014066832354292218
14973,-5.0267412140965255e-05
14974,3.481310633942462e-05
14975,4.2829007469117575e-05
14976,5.3921050485223506e-05
14977,4.417728604748826e-05
14978,0.0001401566944085051
14979,-2.9537482187148075e-07
14980,2.6616552099585542e-05
14981,-7.91267137043174e-05
14982,0.00014503221688792113
14983,-2.245629047974932e-05
14984,2.7263935003429542e-05
14985,-0.00024898711498826673
14986,2.3006158880889313e-05
14987,-5.991898588836193e-05
14988,1.527776941657082e-07
14989,-0.00012102924957871425
14990,0.00013522010082379001
14991,3.64549963735042e-05
14992,1.0027492139488373e-05
14993,-1.1987197585403873e-05
14994,3.5061423666774896e-05
14995,0.000130143538024275
14996,-4.2721653729676816e-05
14997,-8.642899245023611e-06
14998,6.452051997184733e-05
14999,0.00011811588881537264
15000,0.0001337826184928419
15001,-0.00016924614235758672
15002,5.870593693107352e-05
15003,2.8394784312695264e-05
15004,0.00016955282445996913
15005,3.0230766627937507e-05
15006,-0.00017634555622935232
15007,-8.947385987266895e-05
15008,6.0647224821150016e-05
15009,0.00012519639199599548
15010,-9.978664945811051e-06
15011,5.591510850936153e-05
15012,1.5238286554813438e-05
15013,3.716008933261032e-05
15014,-1.821629079058751e-05
15015,3.663726933300485e-05
15016,-2.6007794681936457e-05
15017,-4.6058358903974166e-05
15018,-1.1707806959748558e-06
15019,4.461213145405036e-05
15020,-7.155745010822979e-06
15021,4.3750485591590294e-05
15022,3.763271030038595e-05
15023,3.236848860979086e-05
15024,-0.00010810828739777192
15025,-1.95378776639699e-05
15026,2.3659001383930326e-05
15027,5.315841548144847e-05
15028,-2.3690474592149277e-05
15029,0.00010957656968384919
15030,0.00010982587682083224
15031,0.0001459915086626994
15032,6.976340468972906e-05
15033,0.00010874946033582051
15034,0.00012827842980623195
15035,-2.988464934751388e-05
15036,6.896549165248831e-05
15037,-1.0236189700663064e-05
15038,2.7729364763945206e-05
15039,-3.16306919790804e-05
15040,0.00010273303240537607
15041,1.447706576436751e-06
15042,0.000134090787451714
15043,1.905509335920197e-05
15044,3.299182411283262e-05
15045,3.223658837378004e-05
15046,0.00014301901757717128
15047,4.670393746346203e-05
15048,-1.699533462524415e-05
15049,5.253759576007699e-05
15050,3.557188604027017e-05
15051,4.708386678248634e-05
15052,4.8218201100826135e-05
15053,3.582213111221784e-05
15054,1.5274818986654238e-06
15055,4.060636758804318e-05
15056,-3.1220382079482107e-06
15057,-6.031693145632688e-06
15058,9.325247509404963e-05
15059,7.36251462250947e-05
15060,-8.476796559989314e-07
15061,-7.213125992566335e-05
15062,7.105661155656e-05
15063,0.00013907528445124666
15064,-5.02890483476219e-05
15065,3.6855968367308255e-05
15066,0.00011105360323563195
15067,-6.598403770476571e-06
15068,0.00015151418223977004
15069,0.00013201180165633552
15070,4.933052565902454e-05
15071,2.9409981239586914e-05
15072,-0.00013219006191939013
15073,0.00010131441513076415
15074,5.489303814247244e-05
15075,-3.681496372446416e-05
15076,-0.00015784949921071451
15077,1.4767593238502662e-05
15078,-1.5072943456471002e-05
15079,8.618903532624212e-06
15080,6.422785576432918e-05
15081,9.393542334437332e-05
15082,-0.00014340055966749772
15083,4.0684740990400094e-05
15084,-9.0059092175215e-05
15085,0.000159697433840483
15086,4.772197268903269e-06
15087,5.706169493496413e-05
15088,3.632445409893968e-05
15089,0.00016616388149559512
15090,-1.3466720841824998e-05
15091,0.00012381223300471833
15092,2.4732944555580483e-05
15093,4.2473918758332513e-05
15094,-9.045198112726166e-05
15095,-3.9458506368100513e-05
15096,-6.755553679540724e-05
15097,0.00013659858582541298
15098,1.4545065909624093e-05
15099,0.00011595178218558417
15100,-0.00022738667707890178
15101,9.740110002458091e-05
15102,4.358733482658838e-05
15103,0.00013113434519618718
15104,3.918874319642755e-05
15105,8.503708988428049e-05
15106,4.22207640483974e-05
15107,5.474237194284799e-05
15108,3.044517058879132e-05
15109,-4.936625761911277e-05
15110,-4.208049587905415e-05
15111,2.7032740414142522e-06
15112,-1.0609738528728508e-06
15113,-6.790735181420999e-05
15114,-1.8361092917621018e-05
15115,8.667202675715067e-05
15116,5.051959473639707e-05
15117,-1.9327906705438974e-05
15118,-9.090247154235768e-05
15119,-1.3570284843444798e-05
15120,-2.766312779858694e-05
15121,-1.6703949868679032e-05
15122,2.8935819398611703e-05
15123,1.9065862149000152e-05
15124,3.43248965218662e-05
15125,0.00012654430055990764
15126,-3.554073227569414e-05
15127,0.00015727753620594663
15128,1.2849769089370916e-05
15129,-4.7884828783571364e-05
15130,3.5069336928427316e-05
15131,0.00011130046658217861
15132,2.307395078241811e-05
15133,-5.5207501351833226e-05
15134,-2.2637773305177395e-06
15135,1.686796490103002e-05
15136,9.17021222412594e-06
15137,-4.734351765364394e-05
15138,0.0001063031602650876
15139,0.00012493157172575574
15140,-2.6302631851285614e-05
15141,-6.44963478669518e-05
15142,-4.605732047930343e-05
15143,-4.014986846596015e-06
15144,2.5234042014926537e-05
15145,4.0657782182097535e-05
15146,3.1631449144333456e-05
15147,2.0820647664368104e-05
15148,-6.159730255602255e-08
15149,-4.629826229065659e-05
15150,3.415318522602311e-05
15151,0.00014576637018471855
15152,-2.3543032631277822e-05
15153,-3.3888642117381095e-05
15154,-4.2451829649507796e-05
15155,9.398827916011205e-05
15156,3.74212225899098e-05
15157,8.045779783278682e-05
15158,0.00011723494268953793
15159,6.00119927898049e-05
15160,0.00013291036989539863
15161,6.84463754296299e-05
15162,-7.890961747616526e-05
15163,5.1996484305709626e-05
15164,2.4281941354274665e-05
15165,3.696509655565015e-05
15166,0.00013127502435818223
15167,2.831421829760066e-05
15168,0.00013449046220630336
15169,0.00014746508058160438
15170,3.659980511292813e-05
15171,-4.7254426218569056e-05
15172,-6.454069409519427e-05
15173,9.918454354628927e-05
15174,3.505535032600162e-05
15175,-3.375453948974613e-05
15176,0.00014767634579911768
15177,-0.00010310608651488987
15178,2.0312813110649552e-05
15179,8.177978601306676e-05
15180,0.0001583108464255931
15181,0.00012931576799601237
15182,0.00010968297682702472
15183,8.950640447437555e-07
15184,7.81873391941187e-05
15185,-3.1668355688452323e-06
15186,0.00013313175924122315
15187,5.467598345130633e-05
15188,-3.625265173614011e-05
15189,0.00012087819296866689
15190,0.00012414036458358168
15191,3.04575817659497e-05
15192,-0.00021245213318616104
15193,-3.261635825037953e-05
15194,-6.230356208980029e-05
15195,-1.2844270840287195e-05
15196,1.5349168423563224e-05
15197,6.122925151139516e-05
15198,5.854912651702733e-05
15199,-0.00021043927269056504
15200,0.00010890221139416061
15201,1.544457115232921e-06
15202,-1.920335926115523e-06
15203,0.0001297768060117956
15204,-2.945421729236813e-06
15205,8.725308440625697e-05
15206,-2.403915114700838e-06
15207,-2.486728224903331e-05
15208,-0.00012809322755783815
15209,5.6247220560908186e-05
15210,4.6316313371062255e-05
15211,-5.747360326349717e-05
15212,-4.989042505621859e-06
15213,5.037152618169758e-05
15214,-6.914236452430462e-05
15215,9.088481264188841e-05
15216,1.705097481608382e-05
15217,2.582080103456974e-06
15218,-8.575421012938052e-06
15219,3.6040171794593295e-05
15220,2.8667628113180254e-05
15221,-5.619727633893464e-06
15222,0.00010258065443485955
15223,2.2479877993464447e-05
15224,8.2544356305152e-05
15225,0.00011671655075624589
15226,0.00013077063448727053
15227,2.949249437078824e-05
15228,0.00011955233551561843
15229,-1.7120979819446744e-05
15230,0.00011372732613235622
15231,0.00012280653240159123
15232,-0.0001595463006757194
15233,8.913748497143393e-05
15234,0.00010087750293314401
15235,-3.7696415930986396e-05
15236,1.633196976035816e-05
15237,-0.00015543941156938683
15238,-5.075285024940981e-06
15239,0.00011142760673537776
15240,-1.5945775713771535e-05
15241,0.00012216405430808623
15242,0.0001407905388623475
15243,1.1983041279017942e-05
15244,3.398653669282776e-05
15245,-4.106605555862157e-05
15246,0.00010756188929080932
15247,3.32450831308959e-05
15248,1.919528851285576e-05
15249,0.00011718940259888701
15250,3.9095212984829945e-05
15251,4.31306632235646e-05
15252,-3.575944351032366e-05
15253,4.10980223678051e-05
15254,-2.1278198063373504e-05
15255,-3.147133179008953e-05
15256,-6.484166728332637e-05
15257,3.762067025527359e-05
15258,-8.766525052487755e-06
15259,-8.096512937918282e-05
15260,-3.830628525465712e-05
15261,6.761408038437356e-05
15262,-0.0001307065641507495
15263,3.3846879377960886e-05
15264,-0.0001267403848469253
15265,0.00013081430774182062
15266,4.3387828394770454e-05
15267,0.00013384782206267098
15268,-2.6046951860189523e-05
15269,-2.272656951099618e-05
15270,-6.019051885232313e-05
15271,1.6591677442192962e-06
15272,4.466957747936236e-05
15273,-7.786622699350097e-05
15274,5.436233915388544e-05
15275,-1.3712251745164354e-05
15276,6.209238935261944e-05
15277,0.00010383585598319693
15278,-1.1972897499799617e-05
15279,1.0519980639219248e-05
15280,-3.376534748822449e-05
15281,4.4217029958963364e-05
15282,-5.353297814726809e-05
15283,-7.5296133756637365e-06
15284,3.693528752773988e-05
15285,5.753288548439694e-05
15286,-7.5897376984357e-05
15287,-0.00012664904100820367
15288,-2.762796133756635e-05
15289,0.00010163602381944628
15290,-4.4279293343424645e-05
15291,3.2564180623739946e-05
15292,-2.179763298481694e-05
15293,5.554263275116659e-05
15294,2.5147716980427328e-05
15295,-0.00012513778675347467
15296,2.9986806027591013e-05
15297,-7.4072620831429715e-06
15298,-8.695086464285787e-07
15299,-2.4102092720568125e-05
15300,0.00014139567231759447
15301,0.00011795693803578564
15302,0.00010373985841870276
15303,9.55829809419806e-05
15304,5.2380658499896535e-05
15305,5.047160414978844e-05
15306,4.212723458185781e-05
15307,5.3412147052585694e-05
15308,5.92594956979153e-05
15309,0.00011256973268464177
15310,0.00012582013392820906
15311,5.031429240480043e-05
15312,2.4224597681313662e-05
15313,0.00011118757016956737
15314,1.870919913053509e-05
15315,0.00016132333604618865
15316,9.319264953955945e-05
15317,-0.0001596197860315437
15318,0.00012968484777957164
15319,-1.1910129338502893e-05
15320,0.00013245100071653668
15321,0.0001492326999083152
15322,-6.47217963822184e-05
15323,3.364555938169347e-05
15324,-4.283419055864197e-05
15325,-1.0404882021248355e-05
15326,3.2217714563012114e-05
15327,6.566546224057686e-05
15328,-4.086844511330119e-05
15329,0.00010814037518575745
15330,-8.402545377612054e-05
15331,0.00016661058757454114
15332,3.200898244976986e-05
15333,-0.00021818920448422307
15334,4.094561487436281e-05
15335,0.00010430954853072703
15336,0.00011324211535975285
15337,1.881248597055675e-05
15338,-1.0744675435125784e-05
15339,-0.00010944487694650866
15340,3.562626056373115e-05
15341,8.801449704915291e-05
15342,-0.00020730438232421743
15343,-8.817682601511443e-06
15344,0.00011633161408826703
15345,2.1764025185257207e-05
15346,6.915688486769786e-05
15347,-4.721554005518542e-05
15348,2.8446774464100674e-05
15349,0.00011587753314524846
15350,3.076864313334202e-05
15351,-0.00015739804953336767
15352,-0.00023309638714417698
15353,2.1064228657633037e-05
15354,0.00011333783082664006
15355,-8.056895518675434e-05
15356,3.1077625975012636e-05
15357,-6.486373934894755e-05
15358,0.0001090655734762543
15359,-0.0001350039051845662
15360,0.00011375360591336995
15361,4.8604184761643475e-05
15362,-6.18991088122129e-05
15363,-1.866861730813983e-05
15364,9.594822190701934e-05
15365,1.2366211041808085e-05
15366,-1.2105165980756176e-05
15367,-0.00017197447270154902
15368,-4.652727404609278e-05
15369,5.507478257641198e-05
15370,5.29327875003215e-05
15371,-2.969149053096782e-05
15372,0.00015026903087273167
15373,0.00011927832793444385
15374,-0.00016422843756154062
15375,0.0001243214347399767
15376,7.992349658161402e-05
15377,4.094540672376729e-05
15378,-1.2667988054454237e-05
15379,1.1996395979076584e-05
15380,0.00011754232235252862
15381,-7.177809868007876e-05
15382,0.00012306778859347078
15383,0.0001292168335057793
15384,-0.0001972808260470623
15385,3.524174690246568e-05
15386,-3.3770218491553954e-06
15387,5.0872786622494346e-05
15388,3.0006517004221586e-05
15389,0.00013528051134198903
15390,-4.430963946506366e-05
15391,-5.066518485546075e-05
15392,7.016403106972561e-05
15393,4.395098388195015e-05
15394,5.405528023838994e-05
15395,1.0706146433949402e-05
15396,-0.00019040269590914197
15397,8.837545542046361e-05
15398,0.00015286919549107483
15399,-3.0331457406282275e-05
15400,4.305575303733347e-05
15401,1.0959357023239102e-05
15402,-5.398437399417113e-05
15403,-5.638040425255884e-05
15404,-0.00015016986820846827
15405,-3.9027171023189857e-05
15406,-5.242357272654754e-05
15407,-3.7157416809350215e-05
15408,0.0001421356759034096
15409,3.223816175013785e-05
15410,1.9837642647325814e-05
15411,9.420943437144159e-05
15412,7.199604921042914e-05
15413,2.993254670873259e-05
15414,-3.176064174622277e-05
15415,-4.073820682242504e-05
15416,0.0001936338270083056
15417,3.2593038398772366e-05
15418,3.6075209267437335e-06
15419,0.0001229277779348185
15420,-4.1702969837933834e-05
15421,5.6830051448195974e-05
15422,-6.253253668546659e-05
15423,4.207532256841645e-05
15424,-1.8687909282743852e-05
15425,3.8838874548673554e-05
15426,-2.7486472018062993e-05
15427,0.0001200142254121597
15428,3.032977720722545e-05
15429,4.4055619742721284e-05
15430,0.00012108174283057409
15431,-9.408215302973974e-05
15432,-3.0212486069649528e-05
15433,9.177249800413812e-05
15434,2.0608176756650135e-05
15435,8.578352052718397e-05
15436,0.00014851655587553965
15437,-6.592624019831417e-05
15438,4.533605780452484e-05
15439,4.4103972613812285e-07
15440,-7.763898056000459e-05
15441,-5.9909602254628965e-05
15442,-5.470990240573892e-05
15443,5.410832045599793e-05
15444,4.0883171185850964e-05
15445,3.863902203738722e-06
15446,0.00012489223880693273
15447,-8.879136992618414e-05
15448,3.643430797383176e-05
15449,-7.060918593779186e-05
15450,0.00012174775805324326
15451,3.7475392036139936e-05
15452,-3.489340748637951e-06
15453,0.00011497572101652587
15454,-0.00016320744780823555
15455,2.289397772401575e-05
15456,-0.0001790928269736461
15457,6.492116088047603e-05
15458,-0.0001508005670271808
15459,0.00012716493727639262
15460,0.00013617485063150477
15461,2.2869692370295456e-05
15462,4.501646310091e-05
15463,-6.55999304726723e-06
15464,0.0001412051235325629
15465,-0.00021970801763236398
15466,-0.0002518068347126238
15467,9.649421423673598e-05
15468,-1.2104412727057866e-05
15469,0.00010032506631687281
15470,7.874482888728359e-05
15471,-0.00020155806243419568
15472,-3.0439322814345295e-06
15473,-1.7809132579714004e-05
15474,9.689814802259171e-05
15475,-7.112732166424358e-05
15476,0.00011319546783342933
15477,1.7929942067712513e-05
15478,-5.2542755194008165e-05
15479,-3.730624001473172e-05
15480,6.321567110717283e-06
15481,1.776406299322845e-05
15482,-8.276637643575646e-06
15483,-2.1956681646406537e-05
15484,0.00012535933759063496
15485,-1.4060981851071066e-05
15486,0.00010117666274309098
15487,-5.2212929353117875e-06
15488,7.483337661251405e-05
15489,2.1255914587527544e-05
15490,-4.018996041268101e-05
15491,3.712898343801471e-05
15492,3.310297029092893e-05
15493,0.00012007607165723985
15494,-5.434246947988839e-05
15495,-0.00011683465410023883
15496,9.525392111390743e-06
15497,6.707265516743055e-05
15498,4.88104144111276e-05
15499,0.0001485685504972929
15500,3.509407266974451e-05
15501,5.627513993531441e-05
15502,4.481477001681929e-05
15503,-6.414467226713908e-05
15504,-5.191073864698392e-05
15505,-2.9933472350239613e-05
15506,4.6151824202388514e-05
15507,2.658638544380654e-05
15508,0.00015809027934446824
15509,4.2154170852154374e-05
15510,-3.6855201981961686e-05
15511,2.2962227277457543e-05
15512,7.263954058289519e-05
15513,-1.983628859743469e-05
15514,-2.7835338190197946e-05
15515,0.00013233714383095456
15516,2.8120463900268146e-05
15517,6.46662635728717e-05
15518,1.1344536766409862e-05
15519,8.3289110288024e-05
15520,3.1938856840133674e-05
15521,0.0001434423586353662
15522,3.607218163087941e-05
15523,0.00013049820773303484
15524,5.559154553338901e-05
15525,5.8630213700234354e-05
15526,0.00010327353253960547
15527,-0.00021206229934468804
15528,-4.0361890755593806e-05
15529,2.5941787380724936e-05
15530,0.00014382802266627517
15531,-7.687340956181223e-06
15532,-4.836702905595266e-05
15533,0.00011967333517968669
15534,1.8693608324974753e-05
15535,-5.318266805261385e-05
15536,2.0296005532145346e-06
15537,-8.481054194271533e-06
15538,4.705732893198727e-05
15539,4.685885952785576e-05
15540,-4.355921223759629e-06
15541,-3.3344925288110954e-05
15542,6.057342886924766e-06
15543,2.8489722311496576e-05
15544,-6.190645145252312e-05
15545,1.0842234734445793e-05
15546,-0.000140867298096418
15547,-0.00010912881456315493
15548,3.947048150002944e-05
15549,4.2725027073174596e-05
15550,1.8798433523625105e-05
15551,-6.743742376565948e-05
15552,-4.4316702801733857e-05
15553,-5.5205390974879104e-05
15554,-0.00016314757708460093
15555,-0.0002729904161766158
15556,4.971713051199909e-05
15557,2.084385510534048e-05
15558,0.00011913175210356693
15559,1.6823032312095136e-05
15560,0.00015829019993543556
15561,0.0001184547587297855
15562,0.00010894630225375239
15563,-3.321292810142059e-05
15564,5.1893256884068195e-05
15565,7.261266093701077e-05
15566,9.616396781057094e-05
15567,-1.5221833810210249e-05
15568,8.581318166106905e-05
15569,-3.261289056390509e-05
15570,3.7929907441139045e-05
15571,-4.979673698544492e-05
15572,9.959574975073308e-05
15573,0.00010729576051235171
15574,0.00013056412283331132
15575,8.592720981687293e-05
15576,0.00010585255958139819
15577,6.0095517709851036e-05
15578,3.8575726374983615e-05
15579,1.659379526972763e-05
15580,-1.4671332668512914e-05
15581,4.2639543302357635e-06
15582,0.00010815382692962825
15583,1.9839999824762263e-05
15584,0.00014254223778843784
15585,-3.996977908536778e-05
15586,-9.990835543721873e-05
15587,2.6516668032854723e-05
15588,8.417755551636188e-06
15589,-2.8631034214049492e-05
15590,2.2262041270732848e-05
15591,-3.1543215829878925e-05
15592,0.00011623946549370881
15593,2.9721943102776957e-05
15594,6.858582580462097e-05
15595,4.1351586673408575e-05
15596,3.537218971177922e-05
15597,3.1253917329013356e-05
15598,6.197279551997765e-05
15599,-5.748521536588651e-05
15600,-4.7346809413283885e-05
15601,3.603807315230327e-05
15602,6.288015488535105e-05
15603,-0.00021815487230196536
15604,-3.866605460643775e-06
15605,6.545745730400042e-05
15606,4.4744871556758734e-05
15607,0.00012423620019107968
15608,2.883274853229514e-05
15609,-7.024368736892907e-05
15610,0.00015535155935212917
15611,0.00011342078316956709
15612,-6.227498129010205e-05
15613,3.4738534688949426e-05
15614,-4.09552307799455e-05
15615,3.855839576572171e-05
15616,-4.075952162966116e-05
15617,0.00011670510219410024
15618,4.801600351929665e-05
15619,3.1778679788112506e-05
15620,3.493635840713954e-05
15621,0.00013181615015491776
15622,1.5037460438907115e-05
15623,4.511817041784518e-05
15624,0.00011743724932894086
15625,1.2154850177466819e-05
15626,4.313046326860781e-05
15627,-7.030334873124918e-05
15628,1.363631393760443e-05
15629,1.560284961014979e-05
15630,-1.0645969584584237e-05
15631,3.589195944368853e-05
15632,-8.210910987108926e-05
15633,3.225868660956599e-05
15634,-2.110588727518919e-05
15635,1.2379697337746523e-05
15636,-5.487462338060137e-05
15637,6.63839937187734e-05
15638,-8.828731067478643e-06
15639,3.283431297168115e-05
15640,0.00010490127550438025
15641,0.00013396411258727306
15642,-0.00023605866590514654
15643,3.23318987153467e-05
15644,2.945790123194449e-05
15645,4.3046841863542536e-05
15646,4.7702974546700654e-05
15647,-0.00016831800900399642
15648,-1.8822960555553402e-05
15649,-4.775879345834242e-06
15650,-0.00010504616303369384
15651,3.362763691693568e-05
15652,0.00012162661505863017
15653,1.0917077213525723e-05
15654,0.00010610747914761262
15655,0.0001800393819808958
15656,2.976551614701737e-05
15657,-5.1714274100958785e-06
15658,0.00010582978939637587
15659,3.0132537521421828e-05
15660,0.0001273180625401429
15661,-6.29770269617437e-05
15662,-0.00021896836729720108
15663,-5.069490335881738e-06
15664,8.820031723007546e-05
15665,0.00010868291473016096
15666,-3.2986966893076725e-06
15667,6.264699473977107e-05
15668,-8.264330774545692e-06
15669,3.5399622563272586e-05
15670,4.941209442913521e-05
15671,8.564621126279202e-05
15672,9.027078934013834e-06
15673,4.758436027914266e-05
15674,9.719261648133336e-05
15675,-0.00016011070897802712
15676,6.405910765752182e-05
15677,3.179932078346598e-05
15678,-9.916681982576729e-06
15679,5.544526819139698e-05
15680,4.035949911922204e-05
15681,4.980923561379303e-05
15682,-6.599437594413703e-05
15683,3.701712060719715e-05
15684,4.469975782558313e-05
15685,-2.7929264865815407e-05
15686,4.206276154145568e-05
15687,-7.195907067507508e-05
15688,5.7625759579241e-05
15689,0.00013897342085838194
15690,2.8406841773539767e-05
15691,5.89961279183632e-07
15692,9.677294716238943e-05
15693,-4.0783419273793593e-05
15694,5.988431069999909e-05
15695,6.814050180837489e-05
15696,-2.4293498788028793e-05
15697,0.00012485618107020818
15698,-7.083955314010384e-06
15699,0.00014144368804991164
15700,9.26553423516452e-05
15701,2.725665709003792e-05
15702,0.00010769671145826536
15703,0.00011848247200250618
15704,-3.869271175935855e-05
15705,0.00013856990169733746
15706,0.00014335637334734192
15707,0.00010886761648580422
15708,-5.723701510578364e-05
15709,0.0001179968136362732
15710,2.393658831715586e-06
15711,-6.91805135458704e-05
15712,-1.4770390093326503e-05
15713,2.4565348122268814e-05
15714,0.00011087983446195672
15715,-3.965631797909722e-05
15716,-1.5888362191617447e-06
15717,-8.455260246992082e-05
15718,-0.00019240592997521203
15719,-3.078422741964442e-05
15720,-3.120518708601589e-05
15721,7.702498976141173e-05
15722,9.589748010039285e-05
15723,2.0617425534874166e-05
15724,3.269503843039251e-05
15725,-6.054025143384921e-06
15726,2.7103659696876924e-05
15727,-4.2321812640875555e-05
15728,-2.5009305309504235e-05
15729,1.4338375441729943e-05
15730,-7.894297130405698e-07
15731,4.231708645820621e-05
15732,-1.3935673609375945e-05
15733,-1.0979105159640264e-05
15734,-0.00017524836305528785
15735,6.863686256110348e-07
15736,7.780095562338807e-07
15737,-0.0002037968482822175
15738,-4.0782025083899445e-05
15739,8.940408006310443e-06
15740,4.661376662552357e-05
15741,4.698829222470511e-05
15742,5.183842591941338e-05
15743,4.398069456219673e-05
15744,5.620492799207531e-05
15745,-8.754894072189915e-05
15746,3.036433011293409e-05
15747,4.7129379585385275e-06
15748,2.096898779273029e-05
15749,-8.376146480441103e-06
15750,-2.809540890157192e-05
15751,3.1687231734395064e-05
15752,2.976092649623753e-05
15753,-6.95824585855004e-06
15754,0.00012589169042184946
15755,-1.1069801822304694e-05
15756,3.319252012297503e-05
15757,3.9527327194809755e-05
15758,3.811270724982012e-05
15759,6.946178590878838e-05
15760,4.671196863055227e-05
15761,4.0515126381069226e-05
15762,-3.21457192301748e-05
15763,1.6367515549063616e-05
15764,1.837752740830179e-05
15765,2.4204194359481235e-05
15766,2.0396053418517076e-05
15767,0.00013820251049473777
15768,9.221429098397445e-06
15769,-3.0541521403938394e-05
15770,0.00010499981483444546
15771,3.0212574824690707e-05
15772,9.787070900201786e-05
15773,-5.592850567772958e-05
15774,3.177623655647041e-05
15775,5.8443945646285815e-05
15776,0.00011607212796807267
15777,5.58207302354274e-05
15778,-1.0334175080060941e-05
15779,4.5870997756719516e-05
15780,0.00012669730884954264
15781,0.00016363476570695627
15782,2.0875178929418197e-05
15783,0.00012440054547041617
15784,4.377647470682845e-05
15785,7.15723883360622e-05
15786,-0.000168399171531199
15787,0.00013741263225674612
15788,0.00014848924567922883
15789,-3.807634720578775e-05
15790,0.00011039153812453131
15791,-3.9575194008648244e-05
15792,-0.00014140221625566482
15793,4.829222401604044e-05
15794,7.868115110322782e-05
15795,4.475280614569788e-05
15796,8.326089913025479e-05
15797,1.2239407282322637e-05
15798,1.7524225451052145e-05
15799,1.1548221204429879e-05
15800,5.161979943513814e-05
15801,2.627905402332532e-05
15802,3.401480745524178e-05
15803,-0.0001458986504003401
15804,8.496595639735424e-05
15805,0.00010517923720180937
15806,5.354946283623563e-05
15807,1.2728451564907995e-05
15808,2.0946230832487194e-05
15809,-9.786581164225942e-05
15810,6.121981237083652e-05
15811,-2.3363234661519515e-05
15812,2.669249773025485e-05
15813,-9.833329273387762e-05
15814,4.978822544217209e-07
15815,9.268762096762625e-05
15816,-0.00022175272703170697
15817,-0.0002219775780104092
15818,-1.9246579147875306e-06
15819,3.35926603525874e-05
15820,0.00010819232612848233
15821,5.18239427357909e-05
15822,-0.00015546832606196342
15823,-1.0544623341411287e-05
15824,0.00014609457608312336
15825,5.550465332344171e-05
15826,-0.00018100725151598364
15827,-5.5315303243696404e-05
15828,3.4718824550509297e-06
15829,3.5377934668213035e-05
15830,3.2151128351688155e-05
15831,-4.1094065178185565e-05
15832,-1.2774840556085093e-05
15833,-3.5361171234398875e-05
15834,0.0001572207003831864
15835,0.00012359668929129729
15836,-0.00011432657698169294
15837,-0.00012666417285800007
15838,-6.111583989113543e-05
15839,-1.3943656906485529e-05
15840,-4.569191755726895e-05
15841,3.324593324214186e-05
15842,4.65223360806703e-06
15843,5.875191502273065e-05
15844,1.3492982368916329e-05
15845,5.566158257424838e-05
15846,8.926366437226509e-05
15847,-1.308635901659697e-06
15848,4.805412050336598e-05
15849,3.0217370018362363e-06
15850,-2.622813899070016e-05
15851,-2.713473513722407e-05
15852,-5.969254821538899e-05
15853,6.137482468038797e-05
15854,0.0001398104477673772
15855,0.00013800934879109215
15856,3.530242759734383e-05
15857,3.7753586284816176e-05
15858,9.558744598180058e-05
15859,6.1872886493802024e-06
15860,6.35543135926124e-05
15861,0.0001249285610392686
15862,-2.3856371175497744e-05
15863,6.149346306920068e-05
15864,0.00014881995357573033
15865,-1.3299289997667113e-05
15866,4.142205733805881e-05
15867,-1.3565669208764819e-05
15868,8.114264393225324e-05
15869,3.6629986390471355e-05
15870,3.147422233596427e-05
15871,-0.0002236461320891967
15872,1.292792055755842e-06
15873,3.12415764667093e-05
15874,5.255080722272378e-05
15875,-6.0939721390604845e-05
15876,2.6406739838421152e-05
15877,1.722395680844776e-05
15878,4.847719520330451e-06
15879,9.653182979673091e-05
15880,2.3590978980064277e-05
15881,-2.9938321746885713e-05
15882,-3.609405150637017e-05
15883,4.29236539639532e-05
15884,8.226143196225086e-06
15885,3.5289590526371896e-05
15886,2.2210259735584212e-05
15887,7.268036752939224e-05
15888,4.720233436673861e-05
15889,-2.16913336887955e-05
15890,-7.744089234620185e-06
15891,0.00011815652959048686
15892,-0.00015059926332905798
15893,4.581697229295968e-05
15894,-3.717464553192243e-05
15895,0.0001494294682517641
15896,7.676599696278541e-05
15897,6.022190982475855e-05
15898,1.556277349591244e-05
15899,7.6892248354852e-05
15900,5.514126094058143e-05
15901,3.834284618496884e-05
15902,6.174993105232726e-05
15903,2.0211183093488125e-05
15904,-8.663224354386297e-05
15905,3.398277312517143e-05
15906,-0.00023275396218523382
15907,3.845799276605245e-05
15908,-2.419912051409474e-05
15909,4.3103176727890925e-05
15910,3.806737978011372e-05
15911,-7.692503184080105e-06
15912,-0.00010139582846313708
15913,-7.678656149655545e-05
15914,2.198352087289091e-05
15915,2.319657690823062e-05
15916,8.884792858734714e-05
15917,-3.7042712233960674e-05
15918,0.00013480623345822046
15919,2.638917416333974e-07
15920,9.077545907348358e-05
15921,3.953925380483256e-05
15922,7.388001438230201e-05
15923,9.916560957208239e-05
15924,3.5795559268444725e-05
15925,9.066221863031364e-06
15926,-2.9410382732749064e-06
15927,2.2538021020591236e-05
15928,2.487755939364383e-06
15929,-2.781396359205237e-05
15930,0.00012280240170657608
15931,-3.522958047687949e-06
15932,2.678018994629382e-05
15933,3.32936270162464e-05
15934,3.874622583389269e-05
15935,2.6641970314085483e-05
15936,0.00015381750278174803
15937,0.00011552141197025757
15938,0.00015244850534945669
15939,-8.505021966993729e-06
15940,4.0735634509473875e-05
15941,-1.2322353757917867e-05
15942,-1.2800973094999749e-05
15943,3.8245553057640724e-05
15944,0.0001561399846337728
15945,-6.750634070485817e-05
15946,4.7608255967497797e-05
15947,-1.8078492674976484e-05
15948,0.00019302094280719727
15949,2.319149756804097e-05
15950,1.7973209451883953e-05
15951,2.5739045813679594e-05
15952,0.00012657373547553957
15953,-1.3855056185275303e-05
15954,-3.860270921140894e-05
15955,1.9346976093947918e-05
15956,5.555545585229955e-05
15957,3.525786856189359e-05
15958,5.719273071736061e-06
15959,0.0001324902315624059
15960,-1.7251744121313068e-05
15961,-4.539117794483877e-05
15962,-4.4121062848716675e-05
15963,4.009528821334233e-05
15964,2.9103905614465298e-05
15965,0.00012424593772739117
15966,6.404602490365478e-05
15967,-6.613749107345887e-05
15968,-2.8130929730832646e-05
15969,6.549462303519234e-06
15970,8.490169662982202e-05
15971,0.00010036691976711126
15972,-0.000182713319081813
15973,4.059176649898272e-05
15974,7.436045669019156e-05
15975,4.826216595247397e-05
15976,-0.00020655090911313816
15977,6.605322863906599e-05
15978,6.143844202160839e-05
15979,1.3960845582187115e-05
15980,-9.279937390238055e-05
15981,0.0001127851350232957
15982,5.927686337381605e-05
15983,8.928381903097004e-05
15984,7.773138470947724e-05
15985,3.072564797475927e-05
15986,-1.8906162679195373e-05
15987,5.338865723460895e-05
15988,4.701195899397119e-05
15989,-3.640777226537459e-05
15990,-3.7840726412832504e-05
15991,-0.0001244878206402056
15992,4.533555638045063e-06
15993,-6.845790492370681e-05
15994,3.886525258421889e-05
15995,5.633468106389031e-05
15996,-8.588145673274973e-06
15997,4.418325461447233e-05
15998,-9.901691405102572e-05
15999,9.26061609759923e-05
16000,-6.921053193509533e-05
16001,4.78256766684352e-05
16002,-4.187937919050429e-06
16003,-5.156201012432563e-05
16004,0.00011704664351418579
16005,1.2640621140599154e-05
16006,0.00014358616657555054
16007,9.214925337582816e-05
16008,4.729381799697856e-05
16009,0.000128014069329947
16010,0.00010816447017714347
16011,-7.38644298166035e-05
16012,2.4083138071000653e-05
16013,-4.399307696148749e-05
16014,-1.1649021878838498e-05
16015,-2.397583834826943e-05
16016,-7.82700050622224e-06
16017,2.5886054709553727e-05
16018,7.179982233792503e-05
16019,4.731355421245082e-05
16020,0.00011343024475499933
16021,9.121944997459618e-05
16022,-2.569137420505274e-05
16023,-0.00013155324151739437
16024,3.367321128025646e-05
16025,0.00010662640472873995
16026,-5.722451955080003e-06
16027,1.771397432312361e-05
16028,-6.552721727639387e-05
16029,0.0001370610918849704
16030,-6.243786867707947e-05
16031,-6.1743924394249885e-06
16032,-2.8693638928234472e-05
16033,0.00011897145034745294
16034,2.8739568218588667e-05
16035,0.00011985403522849073
16036,4.1684966348111634e-05
16037,6.566487047821277e-05
16038,4.4495754688977964e-05
16039,-7.706932947039582e-05
16040,0.0001340835698880253
16041,-1.7281167581677365e-05
16042,-2.5080155860632577e-05
16043,2.290858589112748e-05
16044,1.7175956163555343e-05
16045,0.00015067177545279197
16046,-0.00014770575128495665
16047,3.6453805863856885e-05
16048,-0.00013646020144224066
16049,0.0001494580146856597
16050,0.00010393396355211716
16051,0.00011229625130072195
16052,-2.0576862152665802e-05
16053,0.00012111578993499267
16054,-0.00011851308029144927
16055,-5.2989161014556625e-05
16056,4.182079909369339e-05
16057,-3.464243151247485e-05
16058,-0.0001853527149185537
16059,-5.396603327244526e-06
16060,-6.964267808943952e-05
16061,-5.8323410339653865e-06
16062,8.795659616589525e-06
16063,-7.730605155229564e-05
16064,7.143796710297489e-05
16065,0.00011440149191766921
16066,3.226161142811174e-05
16067,3.611120954155917e-05
16068,0.00013529636571183741
16069,-2.768632024526543e-07
16070,3.246022537350644e-05
16071,5.3028446063399137e-05
16072,4.022461622953394e-05
16073,5.554393958300363e-05
16074,2.3704270552843745e-05
16075,5.328453155234433e-05
16076,9.294607806950781e-05
16077,-4.80928067117926e-05
16078,-2.272708341479291e-05
16079,5.471071545034628e-05
16080,1.394338710233557e-05
16081,0.00014041133876889828
16082,0.00011029831692576403
16083,0.00013111555539071495
16084,0.0001202452305704347
16085,0.00012776306569576207
16086,-0.0001733379633165892
16087,0.00011020520357415045
16088,3.546679969876984e-05
16089,2.6826999522745472e-05
16090,5.910295061767062e-06
16091,5.533899944275611e-05
16092,-5.223301351070391e-05
16093,-7.045174716040479e-05
16094,5.5179140064865184e-05
16095,8.774445662274907e-05
16096,1.8406580947339486e-05
16097,3.4562640450894635e-05
16098,-5.2936245873570475e-05
16099,-2.5237610563634903e-06
16100,-7.86370079964399e-05
16101,3.1512037198990517e-05
16102,-0.00019316815920174133
16103,-5.76651399023826e-05
16104,0.00010821787528693601
16105,5.583695294335479e-05
16106,-9.18847343884407e-05
16107,0.00010925439260899968
16108,5.362507607787831e-05
16109,-6.403815001249304e-06
16110,-2.7653889916837247e-05
16111,8.709414834156587e-05
16112,-3.2187340781092854e-06
16113,-1.980697931721795e-05
16114,-0.0002327415580861263
16115,2.4693013355135884e-05
16116,-7.228540722280745e-06
16117,0.00013876307383179628
16118,-0.000210903303232043
16119,0.00013271318990737104
16120,4.275842439383252e-05
16121,5.985148530453439e-05
16122,4.255997780710449e-05
16123,0.00010871374020352884
16124,0.0001349524213932452
16125,7.94827593490478e-06
16126,-2.296234397217605e-05
16127,9.495831206440865e-05
16128,7.336293021216937e-05
16129,1.0406364407390265e-05
16130,-3.3180350530892504e-05
16131,2.086848951876194e-06
16132,0.00010094429366290542
16133,1.8835082743316744e-05
16134,3.789797108620385e-05
16135,-1.0126611962914436e-05
16136,0.00014834644282236693
16137,5.81511979922651e-05
16138,2.0391576737165416e-05
16139,-3.915737383067598e-05
16140,0.00011392330303788157
16141,-0.00010223997235298136
16142,-1.0490022320300315e-05
16143,-3.407889306545259e-05
16144,5.195988900959479e-06
16145,0.00010606625704094744
16146,-8.0905314162373e-05
16147,-2.614400517195462e-05
16148,-7.886145822703793e-06
16149,8.42683039605612e-05
16150,5.77987462282177e-05
16151,-2.0510647445915966e-07
16152,5.598791753873192e-05
16153,5.693472344428272e-05
16154,0.00010515636187046738
16155,-1.067104395478956e-05
16156,-4.330253154039371e-05
16157,5.390444621443749e-05
16158,4.10932081751524e-05
16159,0.00012202569963410527
16160,0.00010586159005761119
16161,0.00013137996885925472
16162,4.11794956773518e-05
16163,7.115945490077093e-05
16164,-1.790394252166137e-05
16165,-1.1167131643742206e-05
16166,9.648501779884006e-06
16167,3.5697465762495826e-05
16168,-5.3156409226357815e-05
16169,-7.798184640705522e-06
16170,-6.262813415378315e-05
16171,9.266091352328626e-05
16172,3.411985924467422e-05
16173,0.00011234952202066727
16174,-0.00020630380809307067
16175,-1.5212701074779037e-05
16176,-4.4487156253307896e-05
16177,-8.222507396712818e-05
16178,2.70531515590844e-05
16179,2.6858681812882857e-07
16180,0.00012254060581326428
16181,8.664160743355727e-05
16182,2.77759352698922e-05
16183,0.00011177892005071014
16184,6.436287146061676e-06
16185,0.0001183884813450274
16186,4.885050393640997e-05
16187,-7.077796850353443e-06
16188,-1.2195158284157526e-05
16189,3.237086366862042e-05
16190,0.00011776036433875502
16191,3.8359341863542605e-05
16192,-9.088322892785072e-06
16193,2.437644014134988e-05
16194,0.00013359562875702832
16195,7.458578608930073e-06
16196,0.00016752201002091118
16197,2.5898939836770103e-05
16198,0.00016016206042841056
16199,6.049942187964898e-05
16200,7.041995590552676e-05
16201,0.00011508099362254128
16202,0.00010530724041163885
16203,3.17003771662712e-05
16204,3.917616847902545e-05
16205,2.3469463922083346e-06
16206,-5.1359839737415196e-06
16207,5.999444052576997e-05
16208,0.00013259111605584535
16209,3.085719142109143e-06
16210,-5.041507109999637e-05
16211,6.600393205881111e-05
16212,0.00013838383825495807
16213,-1.0415257979184392e-05
16214,-9.72838971763846e-05
16215,-1.8514975905418366e-05
16216,-0.00013207906624302206
16217,4.682076806202521e-05
16218,1.5868643298745166e-05
16219,2.2394606377929415e-05
16220,-0.00012140715103596428
16221,-3.135284557938567e-05
16222,-0.00010873359553515842
16223,6.305852867662885e-05
16224,-0.00011575502352788987
16225,3.3521470054984106e-05
16226,2.9892809968441745e-05
16227,-0.00014571231314912362
16228,-2.9240534082054936e-05
16229,0.00011441816538572289
16230,-0.00013548955908045156
16231,2.8034056909382293e-05
16232,5.698291491717095e-06
16233,-3.120069969445466e-05
16234,4.899483602493989e-05
16235,5.288426335900998e-05
16236,-1.9283845648169472e-05
16237,0.00011058670338243207
16238,1.4293981902301243e-05
16239,-0.00012192328609526181
16240,-4.1335629951208876e-05
16241,4.049914181232441e-05
16242,6.336937472224261e-06
16243,0.00013011043323203975
16244,-5.633470155298685e-05
16245,5.693412926048024e-05
16246,3.252671696245646e-05
16247,-0.00020076788598671506
16248,2.0161119475960753e-05
16249,0.0001221771297045051
16250,-4.3680279888212564e-05
16251,9.665714269503909e-05
16252,-0.0002181231549009671
16253,6.201494317501767e-05
16254,-0.00018342686817049905
16255,6.0973790474235765e-05
16256,-3.136282507330191e-06
16257,2.0431601349264307e-05
16258,-1.656974181532857e-05
16259,4.569745361804949e-05
16260,0.00010440634256228797
16261,1.7792384512722493e-05
16262,-5.714799463748914e-06
16263,-3.281457377597688e-05
16264,0.00010111791323870384
16265,3.34834632463754e-05
16266,1.7856321390718167e-05
16267,2.536548608914015e-05
16268,0.00012202948154881612
16269,0.00011754211504012338
16270,-1.627369001507764e-05
16271,2.0533051993697885e-05
16272,0.00014671859228983545
16273,0.00012903054347261826
16274,0.00012806798312813009
16275,0.00013620438594370997
16276,-6.444048788398517e-06
16277,0.0001504050472751252
16278,0.0001061129515990612
16279,2.337955571711057e-05
16280,4.099051104858527e-05
16281,-8.816141169518226e-05
16282,-1.3298798538744483e-05
16283,-2.5921956170350272e-05
16284,3.118077050894487e-05
16285,1.812418568879368e-05
16286,8.949313024058869e-05
16287,3.594333715736853e-05
16288,-8.087719520553897e-05
16289,-2.7444466389715568e-05
16290,3.770888447761531e-05
16291,6.41327630728502e-07
16292,4.919971600174895e-05
16293,0.00012323917448520607
16294,-1.1885291710495947e-05
16295,0.0001224608941934999
16296,4.463554564863416e-05
16297,3.4006617218255813e-05
16298,-3.825947558507331e-05
16299,2.6144028455018953e-05
16300,0.00012313662488013498
16301,6.725266873836537e-05
16302,4.007489122450337e-05
16303,0.00014349035900086123
16304,0.00012914849231019632
16305,4.1143375635146925e-05
16306,-0.00019894138835370494
16307,3.3295483794063274e-05
16308,-6.636638240888721e-05
16309,-2.011856334283941e-05
16310,-3.2343385741114476e-06
16311,-4.176486916840073e-05
16312,3.616948034614306e-05
16313,-2.0363564975559664e-05
16314,1.292017512023444e-05
16315,-2.1707266569137272e-05
16316,-1.461937353014947e-05
16317,2.2053997032344344e-05
16318,3.048300389200444e-05
16319,-8.952239807695125e-05
16320,1.2558915931731455e-05
16321,5.9108994714915624e-05
16322,0.00012317198673263138
16323,5.008576419204461e-05
16324,2.096997443586579e-05
16325,3.3449121750891275e-06
16326,-9.219631943851673e-05
16327,3.1085908412933185e-05
16328,-6.451842309907057e-05
16329,1.3757635839283462e-05
16330,-2.0483131706714454e-05
16331,-4.933735281229e-05
16332,5.172620210796581e-05
16333,0.0001522176421247419
16334,-1.160051207989457e-06
16335,-0.00013178430404514052
16336,-2.042527664452778e-05
16337,-1.2327888794243289e-05
16338,0.00010072878627106485
16339,-9.592049242928561e-05
16340,0.00013180464152246727
16341,4.244683310389452e-07
16342,7.83914886414968e-07
16343,1.2558736279606744e-05
16344,-0.00016009418601170168
16345,-3.4933155030011986e-05
16346,0.00010867648571729614
16347,-1.860946230590341e-06
16348,-0.00016428841128945257
16349,-2.4086738936602986e-06
16350,5.217251237481821e-05
16351,4.022809816524367e-05
16352,3.5605022311210485e-05
16353,-5.15635292977093e-06
16354,3.424816178157911e-05
16355,-0.00016746225748211116
16356,0.00018432082878425642
16357,5.143594695255136e-05
16358,-6.459805089980312e-06
16359,-6.71088173985479e-06
16360,4.500415194779609e-05
16361,2.7121012844145188e-05
16362,5.05146663635969e-06
16363,2.6825730409473072e-05
16364,2.3187136836349933e-05
16365,-6.146992659196242e-05
16366,3.34175533615052e-05
16367,-6.238919682800338e-07
16368,-2.630298845469951e-05
16369,9.495214186608789e-06
16370,-9.743668604642098e-06
16371,0.00011587796136736748
16372,4.423422804102293e-05
16373,-0.00025302475653588724
16374,-6.229247860610445e-05
16375,5.340343667194235e-05
16376,-0.00010673097735270794
16377,3.8497493788599955e-05
16378,-1.7679210752248665e-05
16379,-2.106817159801717e-06
16380,0.00010074772583320722
16381,-0.00015179152637720004
16382,2.9147506691515446e-05
16383,2.070260513573861e-06
16384,-3.886956069618391e-06
16385,4.887923849746563e-05
16386,-4.7870609629899236e-05
16387,8.601303752511724e-05
16388,3.010288830846522e-05
16389,-5.211683558300101e-05
16390,0.00015896638091653572
16391,0.00017566156564280237
16392,-4.7357917949557194e-05
16393,0.00011634038854390343
16394,-2.5496674329042164e-05
16395,1.592785641551009e-05
16396,1.1961513943970164e-05
16397,0.00011887698303908048
16398,0.00013208560720085993
16399,3.252986352890717e-05
16400,4.7607630677521126e-05
16401,1.37142715975641e-06
16402,-4.1668434441089604e-05
16403,5.2241240441799056e-05
16404,3.4527634363621294e-05
16405,-5.173912858590455e-05
16406,0.00013637826843187093
16407,-0.00012993130292743402
16408,2.2458498179912576e-05
16409,-1.4398009330034141e-05
16410,6.94988913834091e-05
16411,0.00013101564487442345
16412,-7.085817651823137e-05
16413,-6.590861417353139e-05
16414,0.00012141250986605782
16415,0.00014368323702365103
16416,9.204939901828757e-05
16417,-0.00014124867226928396
16418,5.68591775372623e-05
16419,-6.694789063185419e-05
16420,5.638194857165211e-05
16421,1.217510309070347e-05
16422,3.454533927142612e-05
16423,-3.893057312816366e-05
16424,3.494334239512661e-05
16425,5.5546059273182926e-05
16426,0.00011584541117772482
16427,-0.00010296213235706058
16428,-7.116308705881188e-05
16429,1.5214687120169345e-05
16430,0.00010183573430404048
16431,-1.8404304143041266e-05
16432,-1.7406602390110245e-06
16433,5.0710324198007226e-05
16434,-1.1004865262657388e-05
16435,-2.6990493759512634e-05
16436,-4.9936139769851845e-05
16437,8.718211948871609e-05
16438,9.890748374164094e-06
16439,-1.7860880680382263e-05
16440,4.07353565096852e-06
16441,1.2632536701857966e-05
16442,-4.928470868617227e-06
16443,2.922550821676843e-05
16444,2.065761396661391e-05
16445,3.494602805003507e-05
16446,6.3558520749211195e-06
16447,0.000125733244884759
16448,0.0001168118135072291
16449,1.0060175973921999e-05
16450,-8.021468138322141e-05
16451,1.736281001940364e-05
16452,6.28686544485388e-05
16453,-4.652638975530831e-05
16454,0.00014569412376731557
16455,3.0979991424828745e-05
16456,5.830148421227908e-05
16457,0.0001413000433705748
16458,-1.86891593039035e-05
16459,3.4577472321689014e-05
16460,4.2680028546601374e-05
16461,6.46695153787728e-05
16462,6.492608049884409e-05
16463,4.538756590336514e-05
16464,-6.708579985424851e-05
16465,2.0082659833133077e-05
16466,1.01589925587177e-05
16467,-3.5991887934505756e-05
16468,4.019215889275052e-06
16469,7.260245177894788e-05
16470,0.00015092094931751438
16471,3.1885917484760255e-05
16472,-0.00010839627254754304
16473,-8.558680182322835e-05
16474,-2.3642923682927873e-06
16475,9.303034404292671e-05
16476,-0.00022422762848436732
16477,4.910745443776237e-05
16478,1.6977108642458924e-05
16479,-2.5471882522105935e-05
16480,-0.00026723164683207845
16481,-4.925128258764652e-06
16482,9.686341797932944e-05
16483,0.00010785859404131729
16484,-0.0001616582212969651
16485,-1.662855651229617e-05
16486,-3.7424661219120008e-06
16487,6.048003211617468e-05
16488,0.00014098311122506758
16489,4.8227246943861116e-05
16490,9.041143143549559e-05
16491,2.973716910928495e-05
16492,0.00010361904082819739
16493,3.5291196871548745e-05
16494,3.96662873215972e-05
16495,0.00010506762787699644
16496,7.740916162729269e-05
16497,-5.912473676726211e-05
16498,1.1620132904499723e-05
16499,0.00014417971186339798
16500,4.355929866433132e-05
16501,0.00012460524598136512
16502,-0.00011312196115031781
16503,-3.351217135786987e-05
16504,-5.124786123633386e-06
16505,0.00012742382250726172
16506,3.4854797460138684e-05
16507,8.889790922403303e-05
16508,0.00013686865465715464
16509,4.855529600754382e-05
16510,-2.3454142641276096e-05
16511,5.469112191349269e-06
16512,9.170483518391875e-06
16513,2.8835662826895574e-05
16514,0.00012170393811538814
16515,3.171205287799222e-05
16516,-2.466665431857101e-05
16517,-3.644507732242348e-05
16518,-0.00015696068871766242
16519,4.7474472969770275e-05
16520,-9.109368920326207e-06
16521,-2.3429899010807196e-05
16522,2.8296451456844735e-05
16523,2.7835817821323734e-05
16524,3.367408383637642e-05
16525,1.5057548508048048e-05
16526,6.690915692597621e-05
16527,0.00012504714736715007
16528,-3.101681619882561e-05
16529,0.0001309035494923587
16530,9.421628508716829e-05
16531,-5.030553033575399e-05
16532,-2.6983303762972213e-05
16533,4.160686330869791e-05
16534,-5.0202227849512734e-05
16535,-5.8344710990786335e-05
16536,0.00012776791853830096
16537,-0.00027120333649217963
16538,1.6078220028430216e-05
16539,-7.669557640328988e-05
16540,2.8306674491614023e-05
16541,3.45688284374771e-05
16542,3.354923091828817e-05
16543,-5.963433068245655e-06
16544,2.2879865858703752e-05
16545,-0.0001275410209782418
16546,3.2422931492328437e-05
16547,7.990055661648468e-05
16548,-2.4484100099652862e-05
16549,-0.00013224046286195468
16550,0.00012561818342655856
16551,0.00011981831975281224
16552,0.00010489429058507048
16553,-1.9028599280863955e-05
16554,5.714566428214303e-05
16555,0.00011679479554295536
16556,-4.0987324155866936e-05
16557,4.2052333708852425e-05
16558,8.725912068039164e-05
16559,-4.46279684081673e-05
16560,0.00010339307077229002
16561,4.615973252803084e-05
16562,0.00011210703002288913
16563,0.00012734489738941199
16564,8.710965961217863e-05
16565,8.926520897075507e-05
16566,0.00015079576224088663
16567,-2.2687403112649938e-05
16568,0.00011147515429183803
16569,4.09934125840663e-05
16570,-0.0002177700316533444
16571,-8.026813529431782e-06
16572,-1.7844463232904574e-05
16573,3.8958349730819346e-05
16574,3.013748144730923e-05
16575,4.555719578638634e-05
16576,0.00013055963311344262
16577,0.00014605584573000631
16578,7.257270812988287e-06
16579,4.5419177226722135e-05
16580,-1.2750495504587854e-05
16581,7.579483650624704e-05
16582,5.484817214310139e-05
16583,1.3216612115502266e-05
16584,3.640169426798822e-05
16585,4.429611498489959e-05
16586,0.00015166171882301477
16587,0.00011985135106369808
16588,0.00011664947140961905
16589,1.5412682201713222e-05
16590,0.00012558656316250492
16591,-2.210827730596058e-05
16592,5.4343266412615755e-05
16593,-2.0334285870194398e-05
16594,-2.2016038931906202e-05
16595,0.00013627868471667023
16596,9.743280438706236e-05
16597,0.0001571206962689748
16598,-6.344411335885514e-05
16599,3.7083318643272064e-05
16600,4.037627205252603e-06
16601,6.022466905414988e-06
16602,0.000125775889586657
16603,3.0650525819510105e-05
16604,0.00013446631832048336
16605,8.863845672458361e-05
16606,-1.6227282583713386e-05
16607,3.64658734761177e-05
16608,4.5563641749322395e-05
16609,-1.1296900734305278e-05
16610,4.3982646055519487e-05
16611,3.109669992700218e-05
16612,4.36371571384368e-05
16613,3.198511917144062e-05
16614,-0.00018736365847289556
16615,-8.725746925920207e-05
16616,0.00012025036523118579
16617,2.2197229415178225e-05
16618,-2.0001270435750488e-05
16619,-0.00024544363170862077
16620,0.00014320883769541943
16621,1.6740856785327045e-05
16622,4.9091473594307625e-05
16623,0.00011435053963214114
16624,-0.00021540557388216193
16625,-3.314809538424001e-05
16626,-4.139236258342842e-05
16627,2.8542782180011115e-05
16628,4.142697453498848e-05
16629,-0.0002415053963661197
16630,-4.2413136642426156e-05
16631,1.8650454934686283e-05
16632,9.57118626683936e-07
16633,-3.688400965183968e-05
17834,8.684040978550845e-06
17836,3.0771624296902515e-07
17837,-2.32034862972795e-05
17838,0.00013389395149424643
17839,-4.8059391323476975e-05
17840,7.332282196730385e-05
17841,3.4539627842605062e-06
17842,7.249179296195961e-07
17843,-0.00011785202827304568
17844,-1.586779439821831e-05
17845,-3.5157464444637382e-06
17846,2.1222569886594862e-05
17847,-6.91318800672888e-06
17849,-4.416516786441182e-05
17850,-5.507188336923709e-05
17851,-4.252583682537054e-05
17852,-1.0942278057336706e-05
17853,-6.993768066167837e-05
17854,2.869522282853713e-05
17856,-2.6163150276988583e-05
17857,3.6373792216181414e-06
17858,7.94175002723929e-05
17859,-3.213428948074567e-05
17860,-4.056813027709715e-05
17861,-0.00010077293254435051
17862,-4.9992870632559e-05
17863,-4.2099662963300995e-05
17864,-2.1687171608209597e-05
17865,1.182449366897346e-05
17867,8.388225343078361e-05
17868,-7.559165731072393e-06
17869,-7.69405373372134e-05
17870,2.8943963255733123e-05
17871,0.00010269872378557845
17872,-0.00022070232331752654
17873,-2.3917980771511787e-05
17874,2.7955557964742134e-05
17875,-6.087662372738127e-05
17876,2.8682712186127764e-05
17878,-0.0001497783136554055
17879,-1.1753912176936843e-05
17880,-1.948895398527379e-06
17881,-5.544328326359387e-05
17882,-8.79892008379101e-06
17883,2.8137595485895754e-05
17884,-0.00011218623360618867
17885,-8.858682755380827e-05
17886,-2.2540339920669694e-05
17887,5.909421993419515e-05
17888,-1.62415223196149e-05
17889,6.409634174779073e-05
17890,-7.437570020556486e-06
17891,8.103691972792241e-07
17892,-2.2741966880857907e-05
17893,-9.258849080652039e-06
17894,-1.1298161745071402e-05
17896,-8.128845784813141e-05
17897,1.7679054848849666e-05
17898,-3.5984143428504255e-05
17899,0.00015663297809660395
17900,2.641724152490474e-05
17901,-1.8240963295102056e-05
17902,-1.9138474762439755e-05
17903,-1.3783896248787637e-05
17904,-3.381904028356063e-05
17905,-4.393021948635571e-05
17906,-0.00013424606807529882
17908,5.963274380192135e-05
17909,-0.00011233670506626356
17910,2.0859080180525754e-05
17911,3.511520391330117e-05
17912,0.00011495918361470129
17913,-7.362487725913685e-07
17914,-7.804683931171871e-05
17915,-1.2224866356700715e-05
17916,-2.590665174648154e-05
17917,-4.1471213288605124e-05
17918,-1.2797249667346386e-05
17919,5.058661121875034e-05
17920,1.864372938871363e-06
17921,-3.9507824555039285e-05
17922,-3.3210447058081295e-06
17923,2.7285827603191138e-05
17924,9.245032891631133e-05
17926,3.138637868687495e-05
17927,-0.0001412626295350486
17928,-6.135981073603032e-05
17930,3.616074956953532e-05
17931,5.50673115998503e-05
17932,7.314981520175903e-05
17933,4.932108530774713e-05
17935,1.4011658728122566e-05
17936,-1.8303736113012258e-06
17937,-7.531486265361274e-06
17938,-8.228719625622051e-05
17939,-0.00015038435570895636
17940,-1.3435432687401693e-05
17941,-2.2942611575126457e-05
17942,2.7154091745614972e-05
17943,-0.00027687081992626124
17944,2.0945360604673553e-05
17945,-2.955953497439687e-06
17946,-0.00010844484046101538
17947,-0.00012892987374216235
17949,-2.076066099107286e-06
17950,-5.494788829237212e-05
17951,-7.679259218275485e-06
17952,4.174811430275433e-05
17953,-0.00012672132086008776
17954,-8.292176304385018e-05
17955,3.269839845597741e-05
17957,-5.9461836330592486e-05
17959,-2.6371159497648398e-05
17961,-7.603056728839831e-06
17962,-4.426067899912594e-05
17963,5.462035108357615e-05
17964,3.424410447478285e-05
17965,-0.00010432868525385817
17966,-4.675781074911384e-06
17967,0.0001369075609371066
17968,-0.0001963898323476315
17969,-9.253156092017784e-06
17970,-1.0504886321723457e-05
17971,-2.0901444740593418e-05
17973,2.8086511418223394e-06
17974,6.111242342740302e-06
17975,-2.4563109315931844e-05
17976,-4.3584208842366965e-05
17977,-3.024004958569968e-06
17978,-2.2033669054508143e-06
17979,8.004455082118506e-06
17980,4.239942841231799e-05
17981,-5.808160016313148e-05
17982,-3.0591657757758984e-05
17983,1.240519247949124e-05
17984,-1.7633281648158997e-05
17985,-2.967860065400584e-05
17986,3.785981563851201e-05
17987,-6.5155064687133e-06
17988,-3.1239206343889204e-05
17989,-4.4698871765285676e-05
17990,-8.933622092008606e-05
17991,9.092846987768996e-05
17992,-7.788832485675764e-06
17993,0.00012977295517921456
17996,-2.8969880193471796e-05
17997,2.08746764808894e-05
17998,0.00010595356114208669
18000,6.978392377495737e-05
18001,-2.7894074842333768e-05
18002,-0.0002276064881123597
18004,-1.1910893954336527e-05
18005,-0.00015638193134218377
18006,1.2038098089396864e-05
18008,-1.812018621712921e-05
18011,-1.1026077903806868e-06
18012,2.9941869899630483e-06
18013,-6.942804725840642e-05
18014,3.6098730005323706e-05
18015,0.00014343251744285216
18016,9.229589980095577e-05
18017,-1.0946999862789987e-05
18018,-4.9756243824958726e-06
18019,0.00013826758982613587
18020,2.067186981439589e-05
18021,6.871071737259641e-06
18022,1.9506204314529873e-05
18023,-8.541530603542918e-05
18025,4.7865563537925224e-05
18026,-1.7901218496262466e-06
18028,0.00013673026626929633
18029,-2.072810931131237e-05
18030,4.549967832863311e-05
18031,4.4538978487253334e-06
18032,3.2745535485446247e-05
18033,-4.451090628281225e-05
18034,7.764672609046127e-05
18035,-2.6512816268950716e-05
18036,-2.7337793633341736e-05
18037,3.0595869757235074e-06
18038,-0.00014644727706909156
18039,-2.028217790648335e-05
18040,-5.1090108230709844e-06
18041,-0.00012732672365382258
18042,-2.0078205596655586e-05
18043,-3.854746967554079e-05
18044,0.00015434972820803475
18045,6.74757210537789e-05
18046,-3.574923537671557e-05
18047,3.1135396286845135e-05
18048,0.00011491207014769284
18049,-7.543799653649298e-06
18050,2.02714325860142e-06
18051,-6.207656599581241e-05
18052,2.1533951163291567e-06
18053,0.00010884472075849702
18054,-0.00014275283543392934
18055,-2.9564006999135013e-05
18056,6.369970254600023e-05
18057,6.781878843903505e-05
18058,8.033519238233475e-06
18060,-2.4300228804349932e-05
18061,-3.452299879863841e-05
18062,7.405701093375664e-06
18064,2.971852198243892e-07
18065,-6.603469178080538e-05
18066,0.00014829970598220793
18067,-1.5812704898417045e-05
18068,7.474804874509575e-05
18070,-9.630882460623983e-05
18071,-3.5030334629118436e-05
18072,-2.4175220914184865e-05
18073,7.48687507584689e-06
18074,6.817723065614654e-06
18075,2.388645829632876e-05
18076,-0.00017330280626192578
18077,3.256920278072356e-05
18078,-3.4207401797175427e-06
18079,0.00014679001979529856
18080,-0.00021956681516021378
18081,4.7615781426429644e-05
18082,-8.962353505194247e-06
18083,-1.0633516125380942e-05
18084,-1.8276773951947638e-05
18086,-3.4334403462707397e-06
18087,2.5896739773452217e-05
18088,2.101081050932432e-06
18089,-0.0001638301566243171
18090,1.6307738795876427e-05
18091,-2.4184072483330896e-05
18092,8.632226660847624e-06
18093,-4.1681401338427874e-05
18094,1.4358065649866838e-05
18095,-4.7954835463314757e-05
18096,5.114532075822199e-07
18097,2.0710473880171743e-05
18098,0.00018629029691219343
18099,6.463654339313557e-06
18100,9.056652802973864e-06
18102,-1.2640970293432461e-05
18103,-0.00011876602871343469
18105,3.3974892459809623e-06
18106,0.00011356873763725134
18107,-5.108654545620065e-05
18108,-6.223842240869978e-05
18109,-1.0223065037280302e-05
18110,1.9304048735648357e-05
18112,6.074339151382455e-06
18114,7.507392857223722e-06
18115,-0.00019126447848975586
18116,2.152484003454435e-05
18117,1.1254744324833096e-05
18118,-0.00019621730875223824
18119,1.5336897596716867e-05
18120,2.9221892543136916e-05
18121,-9.385846871882696e-05
18123,-3.504735175520176e-05
18124,-3.5916418582200815e-05
18126,-2.763573070988061e-05
18127,-0.00018240225827321346
18128,2.6007534936069964e-06
18129,-3.090030048042532e-05
18130,-1.1341367475688422e-05
18131,1.223016204312443e-05
18132,0.00012131387284025523
18133,-1.504058903083196e-05
18134,-6.316544190049155e-05
18135,-5.389338070526721e-05
18136,-4.699443653225905e-06
18137,2.1483192034065682e-05
18138,-9.416777873411735e-05
18140,4.183414783328749e-05
18141,-1.5084664896130592e-05
18142,5.305838054046e-05
18143,-2.6881716772913886e-05
18144,1.2273772619664597e-05
18146,2.8782447893172434e-05
18147,5.9984105639159335e-06
18148,1.6965822875499705e-05
18149,-3.507022066041827e-05
18150,4.036280978471025e-06
18151,-4.1303930245339764e-05
18152,3.2133500743657346e-05
18153,6.104737902060124e-05
18154,-2.7346814796328388e-05
18156,1.8673184048384354e-05
18159,0.00010153928054496632
18160,0.000132043489255011
18161,-0.00011438086619600628
18162,2.7720922604202992e-05
18163,-8.340817783027861e-06
18164,1.0544011369347529e-06
18165,4.327152948826539e-06
18166,-3.7695895880461675e-07
18167,-3.0296752415597325e-05
18168,4.222659207880491e-06
18169,-4.8036106675863054e-05
18170,7.012175992131236e-05
18171,9.91051085293282e-08
18172,6.510384473949656e-05
18173,-3.090962227433906e-05
18174,5.879464847967006e-05
18175,-0.00012174480287358178
18177,3.984176181256769e-06
18178,-0.00015903641413897305
18179,-2.7182610426098037e-05
18180,-4.644443653523904e-06
18181,2.376270852983014e-06
18182,-7.043909281495545e-08
18183,-2.2777120862155976e-05
18184,-6.996235623955694e-06
18185,-1.722297566011541e-05
18186,-5.123600270599097e-05
18187,5.561131658032505e-05
18189,5.755434855818729e-05
18190,-1.5483981743454964e-05
18191,7.845830917358387e-06
18192,-4.033603798598021e-06
18193,-1.2689977325499064e-05
18194,-8.721733521670048e-05
18195,-9.344770135357963e-05
18196,-7.270668745040868e-05
18197,-2.986624930053957e-06
18198,4.480926506221286e-05
18200,4.038187228143208e-05
18201,0.00014264766313135544
18202,5.367554984986771e-05
18203,-4.739289544522685e-06
18205,5.4716725833713773e-05
18206,-1.8130317237228156e-05
18207,-4.4639521278440624e-05
18208,8.799052052199702e-06
18209,0.00011153893731534405
18210,2.1733177546411716e-05
18211,-0.00020474446658045014
18212,-8.956595510244341e-06
18213,4.568374473601559e-05
18215,-3.643907653167831e-05
18217,3.4719929099082325e-07
18218,-2.0719945803284533e-05
18219,-0.00010573940435424418
18220,4.447144195437414e-05
18221,-2.2307555470615466e-05
18222,8.829815937206124e-05
18223,-0.00016273545157164255
18225,2.033435394987459e-05
18226,2.9800008516758593e-05
18227,1.3445274159312195e-05
18228,-1.8867455516010403e-05
18229,0.00011545407529920255
18230,-7.730098441243104e-07
18231,5.299786087125538e-05
18232,2.1291130129247855e-05
18233,-0.00010272565549239488
18234,3.843249287456279e-05
18235,5.187971796840428e-06
18236,2.5996810849756086e-05
18237,0.00010532102826982718
18238,-2.0726848952472087e-05
18239,-2.015354577451936e-05
18240,-2.7167266979813514e-05
18241,6.516728736460187e-06
18242,-2.3210858926176224e-07
18243,7.517091603949644e-05
18244,-1.3684202078729882e-05
18245,-2.55738319829106e-05
18246,3.798791393637649e-05
18247,-7.061628224328086e-05
18248,-3.168929126113636e-05
18249,-3.081245189532621e-05
18250,7.069296669214973e-05
18251,-3.856631256639959e-05
18252,-0.00021402000216767022
18253,-5.939743481576513e-07
18254,1.670021191239345e-06
18255,-0.00012118403147906051
18256,5.091446153819527e-05
18257,-9.79395342990752e-05
18258,-2.307249549776307e-05
18259,-2.8761489968746617e-05
18260,-6.782169807702284e-05
18261,4.357174830511191e-05
18262,-3.754994142800554e-05
18263,-2.5526133365928045e-06
18264,0.0001193708227016029
18265,4.748185472562901e-05
18266,4.8062855005264215e-05
18267,-2.704956317320467e-05
18268,-1.4485338423401085e-05
18269,-6.71533411368726e-06
18271,3.128907885402432e-05
18272,-0.00011533117536455347
18273,-1.914178952574726e-06
18275,3.0409422796219526e-05
18276,1.6805765684694e-05
18277,-2.6077453978359426e-05
18278,-4.675255715846979e-06
18279,4.716390324756478e-05
18280,-7.487216033041329e-07
18281,7.333981841802584e-05
18282,2.755326805636279e-05
18283,3.046012641862035e-05
18284,-9.565203031524954e-05
18285,-0.00013028058987110775
18286,4.899079147726258e-05
18287,0.00016009540203958762
18288,-7.166729494929325e-05
18289,2.3967088572680978e-05
18290,-9.003430791199191e-06
18291,3.85367962531745e-05
18292,1.2841551937162848e-05
18293,-3.849992277100685e-05
18294,-2.61796111240982e-05
18295,-1.2195648439228432e-05
18296,-6.894637830554937e-07
18297,6.605695318430637e-05
18298,5.745738185942138e-06
18300,9.008116861805277e-05
18301,-4.855031892657267e-06
18302,-8.899038564413772e-06
18303,2.567022405564763e-05
18304,-6.19566952809688e-05
18305,-4.91708517074414e-08
18306,-0.00015429180972278083
18307,2.7105550002306627e-05
18308,-4.770031124353409e-05
18309,9.475395884364792e-05
18310,-0.0001853158056735995
18311,0.00016516706347465427
18312,0.00015578097729012345
18314,0.0001389062921516589
18317,2.6971278712153445e-06
18318,1.4919282495975406e-05
18319,7.188806431367953e-05
18320,-4.0205140411853686e-05
18321,-8.761368039995298e-06
18322,7.415589876472746e-07
18324,6.693086847662903e-05
18325,-2.0008670166134655e-05
18326,-8.885865025222284e-05
18327,2.56515443325039e-06
18329,-3.979381471872337e-05
18330,-2.6770008914172656e-05
18331,-2.9103548917919266e-05
18332,4.720916487276542e-05
18333,6.166921090334603e-06
18334,2.6467541232705126e-06
18335,1.0393776744604012e-05
18336,3.7691840343177276e-05
18337,2.6619870588183328e-05
18338,3.593023838475338e-05
18339,7.771738823503219e-05
18340,-1.2360576726496152e-05
18341,3.219574633985771e-05
18342,-1.8548330664634657e-05
18343,-4.161424217745622e-05
18344,-7.472813967615361e-06
18345,3.740051016211506e-05
18346,-3.170142145827416e-05
18347,-1.1997640971094297e-05
18348,-5.8281654492020326e-05
18349,5.084983725100751e-06
18350,2.773403469473114e-05
18352,2.950759604573064e-07
18353,1.899460516870022e-05
18354,-4.642338063567853e-05
18355,-3.0416990350931638e-05
18356,-1.1962157115340218e-05
18357,-1.9641798548400403e-05
18358,-1.067023081704977e-05
18361,-5.54427183233199e-05
18362,7.653628531843377e-05
18363,0.00010634050555527161
18364,-4.446078110486272e-05
18365,-1.5855293627828262e-05
18366,-1.8648333102464582e-05
18367,6.8782059475779155e-06
18368,-1.8759228289127497e-06
18369,5.546877309679972e-05
18370,4.489948228001561e-06
18371,1.4585563167929613e-05
18373,-8.028162736445646e-05
18374,-5.101015428081138e-05
18375,-5.552459033206107e-05
18376,-8.274692744016619e-05
18377,8.975797472521606e-05
18378,2.7065681852400153e-05
18379,-3.1237802468240084e-05
18380,1.3613521587103603e-05
18381,-6.20949873700734e-05
18383,-2.126688975840801e-05
18384,-2.395874755457045e-05
18386,9.360936786979413e-05
18387,-1.294611366465688e-05
18388,7.802735213190323e-05
18389,-1.0034836828708978e-06
18390,-2.231503333896391e-05
18391,1.5159470960497788e-06
18392,-2.4755202233791167e-06
18393,-0.00014418175639584524
18394,-1.779346019029609e-05
18395,0.0001221850717440251
18396,0.0001468745836056764
18398,4.293873524293302e-05
18399,0.00015040830802172357
18401,-2.854000590741621e-06
18402,-0.00016925755124539107
18403,-0.00014980741795152307
18404,-8.37541678920384e-06
18405,-1.5169713459908855e-05
18406,3.232028745114797e-05
18407,8.991026123985649e-05
18408,-0.00014166874559596142
18409,-8.783360570669175e-06
18411,-1.4738284703344045e-05
18412,7.867660280317047e-05
18413,0.00013904524547979187
18414,-8.95794201642275e-06
18415,-0.00024036156544461737
18416,1.9306501559913052e-05
18417,4.051529522985212e-05
18418,-7.834727969020591e-06
18419,6.837840341031534e-05
18421,-2.233320642262686e-05
18422,0.00010232731625437696
18423,6.908972747624332e-07
18424,-1.794216558337213e-05
18426,-1.4828101359307743e-05
18427,-4.0867388248443405e-05
18428,-2.5376646127551676e-05
18429,-2.920553274452677e-05
18430,1.1685788165777856e-05
18432,-5.554892402142268e-06
18433,5.39254195056854e-05
18434,-2.0057504251599217e-05
18435,1.4831645414233262e-06
18436,-1.2790518812835206e-05
18438,6.643495708703973e-05
18441,-3.516384465619905e-05
18442,7.545692650601216e-05
18444,-7.896440830081685e-05
18445,-0.00010311454329639616
18446,-7.660818761214562e-05
18448,3.4184611029922775e-05
18449,-3.100435398519022e-05
18450,2.8892529848962875e-05
18451,6.595436669886056e-06
18453,-4.109995998442193e-06
18454,7.57921138778326e-05
18455,-2.711955830454818e-06
18456,-0.00017337331557646293
18458,2.8159329108893728e-05
18459,3.055496215820299e-05
18460,-2.4185071140527645e-05
18461,-1.358336769044469e-06
18463,-3.508022828027594e-05
18464,-1.7067818995565106e-05
18465,0.00014715795796364542
18466,7.915214635431582e-07
18467,5.487616378813971e-05
18468,-2.2136591933667592e-05
18471,4.243217110633868e-05
18472,-2.4346068874001385e-05
18473,0.00010266889482736538
18474,5.156845953315479e-05
18475,-0.00021415163138881289
18476,3.045651465654369e-05
18477,0.00015186148146167333
18478,-6.867275852709988e-06
18479,4.864509897306553e-05
18480,-4.688032902777199e-06
18481,-4.35048543848096e-05
18482,9.426347184926272e-05
18484,-4.1291756462305713e-05
18485,-0.00012882998269051282
18488,-2.6350358873605736e-05
18489,3.80763393826783e-05
18490,-1.1687741614878081e-05
18491,-5.1819710992276684e-05
18492,-9.302549622952888e-06
18494,0.00013324272437021076
18495,-1.7977735586464364e-05
18496,-4.201048836112013e-05
18497,-1.1300490796565929e-05
18498,-1.0421918705105748e-05
18499,7.728621913120146e-05
18500,6.689347699284514e-06
18501,-7.921390021219837e-05
18502,1.8907291721552565e-05
18503,1.6317781992257154e-06
18504,-1.7378534749150158e-05
18505,2.9631303623317667e-07
18506,-2.2620342485606644e-05
18507,0.00014714029654860504
18508,-6.451893970370302e-05
18509,-1.8416549451649158e-05
18510,5.496763158589587e-06
18511,-7.812396809458699e-06
18512,-1.1935695912688917e-05
18513,2.9161929618567106e-05
18514,-1.2543789204209994e-05
18515,0.0001758355500176541
18516,2.029960416257375e-06
18517,-1.94930158555507e-05
18518,-0.00010370757915079563
18519,-9.718227572739078e-06
18520,5.685262475162593e-06
18521,2.0623327977955157e-05
18522,2.2480091080069706e-06
18523,2.4837938137352354e-05
18524,-2.037077341228713e-05
18525,4.5042555779218254e-05
18526,-7.760434783995103e-06
18527,-2.408839352428904e-05
18528,5.5866687465458804e-05
18529,-0.00012159442491829372
18530,-8.168632630258808e-06
18531,4.385704100131965e-05
18533,-4.711530953645689e-05
18534,4.933383464813214e-05
18535,-2.1922008413821558e-05
18536,0.00013277839859947524
18537,-2.2649101819843094e-05
18538,-8.105971477925775e-06
18539,-3.999410206451952e-05
18540,-1.788912788033478e-05
18541,3.3804031647741756e-05
18542,-0.00014606176540255488
18544,-4.795398563146708e-07
18545,-9.567317422479373e-05
18546,-0.00012072607316076722
18547,4.1614043526351496e-06
18548,1.0562467388808637e-05
18549,2.760618347674605e-05
18550,4.122334290295827e-05
18551,-1.7701147682964848e-05
18552,-8.358690282329928e-05
18553,-2.4268008116632724e-05
18554,-2.276000017300245e-05
18556,6.138431495055544e-05
18557,-1.3702257908880662e-05
18558,4.938696511089801e-05
18559,8.266133610159145e-05
18560,8.369375327601967e-05
18561,4.3635995686054105e-05
18562,3.376913098618381e-05
18563,-2.8176834806799828e-05
18564,7.21601128578184e-05
18565,-2.86689875647425e-05
18566,7.586255948990559e-05
18567,-0.00013651999570429239
18569,1.3563231378793663e-05
18570,9.984197691082938e-05
18571,-2.252374915406104e-05
18572,-5.90336667373773e-05
18573,6.223081387579458e-05
18574,-2.533587329089624e-05
18575,-2.9206055868417068e-05
18576,-4.741408675909042e-06
18577,-0.00020324738100170947
18578,-0.00019902126574888787
18579,2.9645790625363547e-05
18580,3.6540772393345754e-05
18581,1.287768613547083e-05
18582,1.8267014622688216e-05
18583,-1.132788136601444e-06
18584,5.9981502406299025e-05
18586,-1.8827010784298128e-05
18587,-1.0290485247969618e-05
18588,8.978090640157417e-05
18590,0.00011412522234022557
18591,8.266959143802474e-05
18592,-1.9542548991739533e-05
18593,-0.00011434440165758081
18594,-8.595900423824734e-06
18595,-1.913925372064107e-05
18596,5.6607254035770774e-05
18597,-2.6954745873808786e-06
18598,2.973452303558568e-05
18599,2.4283377826213744e-05
18600,-0.00020435096789151415
18601,6.573964282870229e-06
18602,-5.444705765694331e-06
18603,-7.913180161267553e-06
18604,5.1833008974790444e-05
18605,5.8045383356511666e-05
18606,-1.8602503184229163e-05
18607,-0.00013482195688411483
18608,-1.9614503625780276e-05
18609,-5.1806514151394343e-05
18610,-5.047063119709475e-05
18611,-1.3579055294394431e-05
18612,-1.155274165794248e-05
18613,-5.106137134134908e-07
18614,-1.0396207682788356e-05
18615,-7.343417033553097e-07
18616,7.364065069705251e-05
18617,5.711373388767236e-05
18618,1.3599085342139017e-05
18619,-4.761398769914935e-06
18620,2.106394572183492e-05
18621,-5.85677381604916e-07
18622,4.476133678108435e-05
18624,2.0320488139986765e-06
18626,-9.160482119768833e-05
18627,-2.2994056344034555e-07
18628,2.8717873152345412e-05
18629,-1.174108041450377e-05
18630,-0.00022399689871817756
18631,8.767802333459281e-05
18632,9.038158226758128e-06
18633,-0.00012910662461072117
18634,-4.064536355435842e-05
18635,-2.334467759355904e-05
18636,0.00011218544952571344
18637,3.921939479187112e-05
18638,-0.00018281736820936187
18639,8.54873363859947e-05
18640,-3.830155078321657e-06
18641,-2.8299073502421317e-05
18642,-4.271073080599334e-06
18643,-4.3242554180323834e-05
18644,-4.5546261779964073e-05
18645,-1.4530137181282225e-06
18646,-6.708270311355553e-06
18647,-1.7647901549935293e-06
18648,2.313736239448184e-05
18649,9.557119663804766e-06
18650,3.758462751284226e-05
18651,5.033350046724046e-05
18652,7.116550114005808e-05
18653,3.905829843133683e-05
18654,-5.067479889839754e-06
18655,0.00011057085376232824
18656,7.696622293442507e-05
18657,9.855134524404968e-05
18658,6.085050944238856e-06
18659,-6.534029915928844e-06
18660,9.60076872259376e-05
18661,2.8101027384400358e-05
18662,3.567481860518446e-05
18663,-0.0001580810882151118
18664,-0.0002197505798190832
18666,-9.680543094873412e-06
18667,6.678380798548425e-05
18668,3.3254131022840523e-05
18669,1.173689309507596e-06
18670,-1.1868785321712468e-05
18671,9.860464110970449e-05
18672,7.058353163301552e-07
18674,0.00011888486072421084
18675,-8.752993559464784e-05
18676,0.00010518784970045055
18677,-1.0380317643284755e-05
18678,-9.141973722726104e-05
18680,-6.0852559283375174e-06
18681,4.860663302242748e-05
18682,5.179581604897969e-05
18683,-9.887485904619045e-05
18684,-6.878576334565861e-06
18685,2.4666856601834262e-05
18686,2.634113319218154e-05
18688,-1.5638660266995346e-05
18689,-2.301361411809924e-05
18690,-3.2476176414638755e-05
18691,5.278036016970857e-05
18693,-1.759770978242151e-05
18694,5.8319091983139186e-05
18695,-1.3356102630495964e-05
18696,4.72355363890527e-05
18697,2.5264155678450963e-05
18698,-9.514697091653895e-05
18700,-1.0417860001325635e-05
18701,8.583824103698127e-05
18702,5.857344092801197e-05
18703,-0.00013494016043841823
18704,-6.186431646347004e-06
18705,6.645516846328976e-05
18706,3.0023266933858163e-05
18707,5.478268144652227e-05
18708,0.00011708447337150517
18709,0.00016619908893480894
18710,-1.7730079032480634e-05
18711,-6.897851359099223e-06
18712,-1.7667665518820224e-05
18713,9.645852623507407e-05
18714,-4.4609017763286616e-05
18715,-0.0001263012755662202
18716,0.0001660117502324266
18717,-0.000280652661900966
18718,-3.03229784592985e-05
18719,-2.288518371060478e-05
18720,-0.0001160476538352666
18721,0.00010987020619213507
18722,-8.633133955299836e-05
18723,-5.616231914609691e-06
18724,8.886160003021374e-05
18725,1.7108156625181327e-05
18726,-0.00018509543538093416
18727,-0.00010930402930825925
18729,-2.1454231720417653e-05
18730,5.954564549028805e-06
18731,-2.5448735151439843e-05
18732,-1.2487359158694773e-05
18733,0.00015644712960347407
18734,-5.0028069317340865e-05
18736,-1.688002534210678e-05
18737,-1.1933886259794134e-05
18738,-1.3163026422262143e-05
18739,-1.6527891904115694e-05
18740,5.120466062799072e-05
18741,0.0001098721555434161
18742,-2.4704916216432993e-05
18743,-6.15101724863049e-05
18744,-9.892519507557099e-05
18745,7.264604046940805e-06
18747,-1.4764961041510054e-05
18748,-2.928564324974958e-06
18749,-0.0001884939434006804
18750,-1.7242427542805675e-05
18751,-0.00017269390299916315
18752,-1.256684325635429e-05
18753,-1.562144234776504e-05
18754,3.70814176276322e-06
18756,4.556082040071492e-05
18757,2.039766740053887e-05
18758,-6.900665257125948e-06
18759,5.461812298744933e-05
18760,1.4147724211215947e-05
18761,2.8914506454020548e-05
18762,3.3176190219819578e-06
18763,-5.676352595910427e-05
18764,-5.062875896692268e-06
18765,1.2028322461992449e-05
18766,-4.058592300862068e-06
18767,-1.6090899892151254e-05
18768,-8.071064073592386e-05
18769,-4.39861200749872e-05
18770,2.208616808056822e-05
18771,5.2329061832278806e-05
18772,1.3179905898869101e-05
18773,-0.00010998153015971141
18774,-1.602188684046254e-05
18775,7.142708478495402e-05
18776,6.645369138568619e-05
18777,-3.9056792017072376e-05
18778,5.786676462739672e-05
18779,1.4905412402003886e-05
18780,-0.00018749369066208568
18781,-1.8684764299541664e-05
18782,-5.084112267941206e-05
18783,-1.876059053465717e-05
18784,1.0783672891557275e-05
18785,-3.1662974134087545e-05
18786,6.673447322100409e-05
18787,-1.8281725980341354e-05
18788,6.512250639498164e-05
18789,-0.0001245698751881711
18790,-0.00020519534107297594
18791,5.96614315174519e-05
18792,-0.00029511257568374144
18793,6.974294874817091e-05
18794,-1.690867524594057e-05
18795,-0.00013311065621674035
18796,-1.9527351018041275e-05
18797,-2.9834413528442208e-05
18798,2.4266530666500147e-05
18799,2.9336049407720423e-05
18800,-7.549512665718796e-06
18801,-4.0634442120788223e-07
18802,-9.318341780453861e-06
18803,-2.486576698720458e-06
18804,-7.765869889408358e-05
18805,0.00015126473950222095
18806,1.0300673078745543e-05
18807,-1.1070269159972674e-06
18808,-6.787643190473337e-05
18809,7.634049598127553e-05
18810,3.154991008341304e-05
18811,-2.569073671475055e-05
18812,-1.0907804314047035e-05
18813,9.677491737529615e-05
18814,-0.00011943999761715472
18815,-8.330071065574839e-06
18816,0.00013670202083885532
18817,-0.00012409799611195848
18818,-9.810207253321957e-05
18819,5.283769238740172e-05
18820,-1.2118037790059988e-05
18821,5.472766784951095e-05
18822,-2.958431048318743e-05
18823,2.927980106323966e-06
18824,-6.391008310019943e-05
18825,3.5980865079909275e-05
18826,0.0001331546177156261
18827,9.710510354489094e-06
18829,-1.3190236315131174e-05
18830,-3.234584350138907e-05
18831,2.3717010952532274e-05
18832,0.00011950636999681535
18833,1.977879069745517e-05
18834,0.0001223627185449004
18835,6.314965356141308e-05
18836,4.89751994609832e-06
18837,0.000110024966765195
18839,8.223310522735092e-05
18840,-2.6407569926232e-05
18841,2.651607673615182e-05
18842,6.429458493366814e-05
18843,1.4828245621174571e-05
18844,-7.101139985024923e-06
18845,1.6350932419299697e-06
18847,-6.608529668301363e-06
18848,-0.00013131413329392594
18849,1.422727052122346e-05
18851,4.986371602863071e-05
18852,-0.00013321273531764728
18853,6.363328956067561e-05
18854,7.135115563869283e-07
18855,9.242220316082163e-06
18856,-2.097830232232792e-05
18857,8.309235787019101e-05
18858,3.923621866852012e-05
18859,-1.7312088236212637e-05
18860,-0.00022645653150975666
18861,-1.6136432997882465e-06
18862,9.99608573503789e-05
18863,-4.3106533586978345e-06
18864,5.665838681161396e-05
18865,1.7153996601700697e-05
18868,9.137043030932489e-05
18870,-8.280647918581936e-06
18871,-9.669993445277192e-06
18872,2.0293586701154694e-05
18873,-2.2562546841800176e-05
18874,0.00010155710410326694
18875,4.247649852186428e-05
18876,-1.4646895229816366e-05
18877,-9.220280125737171e-06
18878,-0.00016948174294084274
18879,0.00014882125835865705
18880,1.3686617277562616e-05
18881,-3.155433814972621e-05
18882,0.00010843293080106321
18883,-1.3558557257056138e-06
18884,-0.00011088561369106122
18885,-2.7630389109253656e-05
18886,2.595939869061106e-05
18887,4.330189619213328e-06
18888,5.782582517713306e-06
18889,7.472895523533188e-05
18890,4.9597960710525245e-05
18891,-2.369828764349204e-05
18892,-5.514044687151925e-06
18894,-2.439414393156756e-05
18895,-0.00011756025413051208
18896,-1.90137227997184e-05
18897,0.00012549627358093837
18898,-0.00017315853545442193
18899,-3.1950822100043476e-06
18900,-2.955515114590512e-05
18901,4.4706780649721266e-05
18902,-2.40813624113797e-06
18903,-3.7576507963240075e-05
18904,-1.6457733232527888e-05
18905,-4.874869249761093e-05
18906,-1.0532593540847212e-05
18907,4.290991788730026e-05
18908,-0.00016281122993677793
18909,-2.130592614412294e-06
18910,1.2641643267124871e-05
18911,8.188611548393879e-06
18912,3.297345619648688e-05
18913,1.1493767052888845e-05
18914,1.762084523215885e-05
18915,0.00010700139887630921
18916,1.890605688095079e-06
18917,-0.00014418701883405432
18919,-6.723915487527832e-05
18920,-3.5322707146406067e-06
18921,2.167718894779676e-05
18922,-2.017851509153841e-05
18923,2.6854660920798807e-05
18924,-3.370146993547675e-05
18925,-6.825535465031853e-06
18926,3.106495775282375e-05
18927,-2.3506548628211026e-05
18928,-3.580429125577185e-06
18929,6.718775816261771e-06
18930,1.0052586626261427e-05
18931,-2.1874362602830088e-06
18932,-4.066345840692518e-06
18933,-1.0966127272695261e-05
18934,1.585378777235746e-05
18935,-3.890057401731621e-05
18936,-4.096551612019481e-06
18937,-1.6532232798635926e-05
18938,3.397635435685497e-05
18939,-4.687506183981878e-05
18940,-8.304151799529795e-06
18941,4.313800735399118e-05
18942,0.0001267046031542119
18943,7.962937485426645e-05
18944,-1.8631140701472743e-06
18945,9.619602384045713e-05
18946,0.00011536925612017429
18947,6.024570278823362e-05
18949,-4.54273782670486e-06
18950,-2.9321014508604824e-05
18951,-2.605309467762698e-05
18952,-7.013134369626635e-05
18954,3.0230339989065974e-05
18955,-7.417041342705434e-06
18956,-4.6738117933273084e-05
18957,8.659917861223193e-06
18958,-4.484433308243748e-06
18959,3.475306443870045e-05
18960,6.546576190739888e-05
18961,-7.5754726305603425e-06
18962,2.015393711626536e-05
18963,7.367670359089933e-05
18964,5.1498194597661424e-05
18965,4.4281907845288554e-05
18967,-0.00023385192286223138
18968,-0.0001419164813123644
18969,3.885353868827195e-05
18970,1.9925005547702278e-05
18971,-4.627928109839548e-05
18972,-2.0678672753274358e-05
18973,-7.734631113707989e-05
18974,8.014365341514298e-05
18976,-2.3955464549362638e-05
18977,2.0712012052535952e-05
18978,9.205824211239828e-05
18979,2.8792438097297925e-06
18980,-3.6649226583540356e-05
18981,-4.2440198361873436e-05
18982,1.4110053889452991e-06
18983,6.740625789388967e-05
18984,7.090354710817311e-06
18985,3.125692773610323e-05
18986,0.00010337863415479652
18987,2.022123150527483e-06
18988,3.676475137472144e-05
18989,-0.0001386061673983922
18990,-2.2039847727864943e-05
18991,0.00014076214358210622
18993,7.583368569612298e-06
18994,-4.747899444773769e-05
18995,1.47652638144791e-05
18996,-7.356107290834163e-05
18997,-3.472670949995495e-05
18998,-6.11661914736029e-05
18999,0.00010795817747712094
19000,4.30172494612634e-05
19001,-3.737422451376909e-06
19002,4.423761088401053e-06
19003,5.3194415383040755e-05
19004,-1.9318105746060556e-05
19005,-6.951820477843316e-06
19006,2.832413697615264e-05
19007,-3.695318903774006e-05
19008,-9.692003419622724e-05
19009,-6.681074108928462e-06
19010,-1.7207076121121535e-05
19011,-3.0738959088921464e-05
19012,2.4189152009785068e-05
19013,-9.914576541632366e-06
19015,-7.041452387347804e-05
19017,3.6718807928264116e-05
19018,-2.3169612511992364e-05
19020,1.1989331804215862e-05
19022,-6.538069806993039e-06
19023,-4.438488371670239e-06
19024,-3.247235836461178e-05
19025,-0.00010887972228229006
19026,0.00011556186843663361
19027,-5.318951979279511e-05
19028,-1.9924404285848015e-05
19029,9.53940248116851e-05
19030,7.224654536694263e-05
19031,4.262633081525556e-05
19032,-3.49444014951586e-05
19033,-6.766325179487432e-05
19034,5.179364494979369e-05
19035,-6.553123518824536e-06
19036,-3.117164000868788e-05
19037,1.1303222551941853e-05
19038,3.597718477249137e-06
19039,0.00011772194718941987
19041,-1.8355762772261945e-05
19042,-2.908949740231021e-06
19044,6.712471805512903e-05
19046,-3.5330867860466064e-05
19047,-7.874949043616628e-05
19048,-4.461557390168294e-05
19049,5.7010479550808444e-05
19050,3.0197448842227365e-05
19051,1.854246482253068e-05
19052,5.917048854753358e-05
19054,0.00011847168384119824
19055,-6.8893007002770906e-06
19056,-1.2477786932140618e-05
19057,0.00010909078251570425
19058,-1.865711994469166e-06
19059,0.00012431100942194437
19060,2.7633034996688227e-05
19061,0.00013388631809502832
19062,-1.806652853265393e-05
19063,3.327778251841651e-05
19064,-5.450042150914653e-06
19065,9.806788712739913e-06
19068,0.0001769210845232005
19069,1.4217517152428531e-05
19070,-1.260415744036435e-05
19071,1.6492143273353338e-06
19072,6.242993660271121e-05
19073,1.3131380081176791e-05
19076,4.7166822478170993e-07
19077,-2.396895345300423e-05
19078,2.9960449784994086e-06
19079,-1.5367932617664367e-05
19080,-6.561166979372457e-05
19081,-9.205665346235023e-05
19082,4.744245642796135e-05
19083,3.4132369421422426e-05
19084,-4.1412495356053074e-05
19085,-6.74781836569307e-05
19086,-0.00012976303799077814
19087,8.40133402496573e-05
19089,-6.368016712367505e-05
19090,-1.066127829253671e-05
19091,-9.182622656226086e-07
19092,-3.160349633544668e-05
19093,-7.430276405066298e-05
19094,1.4472178276628252e-05
19095,-1.1375726293772447e-05
19096,1.4051294699311139e-05
19097,-2.206439375877379e-05
19098,4.397172089666117e-05
19099,8.523664083331795e-05
19100,6.587703507393584e-05
19101,-2.4234556034207256e-05
19102,1.5400196611881237e-05
19103,3.4783191792666806e-05
19104,0.00011532136425375933
19105,-2.3177412338554874e-06
19106,9.272365896031192e-05
19107,-5.131787434220301e-06
19108,2.300369553267939e-05
19109,2.5548970326781173e-06
19110,-1.5774002298712756e-05
19111,-1.3849428948014936e-05
19112,6.451970487832994e-05
19113,2.394798528403048e-05
19114,3.1404920201748655e-05
19116,0.00013100175391882733
19117,-4.2368412204086604e-05
19118,9.277774617075917e-05
19119,6.642197072505957e-06
19120,-1.4393083751201333e-06
19122,-2.551771402358999e-05
19123,5.139850312843928e-05
19124,4.913029745221131e-05
19125,1.6361417248845184e-06
19126,-2.160238008946183e-06
19127,-2.080808300524955e-06
19129,-1.0525687038898458e-05
19130,-7.103198422118974e-05
19131,-3.875495009124247e-05
19132,-1.4492422062903627e-05
19134,-8.236203147098406e-05
19135,-3.27584640122949e-05
19136,-0.0001134524360299111
19137,4.3301156722009005e-05
19138,-6.563312746584395e-05
19139,-8.043894516304141e-05
19140,0.00014312795717269104
19141,1.3282036129385209e-05
19143,-6.721089882776131e-05
19144,-4.357387032359851e-06
19145,5.7522971648722767e-05
19146,0.00014214028697460846
19147,-1.2386557273566675e-05
19148,-1.491436362266537e-05
19149,-3.413969390094276e-05
19150,-5.5994028225540845e-06
19151,-2.1098044421523843e-05
19152,3.785504857078148e-05
19153,-2.8627895470708545e-05
19154,-8.309786207973912e-06
19155,-3.1760408822447006e-05
19156,7.175751402974092e-06
19158,-1.1448081396520076e-05
19159,0.0001314839478582133
19160,0.00013727175574749655
19161,6.017479542642757e-05
19162,-2.168774819001538e-05
19163,9.757754392921929e-06
19164,-2.6400821004062855e-05
19165,-1.7958225682377757e-05
19166,-5.061636026948733e-06
19167,1.88484450802206e-05
19168,1.2185002211481335e-05
19169,6.876381859183286e-06
19170,4.0985356178134365e-05
19171,-6.448753643780955e-06
19172,-1.7838647309690652e-05
19173,1.531365709379308e-05
19174,6.76959679462013e-05
19175,2.27575798518955e-05
19176,-2.4171898141503132e-06
19177,-3.32353579811751e-05
19178,-4.7049816884100256e-05
19179,4.668854381889109e-05
19180,-1.6816548071801657e-05
19181,1.3672143127769132e-05
19183,-8.35657296702265e-06
19184,-5.5068039149045864e-05
19185,-3.274524956941593e-05
19186,5.507838930934651e-05
19187,-2.4872347712516786e-06
19188,-1.812898060306908e-05
19189,-7.502381317317466e-05
19190,4.448527097702014e-05
19191,-0.00010929418187588373
19192,4.806257784366586e-05
19193,-1.6825766488909705e-05
19194,1.314015192911022e-05
19195,0.00010177378114312829
19196,2.4593213293701294e-05
19197,9.510233514010871e-05
19198,-0.00018784322738647343
19199,-9.853907674551006e-06
19200,2.3207384347915704e-05
19201,9.60892265662554e-05
19202,0.00011010525543242638
19203,4.796864371746755e-06
19204,-3.3173587173223175e-06
19205,8.248431198298867e-05
19206,-2.794322781264775e-05
19207,0.00013955761501565524
19208,-7.3099153488874e-05
19209,7.570802234113213e-07
19210,-0.00012641656203195384
19211,2.4642304703593176e-05
19212,-1.6003876365721127e-05
19213,-4.751201719045564e-06
19214,-0.00018467666218057209
19215,7.283420739695375e-05
19216,-4.0190114639699245e-06
19217,-2.712022205814706e-05
19219,-4.912480339407901e-06
19220,3.8754512835293995e-05
19221,-5.523829236626626e-05
19222,7.591382414102551e-06
19223,4.880889654159531e-05
19224,-4.426567237824174e-05
19225,-0.00011345916707068668
19226,-5.185544397681891e-06
19227,6.30101772025225e-05
19228,-1.416763402521613e-05
19229,6.973404539749046e-05
19230,-3.600537264719602e-05
19231,-9.958663489669476e-06
19232,0.00012594108916819138
19233,-1.4981951564550386e-05
19234,-1.599761061370372e-05
19236,-0.00011441834904253435
19237,6.064832573756563e-05
19238,2.632135646417736e-05
19239,3.790130019187917e-05
19240,-0.00019626366756856408
19241,6.3287628814577195e-06
19242,-0.00016499807722866527
19243,8.847669372335061e-05
19244,5.1994752138852965e-06
19245,-2.9854737222194745e-06
19246,-1.3978530373424304e-05
19247,-5.8243716135620895e-05
19248,4.6879225783049906e-05
19249,7.669290248304531e-06
19250,7.220669705420699e-05
19251,-2.8808305505663325e-05
19253,8.177829626947625e-06
19254,-0.00014656492918729694
19255,-0.00012633900456130462
19256,-4.7405841015279185e-05
19257,1.3796685449779042e-05
19258,4.8004737496376e-05
19259,-0.00013855946883559232
19260,-1.300246622413395e-05
19261,-2.2848653327673667e-05
19262,-1.97775450535118e-05
19263,-1.2396023981273145e-05
19264,-3.507039919495558e-05
19265,1.8636138271540355e-05
19266,8.298270972445588e-05
19267,2.211567740887388e-05
19268,-6.3072425313293854e-06
19270,6.547854384407402e-05
19271,-0.00018571231663227112
19272,-4.787113331258279e-06
19273,8.222970440983774e-05
19274,2.4476777017116445e-05
19275,5.2063616365194275e-05
19276,1.5479502920061223e-05
19277,-1.0666790045797842e-05
19278,8.857344659045279e-05
19280,2.0684631727635698e-05
19281,-7.43980268016451e-06
19282,-3.645206540822952e-05
19283,-1.3385501503944336e-05
19285,2.1898826025426298e-05
19286,-3.0115244910120727e-06
19287,-7.438133377581788e-06
19289,2.0839915610849566e-06
19290,6.814848538488135e-05
19291,5.546288816258293e-05
19292,9.901086110621645e-05
19293,8.201626176014517e-05
19294,-9.234480187296845e-06
19295,-3.347068037837734e-05
19296,-3.785610552877184e-05
19297,4.136010287329538e-05
19298,-1.4032955653965415e-05
19300,-1.2787251453846716e-05
19301,5.306400153785938e-05
19302,-0.00014939603433012963
19303,-1.0099977347999795e-05
19304,-0.000129728726949542
19305,-1.478427685797215e-05
19306,8.053377270698114e-07
19307,-0.00015455319089814897
19308,3.901944421231748e-05
19310,-9.305507037788578e-06
19311,5.544417649507463e-05
19312,0.00010944203678518555
19313,7.518610563129193e-05
19314,-1.300526270642867e-05
19315,-0.00021289588203653664
19316,-3.0389351304620475e-05
19317,4.359418163076015e-05
19318,7.827925123274314e-06
19319,-5.529770292341692e-05
19320,-7.744485354050966e-05
19321,-6.91579650156197e-05
19322,2.6430762279778585e-05
19323,2.521278336644102e-07
19324,-3.306186646223062e-05
19326,-2.407878758385774e-05
19327,9.491722006350729e-06
19328,-3.595847496762849e-05
19329,2.689544297754756e-06
19330,-1.4886947162449288e-05
19331,-0.00018301624497398704
19332,-3.848539581522335e-05
19333,-1.3587265741080032e-05
19334,0.0001658374315127715
19335,-8.531329184770518e-05
19336,-6.7186577245593095e-06
19337,-0.00015491718417033477
19338,2.0518474280834125e-06
19339,-3.1062295474111956e-05
19340,1.6418183036148474e-05
19341,-5.1424396876245546e-05
19342,0.00015989746609702658
19343,1.260154787451044e-06
19344,-0.00021772102955728716
19345,-8.561927638947927e-06
19346,4.772295840084552e-05
19348,-5.014928150922039e-05
19349,-1.2156307045370356e-05
19350,5.739437695592627e-06
19351,-6.735557941719874e-05
19352,4.645364396274057e-05
19353,-2.368886768817879e-05
19354,-5.545321563258755e-05
19355,5.657278243452306e-05
19356,-1.5674760658293907e-05
19357,-9.87090338021517e-06
19358,-2.2480038739740712e-05
19359,4.9254133924841757e-05
19360,4.52632829546927e-06
19361,-0.00019646343076601557
19362,-2.5011315010488017e-06
19363,4.457930680364328e-05
19364,3.633176023140524e-05
19366,-1.683701276779177e-05
19368,0.00011262249201536165
19369,-9.984194487333305e-06
19371,-2.9993952997028733e-05
19372,-2.9405649006366743e-05
19373,-1.4333857223391768e-06
19374,-1.8756229430436734e-06
19375,4.196179658174488e-06
19376,-1.8261351995170123e-05
19377,-3.434141967445604e-05
19378,-0.00016594875166192654
19379,7.435586415231211e-05
19380,-2.8338441066443895e-05
19381,6.4767179638147e-05
19382,0.0001173460071906446
19383,6.629327051341504e-05
19384,-4.50667021796105e-05
19385,1.1586977075785422e-05
19386,4.189494205638727e-05
19387,-1.2758569419384058e-05
19388,-1.1286539956927569e-06
19389,-0.00020272206654772075
19390,-1.5088190883398047e-05
19391,1.9627245701849485e-05
19392,-0.00011239625867456153
19393,-5.063774781301609e-05
19394,-1.5475392341613894e-06
19395,9.156129024922807e-05
19396,3.7957831565290506e-05
19397,-4.090181337669456e-05
19398,-1.59155956469475e-05
19400,4.957112669944718e-06
19401,-3.883485784754124e-05
19402,-0.0002412705795839419
19403,7.299474263563719e-05
19404,-3.2881521992385344e-05
19405,-5.011422755196689e-05
19406,4.686103351414186e-05
19408,-6.984473802149253e-05
19409,9.601848758757121e-06
19410,-1.4883230067789528e-05
19411,-1.5862584952265006e-05
19412,1.0822082869708505e-05
19413,4.6662218496203255e-05
19414,-0.00022879236778244308
19415,-3.397644450888043e-05
19416,0.00010168145634233917
19417,1.8061783909797554e-05
19419,1.4960346184670874e-05
19420,-1.9300150312483273e-05
19421,8.83865989744659e-05
19422,-0.00019534716838970744
19423,2.493099607527238e-05
19424,-1.7010815255343843e-05
19425,0.0001066616650670763
19427,7.83403562381862e-05
19428,-2.0819155778735772e-05
19429,2.3256323393434243e-05
19430,2.5223335064947524e-05
19431,0.00013797893319278926
19432,3.4571576863527347e-06
19433,2.73030656389892e-05
19434,1.137446491047736e-05
19435,-0.00019070093808695664
19436,-5.453753387555423e-05
19437,5.463358107954238e-06
19438,9.902545996010212e-06
19439,-1.7189458571374305e-05
19440,3.467312827706309e-06
19441,5.892924666404674e-05
19442,-1.2975004408508527e-05
19443,1.4446154516190294e-05
19444,0.00010619057584553919
19445,3.517755679786199e-06
19446,6.868327707052232e-05
19447,1.2195909675210778e-05
19448,0.00012506816275417764
19449,-5.584618095308543e-05
19450,-3.469672352075551e-05
19451,4.482500366866576e-05
19454,-1.1046871449798285e-05
19455,-2.6141639612615106e-05
19456,-4.0450048912316384e-05
19457,1.1727610416710284e-05
19458,-6.843175282701807e-05
19459,1.0645816102623902e-06
19460,-1.1519037187099455e-05
19462,-1.3601722195744002e-06
19463,4.0178017690777785e-05
19464,1.0027660708874482e-05
19465,-2.5984506215900063e-05
19466,-3.5634605959057784e-05
19467,6.006387993693347e-06
19468,5.074632400646775e-05
19469,1.2922704219817968e-06
19470,-5.177088389173119e-05
19471,-0.00012515215240418913
19472,-1.53996910899877e-05
19473,5.077794017270195e-05
19474,3.357617557048799e-05
19475,4.284199327230092e-07
19476,-4.576420597732037e-06
19477,-2.6497896574437516e-05
19478,7.039898298680752e-05
19479,-0.00016172287650406325
19480,-5.1169251650571466e-05
19481,8.011045195162272e-05
19482,2.506365953013292e-05
19484,2.620609141886224e-05
19485,0.00011539466474205242
19488,2.3248303309083014e-05
19489,-6.334113981574735e-06
19490,-2.8508861456066324e-05
19491,-3.2372200675308484e-05
19492,1.548876333981739e-06
19493,-2.1871592942625322e-05
19494,-5.057573243975614e-05
19495,-2.5388743542134667e-05
19496,-0.0002961695017293079
19497,-4.5536653045564835e-05
19498,1.49881998077033e-06
19499,4.6323858108371364e-05
19500,-0.00011805681241676148
19501,8.752176351845212e-05
19502,8.774105450138348e-05
19503,2.0784912351518715e-05
19504,-3.115227110683902e-05
19505,-2.066483125090586e-05
19506,7.551144687458854e-05
19507,-0.0002549373776651923
19508,1.748798256739971e-05
19509,2.3587116040289214e-05
19510,-1.6930371429771186e-05
19511,-6.318198330700383e-05
19512,6.317712310701595e-05
19513,0.00015634076651185769
19514,2.3017308395355863e-05
19515,1.5142014250159206e-05
19516,5.142944576218732e-05
19517,-3.0774722807109366e-05
19518,9.551050160080188e-05
19519,3.981516165658822e-05
19520,2.8510741330683103e-05
19521,1.2276588007807591e-06
19522,0.00010995738497003898
19523,1.4418922364711738e-05
19524,2.4186667520552798e-05
19525,-0.00010123374368995418
19526,-3.2603508606552815e-05
19527,1.1719536595046455e-05
19528,-5.5263773538171865e-06
19529,9.5118902251124e-05
19530,-9.476050417870258e-05
19533,-0.00013110595457255865
19534,-1.1780874803662351e-06
19535,8.120536524802443e-05
19536,2.1514562889933413e-06
19537,-1.9597958400845518e-05
19538,-5.304476460441937e-05
19539,-4.450449543073774e-05
19540,-3.809025175869458e-05
19541,-0.00010305809015408191
19542,2.2190493531524997e-05
19543,6.162926554679843e-07
19544,-4.281419469043602e-05
19545,-5.644702771678531e-05
19546,1.03080632165073e-05
19547,1.999292131513351e-05
19548,9.959814883768475e-05
19549,-2.7020636480301588e-05
19550,-5.894975084811448e-06
19553,-0.0001488940086215727
19554,-4.374308167025448e-05
19555,1.3801848143339049e-05
19556,3.678414504975058e-06
19557,0.00018735775547102
19558,-4.06211897730826e-05
19559,3.610622137785037e-07
19561,2.5856498815119013e-05
19562,8.703636946156559e-05
19563,-4.446070101112114e-05
20716,1.162634482607243e-05
20717,7.30491212569176e-05
20718,3.8619421795010246e-05
20719,-3.561177114024754e-05
20721,-2.5177774578332867e-05
20722,3.655915930867195e-05
20723,2.707758285105221e-05
20724,7.459968049079126e-06
20725,4.5849665068089604e-05
20726,4.7754889354109526e-05
20727,-2.856159582734097e-05
20728,7.756348401308019e-05
20732,-1.1146976333111476e-05
20733,-0.0002735451233573262
20734,4.6188077609985894e-05
20735,5.636791884899091e-06
20736,5.427337400615214e-05
20737,4.594807289540757e-05
20739,-2.910108035430326e-05
20741,7.676235958933801e-06
20742,-0.00020757836438715325
20743,3.525343984365452e-05
20745,9.830354340374395e-06
20746,-9.814964793622463e-06
20747,3.992133317515241e-05
20748,-0.00023485940620303122
20751,0.00016560515426099236
20754,-0.0002658046112395808
20755,-7.062943996861596e-05
20756,-1.4754974097013364e-05
20757,-1.1635879054665567e-05
20758,9.705121908336881e-06
20759,0.00010271869292482666
20760,-3.9993211627006265e-05
20761,2.8748428821563538e-05
20762,-2.5243753474205604e-05
20763,-0.00017488373741507432
20764,-1.7743496410548578e-05
20765,2.1497799269854976e-05
20766,6.581636853516076e-05
20767,6.324253194034121e-05
20768,4.8272437229752534e-05
20769,9.475864656269527e-05
20770,0.00016716002039611271
20771,0.00013950052168220257
20772,4.2546780873089953e-05
20773,1.113317413255576e-05
20774,2.6456169411539978e-05
20775,9.494782518595458e-06
20776,-2.7189950458705405e-06
20777,3.86257564648985e-05
20778,2.9198101256042583e-05
20779,1.1706051882356366e-05
20781,3.891653474420282e-05
20783,-2.69113999791443e-05
20784,-0.00024385028779506623
20785,0.00017252246886491674
20787,0.00014821217637509072
20790,0.0001510924731381238
20791,3.93671853467822e-05
20792,-3.3515364956110444e-05
20793,4.468661006540044e-05
20794,1.9764920510351566e-05
20795,-9.034126438200501e-06
20796,2.7510202117264012e-05
20797,-2.589350203052134e-05
20800,-1.697112545371057e-05
20802,-2.0672144740819883e-05
20803,4.1709312237799e-05
20804,3.9705521613359236e-05
20805,1.9105556420981838e-05
20806,3.303085118532155e-05
20807,-4.823040217161161e-07
20808,-3.86661436408756e-05
20809,4.556188406422719e-05
20812,5.483969319611782e-05
20813,2.6862436346709573e-05
20814,-2.7856211550533804e-05
20815,-2.8171911835670357e-05
20817,-5.3411883581429466e-05
20818,-1.8841981422155974e-05
20819,-2.0202543400228017e-05
20821,0.00010472355289384658
20822,-0.00018220710624009364
20823,2.8550326731055967e-05
20824,5.827143825590599e-05
20825,-7.723192684352339e-06
20826,0.00016447276342660148
20827,6.731060836464125e-05
20828,-4.610743802040817e-05
20829,9.970967480912755e-05
20830,-3.967411443591118e-06
20831,6.807507760822727e-06
20832,-2.2410567849874286e-06
20833,2.244111243635411e-05
20835,3.073350237682441e-05
20836,3.5933011956512653e-05
20838,-3.6189159378409384e-05
20839,-4.0151617117225996e-05
20840,0.00017858443204313412
20841,-1.218778640031808e-06
20842,2.956972969695922e-05
20844,-0.0002500346388667803
20846,-6.54472662135951e-06
20847,-1.3436178676783733e-06
20848,-2.8777051158249335e-05
20849,6.192499054595815e-05
20850,-1.807343270629635e-05
20851,-1.1077284347265918e-05
20852,4.0421470440923906e-05
20853,-2.013033507391798e-05
20856,1.2674165051430311e-05
20857,1.2341782823204952e-05
20859,9.596841176971767e-05
20860,5.868165288120504e-06
20861,4.6655497979372534e-05
20862,0.0001542599730193613
20863,1.3436924666166267e-05
20865,-1.0871548205614422e-06
20866,1.1217568814754414e-05
20869,9.037599340081157e-06
20870,-2.380518512800333e-05
20871,-3.645749837160084e-05
20872,9.780266508459955e-06
20874,-4.0092395618558145e-06
20876,1.4736334793269631e-05
20877,3.74354983679948e-05
20878,-0.00022112302072346105
20879,2.5785378087311884e-05
20881,-3.60531656071543e-05
20882,1.058532744646067e-05
20883,7.564389146864513e-07
20884,5.424188766628488e-05
20885,-8.754217997193291e-07
20887,1.7617536336183586e-05
20888,0.00010764064891263782
20889,6.351911164820204e-05
20892,-0.00014463036917150012
20893,1.7168215103447463e-05
20894,2.429867656901472e-05
20895,6.884704381227506e-05
20896,-3.0243870895355924e-05
20897,-1.532984431833025e-05
20898,5.930621251463866e-05
20899,2.4025719147175435e-05
20900,4.804111793637246e-05
20901,5.397345200181006e-05
20902,2.7521492633968547e-05
20904,-1.8663850799202873e-05
20905,-2.5494479108601706e-05
20906,5.953691285103528e-05
20907,2.431705817580218e-05
20908,4.683827981352813e-06
20909,-1.2487842701375445e-05
20910,0.00010738406889140572
20911,-0.00025581991681828943
20913,-6.9123294204473506e-06
20914,0.00019329934576526234
20915,2.283620396628963e-05
20916,1.2170156836509661e-05
20917,6.53953203931446e-05
20918,-2.6170232985168632e-05
20919,1.2257209047675114e-06
20920,-4.9546477571129984e-05
20921,4.714127592742423e-05
20922,2.4222561717033384e-05
20923,-0.00022469607759267022
20924,-1.2790101021528277e-05
20925,-2.24880289286374e-05
20926,8.47340542823074e-05
20927,-1.1381634976714799e-05
20928,2.2867800015956144e-05
20929,-1.5918849222361966e-05
20930,2.2882874496281123e-05
20931,-0.00020731775276362833
20932,4.4330917857587275e-05
20933,-2.178017990663649e-05
20935,1.5108367707580301e-05
20936,4.439146742224677e-05
20938,1.36602378450333e-05
20939,0.00014772427696734672
20940,0.0001491692323237647
20942,9.638422355055794e-06
20943,1.3897430244833202e-05
20944,-2.676848974078906e-06
20945,0.00011577805122360545
20946,3.9492501132190114e-05
20947,0.00015621146988123607
20948,2.712947744876135e-05
20949,1.9707818888127646e-05
20953,-8.633167743682831e-05
20954,-0.00014232344171032248
20955,-0.00015403965394943946
20956,3.7320674862712346e-05
20957,7.613030290231046e-05
20958,1.2233160622417894e-05
20959,9.364368841052009e-05
20962,3.573429062962529e-05
20963,2.6910716574639057e-05
20964,-8.60587246716011e-06
20965,-1.4951967075467073e-05
20966,5.5458916351198924e-05
20967,-8.825861560180726e-05
20968,-1.509752608835698e-05
20971,-0.00016154409507289455
20972,0.00012237773332744774
20973,2.019587997347119e-05
20974,5.633034892380255e-05
20975,1.0445694904774408e-05
20976,4.002499543130375e-05
20977,5.904762875288701e-05
20979,-1.046193027868867e-05
20981,0.00015195778235793116
20982,-2.6429695449769296e-05
20983,0.00015355190895497724
20984,-1.4345602132379973e-05
20985,-5.920771509408734e-07
20987,-4.60202312096951e-06
20988,-0.00026846637194975943
20992,-0.00022237630598246963
20993,0.00016582226799800892
20994,-0.0001512337313964959
20996,9.965926473960252e-05
20998,0.00018006196869537256
20999,2.1849141642451163e-05
21000,-0.0002321468232199548
21001,4.5054537616669986e-05
21002,4.3671460449695424e-05
21003,1.1059703771024888e-05
21004,-4.577143043279641e-05
21005,-2.716623693704592e-05
21006,-1.394715625792732e-06
21007,2.160386797040697e-05
21008,0.00016079223351553055
21009,-3.663579234853397e-05
21010,4.7679745499044464e-05
21012,-4.361783061176497e-06
21013,-5.4639379493891915e-05
21014,0.00013768637869506983
21015,4.955482836812706e-05
21016,0.00012882097046822336
21017,-4.064354971051228e-05
21020,-0.00013247854700312053
21021,3.535988498479125e-05
21022,4.071089159697284e-06
21023,-1.8021515384316363e-05
21024,0.00014527696259319727
21025,2.946403510868546e-05
21026,1.489843241869953e-07
21028,6.784763187170473e-07
21029,-1.2417619302868795e-05
21030,-0.0001380721408873788
21031,-6.953020300716115e-05
21032,2.76614639908075e-05
21033,0.00014345058538019583
21034,1.515969056636093e-05
21035,6.848209183663092e-05
21036,3.401383329182842e-05
21037,0.00011279328083619421
21038,4.156065275892606e-05
21039,-0.00016709878053516096
21042,2.468858286738386e-06
21043,0.00016757967583835032
21044,-3.6155011504888393e-06
21045,2.9844416491687266e-05
21049,4.441191470250479e-05
21051,5.3292239643633094e-05
21052,-2.8985092882066907e-05
21053,-1.2444508075714052e-05
21054,7.377623142674563e-05
21055,-7.365006767213267e-06
21056,0.00011898803161457148
21057,4.960036929696784e-05
21058,3.8900038506835555e-05
21059,5.444643506780248e-05
21060,-0.00019903042195364756
21061,-5.825727004557817e-05
21063,-7.383893243968603e-07
21064,1.4707046747207618e-05
21065,4.85316774807868e-05
21067,4.5098128728568306e-05
21068,3.427994158118971e-06
21069,-0.0002181476368568827
21070,2.1736076008528373e-05
21071,-4.466012585908154e-06
21072,-0.00020604056771844577
21073,3.685242766514407e-05
21074,1.3242795970290853e-05
21075,2.280427142977793e-07
21076,3.748569786548602e-05
21077,3.1667898967862065e-05
21078,-8.714505843818154e-06
21079,-1.5805306471884287e-05
21081,1.4469836838543412e-06
21083,3.735540192574258e-05
21085,0.00015737684741616207
21086,-3.3914024103432765e-05
21087,-2.8977684676647117e-06
21089,0.00015403589410707325
21090,2.0241830963641302e-05
21091,8.883944712579244e-06
21092,6.355128437280592e-05
21093,3.794818613678202e-05
21094,1.4492464903742015e-05
21095,7.922509685158549e-07
21096,-0.0003063297385349869
21097,7.056848369538765e-05
21098,5.1574762258678315e-05
21099,-0.00020700304601341466
21101,5.633377172052852e-05
21102,-1.8627033848315447e-05
21103,-0.00025309207262471246
21105,4.196766242384891e-05
21106,5.364852296188474e-05
21107,3.28411837108432e-05
21109,4.842662196606378e-05
21110,7.257116697728614e-05
21111,1.7623882740736392e-06
21112,-5.49541804939505e-06
21113,1.318094991147504e-05
21114,1.3923116587102391e-05
21115,2.265202719718163e-06
21116,2.0083294901996815e-05
21118,7.425377853214704e-05
21119,7.5100260786712355e-06
21120,-7.59452037513259e-05
21122,9.825786687433706e-05
21123,5.3094866964965845e-05
21126,-2.038559466600418e-05
21127,-0.00027894660644233073
21129,-1.186027014628049e-05
21130,7.290986385196426e-05
21131,3.885212354362342e-07
21132,4.270104551687814e-05
21133,1.66721269488335e-06
21134,5.7970188558101515e-06
21135,2.6113099046051507e-05
21136,0.00018354813950136205
21137,2.822897126898161e-05
21138,-2.969858869910234e-05
21140,-1.8751605506986162e-05
21141,-2.8131726291030605e-05
21142,3.707725154235935e-05
21143,3.544906936585893e-05
21144,1.8413963913917554e-05
21145,-1.4860387332737439e-05
21146,9.688260182738262e-05
21147,3.628312023356533e-05
21148,-3.5586537793278293e-06
21149,-1.3141333032399314e-05
21150,-3.092204760760066e-05
21151,-1.3531453162431699e-05
21153,0.00018599814809858726
21154,3.9152246899902555e-06
21155,3.525619581341765e-06
21156,1.3326849881559553e-05
21157,3.134210985153903e-05
21158,1.1485598050057887e-05
21159,8.993709105998273e-05
21160,-1.573785645887256e-05
21161,2.909933226183056e-05
21163,3.1942879687994635e-05
21164,7.494422756135464e-05
21166,-1.3556586485356023e-05
21167,2.1338934637606063e-05
21168,-0.00021244821064174182
21170,-0.00022596939196810095
21171,9.602921921759786e-06
21174,5.081858299672569e-05
21175,0.0001726923063397399
21176,-3.271502722054721e-05
21177,-8.294176608324001e-05
21178,-0.00025904088215902285
21179,0.00013763881623744895
21180,3.9586292952298945e-05
21181,0.00014188474444672283
21182,-3.06703491136431e-05
21183,1.4342647418379753e-05
21185,5.268711084499942e-05
21186,1.1894313339143967e-05
21188,2.584988400340072e-05
21189,5.837241373956172e-06
21190,1.840886604040854e-05
21191,1.4552798122167476e-06
21192,0.00017501016845926557
21193,3.0630132555961504e-05
21194,4.7674410790205025e-05
21195,-3.7112288177013373e-06
21198,-1.8764520529657563e-05
21199,-2.2161214426159747e-05
21200,0.0001478686401620498
21202,5.153637416660766e-05
21203,4.7653637453913533e-05
21204,-2.6669023185968338e-05
21205,-9.17964912950989e-06
21206,-1.3157967850565903e-05
21207,4.2571128718554786e-05
21208,1.7450221162289336e-05
21209,1.623212229460467e-05
21210,2.402205886319269e-05
21211,0.0001435948628000897
21213,4.827299714088438e-05
21214,2.8918983042240065e-05
21215,6.192632336169455e-05
21217,2.6374373957514625e-05
21218,2.9872906021773615e-05
21219,2.328755715861923e-05
21220,-3.992391191422915e-05
21221,-1.2493814714252949e-05
21222,-5.875853002071368e-05
21223,3.417440699413418e-05
21224,3.532101362943639e-05
21225,8.799976799637062e-05
21227,-0.0001537001943215717
21229,5.32949494197964e-05
21230,7.214885856956223e-06
21233,4.6821770723908906e-05
21235,-1.4026182703673717e-05
21236,5.893754651769952e-05
21237,1.3628875743597677e-05
21238,9.702882263809432e-06
21240,-2.9767901170998675e-05
21241,-3.883329015225179e-05
21244,-9.617794863879648e-06
21245,1.0673295054584742e-05
21246,1.623690212145453e-05
21247,-1.4250422734767146e-05
21248,-7.538160299882253e-05
21249,5.215300451964124e-05
21250,7.65515575185418e-05
21251,2.2258542664349013e-05
21253,3.425355041399596e-05
21255,4.661516258493046e-05
21256,0.00014082610644400103
21257,-3.7294925656169525e-05
21258,4.382749665528531e-05
21259,4.670491972938164e-05
21261,4.093479178845868e-06
21262,4.887123499065584e-06
21263,-2.9044021852314353e-05
21264,1.866632234305145e-05
21265,5.084512755274842e-07
21266,2.2258334234356842e-05
21268,3.576088314875944e-05
21269,2.3691194318234884e-05
21271,0.0001958902897313234
21272,4.8271817248314485e-05
21273,0.0001621440907008947
21274,6.152609391137962e-05
21275,4.651106409728528e-05
21276,-0.00031342813372611984
21277,-3.654203619807964e-05
21279,-2.447552736848587e-05
21280,3.141131512820707e-05
21281,-0.00026372219827026087
21284,3.960610255599008e-05
21285,3.2480456586927e-05
21286,7.717547286301851e-06
21287,0.00015576443402096662
21288,-0.00015650310367345838
21289,7.667920254170894e-05
21290,1.2262733653189956e-07
21291,0.0001407848913222555
21292,8.102069478481931e-05
21293,-8.429643418639897e-06
21294,1.31148260086775e-05
21295,7.200908269733177e-05
21296,5.320485411211836e-05
21297,-3.1013735290616537e-05
21298,-2.2281517460942235e-05
21299,2.000257000327107e-05
21300,7.30233827605844e-05
21301,-1.806976795196536e-05
21302,2.586790574714526e-05
21304,1.7667182162403992e-05
21306,7.318572364747483e-05
21307,-2.104251421988002e-05
21308,1.8128107674419883e-05
21309,3.129785815253851e-05
21310,3.629465056583276e-05
21312,-2.856527883559451e-05
21315,-1.208390407264229e-05
21318,4.82200914993881e-05
21319,0.0001596010459586978
21321,5.328186163678732e-05
21322,2.7466860599815683e-06
21323,0.00014174624979495967
21324,6.547836344689108e-05
21325,5.6528501585126107e-05
21327,-2.254876075312485e-05
21329,-3.5198211390524914e-05
21330,-0.00020994231551885574
21331,-1.951868180185531e-05
21332,3.4631575178354904e-05
21333,3.0174273066222845e-06
21334,-1.3478084467351383e-05
21336,-1.7749881371855534e-06
21338,-1.500406675040655e-06
21339,-3.4615821205079597e-06
21340,6.575716473162203e-06
21342,-0.00021236394941806795
21343,6.307507734745733e-05
21344,6.957754241302636e-05
21345,0.00015168018452823184
21346,-5.628877039998761e-06
21347,-3.490376649424428e-05
21348,1.9289031997322937e-05
21350,2.2218333650380236e-05
21351,-1.8956865556538023e-05
21352,2.9173261858522794e-05
21354,2.1684437431394957e-05
21355,-2.5131020508706536e-05
21356,-0.00024413343649357368
21357,4.263544343411905e-05
21358,6.437264429405292e-05
21360,5.2697557024657745e-06
21361,-0.00013927563978359018
21364,6.283648218959597e-05
21365,1.2940117064863457e-05
21366,2.5881173089146384e-05
21367,-0.00023324163202196246
21369,-2.9515128396451367e-05
21370,-4.721022769808745e-05
21373,4.044197704642987e-05
21374,1.8583708815276423e-05
21375,0.00016780052464455316
21377,-1.5354793518781573e-05
21379,-1.4916252344846912e-06
21380,-0.00023180419486015956
21382,4.061421323567625e-05
21383,5.314802788197987e-05
21384,5.27666804380715e-05
21385,0.00011626047417521433
21386,0.00020184917030855934
21387,3.317585848271825e-05
21388,4.252807302400454e-05
21389,-2.2397846169769685e-05
21390,2.3273149877786718e-05
21391,4.773758817464091e-06
21392,4.9856605660170154e-05
21393,-3.6983207240700656e-05
21394,-3.8037557154893914e-06
21397,1.8122457899153182e-05
21398,0.00010567366722971156
21399,-3.6949328240007035e-05
21403,3.331376882269966e-05
21404,1.85461363755166e-05
21405,0.0001525384332984686
21407,4.859309243038264e-05
21408,-6.332382122054719e-05
21409,5.135325882583835e-05
21410,-0.00027017613267525995
21411,-1.715002134442322e-05
21412,-2.368169073015441e-05
21413,5.213663801550813e-05
21414,4.0550093259662284e-05
21415,-0.0002629170081578196
21416,3.616349305957539e-05
21418,6.928836256265613e-05
21419,4.401702424511316e-05
21421,2.6174863986670836e-05
21422,0.0001654394720681008
21424,-0.00016227882206439848
21425,-2.443727012723659e-06
21426,2.6620709337293983e-05
21427,1.4574478939175367e-05
21428,-1.2269206531345685e-05
21429,0.0001295685229822993
21431,0.00016028347201645324
21432,0.00016862164232879883
21433,8.426680229604181e-06
21434,-1.6875998117029317e-06
21436,-0.00019249636307358715
21437,0.00015668368302285672
21438,-0.0001314898833632465
21440,1.09924850054085e-05
21441,4.7170891985296854e-05
21442,-0.00019787069456651815
21443,2.2469557635486155e-05
21444,-3.8161141704767863e-05
21446,-3.2582327350973884e-05
21447,-6.761051714420266e-07
21448,-2.5234028417617095e-05
21449,-3.7011140398681046e-05
21450,0.0001716511391103266
21451,9.49333667755128e-05
21452,9.24897156655782e-06
21453,1.6483375523239303e-05
21454,4.326144987717256e-05
21456,3.506950940936783e-05
21457,3.2244691904634225e-05
21458,1.8241736479103546e-05
21459,3.880721749737846e-05
21460,-3.76336487941443e-05
21462,3.015801031142469e-06
21463,-3.316629407927376e-05
21465,0.0001514809092506765
21467,0.0001499060040339819
21468,-0.0002136489942669857
21470,0.0001580417361110442
21471,3.644047956913696e-05
21472,-1.5386050380766316e-05
21473,2.6439322344958562e-05
21475,3.3926167804747636e-05
21476,-3.543814560398437e-05
21477,-7.375298999249795e-07
21478,-0.00019502420751377788
21479,-2.3307426087558217e-05
21480,-1.872786907479165e-05
21481,3.770432062447075e-05
21482,-4.4890918768942225e-05
21483,4.4274527952074836e-05
21484,0.00010948359919711889
21485,9.38768442720171e-06
21487,0.00015452146213501547
21488,3.4622705169022053e-05
21489,-0.00015713384076952887
21490,0.00010095405802130705
21491,-5.2391915302723467e-05
21494,3.134836982935646e-05
21495,9.349551983177665e-06
21500,1.6128551214933564e-06
21501,-1.7494917940348318e-05
21502,-0.00029736769553273795
21503,-7.872791774570928e-06
21505,1.8970512878149675e-05
21506,7.577054649591425e-05
21507,8.705436438322067e-06
21508,5.722838081419467e-05
21509,-2.7293461654335268e-05
21510,-0.00012265391387045343
21511,5.652514947578306e-05
21512,-2.474100654944765e-05
21513,1.1090088635682997e-05
21514,5.549611523747925e-07
21515,1.0198085289448492e-05
21516,0.0001694099741056556
21517,-2.6156578958034348e-05
21518,-0.00020049898512661358
21519,4.72322944551704e-06
21521,5.0964811816811225e-06
21522,3.223706595599634e-05
21525,-5.874421373009693e-05
21526,2.2175645269453518e-05
21529,1.8693522922694623e-05
21530,0.00018843935299664715
21531,9.679808355867847e-05
21532,6.456521255895469e-05
21533,1.6058798972517203e-05
21535,7.318002637475718e-06
21536,5.589428637176704e-06
21537,1.5383138041943255e-05
21539,0.00010925423651933639
21540,7.50172010622916e-05
21541,7.092018956318476e-05
21542,4.89028459414838e-05
21544,-3.714455515146237e-05
21545,1.3445288781076696e-05
21546,1.3066880404948815e-06
21547,4.08174380660056e-05
21548,9.308460820466202e-06
21549,-3.261564532294854e-05
21550,4.066562000662073e-05
21552,-1.5464114025235054e-05
21553,-8.991202972829314e-05
21554,-1.9307448156177963e-05
21555,-0.00023738990882411434
21556,-0.0002294708080589764
21557,4.504283471032956e-05
21558,4.173471266403772e-05
21559,-2.839667992666347e-05
21560,4.5338976476341306e-05
21561,4.873971808701734e-05
21563,6.199500784277877e-05
21564,4.286617543548333e-05
21566,0.00014540249444544212
21567,6.855198964476536e-05
21568,3.2485993951558833e-05
21569,0.0001749527828767889
21570,-5.4989921953529076e-05
21571,0.00010121048428118175
21573,-0.00019004220375791093
21574,-0.00024933296432718446
21575,-5.411203950643552e-05
21577,-0.00020087258918210737
21578,-0.0002652916405349966
21579,-3.5073675122111984e-05
21581,2.6355714816600108e-05
21582,6.3371891155838425e-06
21584,-9.952866509556743e-05
21586,5.313269123434996e-05
21587,-0.00025021716793998907
21589,0.00018447270561009586
21592,6.573726087808542e-05
21594,-3.17458994686603e-05
21595,4.404276674613358e-05
21596,-0.00016817875551059772
21598,-6.718692034482946e-05
21599,0.00014187671951949526
21601,2.8169282060116597e-05
21603,7.295618765056073e-06
21604,1.4870164077728915e-05
21605,2.3939561471342942e-05
21606,-5.349213629960988e-06
21607,-0.00016131742503494025
21608,-0.0002470476947724817
21609,4.93844966404138e-05
21610,0.00017591840699315077
21611,4.133306052535741e-05
21613,3.224878637120119e-05
21615,0.00016025311928242388
21617,0.00018876132350414802
21618,5.833625150844436e-05
21619,-1.9609293993562386e-05
21620,0.00014376588519662557
21621,-0.00019887238796800403
21623,-0.00017610439155250746
21624,-2.8767726011574204e-05
21626,5.780107714235767e-06
21628,-2.5699970312416528e-05
21629,0.0001712022946216159
21630,4.799584280699501e-05
21633,3.408230897039174e-05
