sample_id,value
2978,0.6238563060760498
2979,0.6236165761947632
2980,0.6235067844390869
2981,0.623814582824707
2982,0.6238422393798828
2983,0.6239165663719177
2984,0.6239442229270935
2985,0.6233217716217041
2986,0.6239247918128967
2987,0.6238523125648499
2988,0.6237479448318481
2989,0.6237022280693054
2990,0.623930037021637
2991,0.6237557530403137
2992,0.6238964200019836
2993,0.6237727403640747
2994,0.6237668395042419
2995,0.6238009333610535
2996,0.6230527758598328
2997,0.6238048076629639
2998,0.6238542795181274
2999,0.6237125992774963
3000,0.6233018636703491
3001,0.623845636844635
3002,0.6236003041267395
3003,0.6239137649536133
3004,0.6238904595375061
3005,0.6239157915115356
3006,0.6237803101539612
3007,0.6237795352935791
3008,0.6238324642181396
3009,0.6237121820449829
3010,0.6239666938781738
3011,0.6238632202148438
3012,0.6237925887107849
3013,0.6238100528717041
3014,0.623923122882843
3015,0.623729944229126
3016,0.6237662434577942
3017,0.6238402128219604
3018,0.6236513257026672
3019,0.6239356994628906
3020,0.6238160729408264
3021,0.6238461136817932
3022,0.623905599117279
3023,0.6239027380943298
3024,0.6238727569580078
3025,0.6238276362419128
3026,0.6238580346107483
3027,0.6238037347793579
3028,0.623928964138031
3029,0.6235464811325073
3030,0.6238802671432495
3031,0.6238023042678833
3032,0.6238527297973633
3033,0.6238215565681458
3034,0.6238163113594055
3035,0.6238305568695068
3036,0.6237879991531372
3037,0.6238154172897339
3038,0.6239993572235107
3039,0.6238391995429993
3040,0.6236320734024048
3041,0.6238698959350586
3042,0.623952329158783
3043,0.6237143278121948
3044,0.6238114833831787
3045,0.6239087581634521
3046,0.6238268613815308
3047,0.6237555742263794
3048,0.6236372590065002
3049,0.6239411234855652
3050,0.6234252452850342
3051,0.6239404082298279
3052,0.6239330768585205
3053,0.6237586140632629
3054,0.6235124468803406
3055,0.6229518055915833
3056,0.6237682700157166
3057,0.6239345073699951
3058,0.6238425970077515
3059,0.6230946779251099
3060,0.6239267587661743
3061,0.6237877011299133
3062,0.6238065958023071
3063,0.6239116191864014
3064,0.6237307190895081
3065,0.6231157779693604
3066,0.6239438652992249
3067,0.623784065246582
3068,0.6232327222824097
3069,0.6238265037536621
3070,0.6237673759460449
3071,0.6239195466041565
3072,0.6238927245140076
3073,0.6237844228744507
3074,0.6238349080085754
3075,0.6237985491752625
3076,0.6237397789955139
3077,0.6239320635795593
3078,0.623661458492279
3079,0.6228829622268677
3080,0.6238002181053162
3081,0.6238759160041809
3082,0.623212993144989
3083,0.6237245202064514
3084,0.6225482821464539
3085,0.6235542297363281
3086,0.6239776015281677
3087,0.6237427592277527
3088,0.6230340003967285
3089,0.623793363571167
3090,0.6236960291862488
3091,0.6235652565956116
3092,0.6239597797393799
3093,0.6237749457359314
3094,0.6230453252792358
3095,0.6237391233444214
3096,0.6237709522247314
3097,0.6239367723464966
3098,0.6239800453186035
3099,0.6237817406654358
3100,0.6236675381660461
3101,0.6239595413208008
3102,0.6238393187522888
3103,0.6237869262695312
3104,0.6239377856254578
3105,0.6236485242843628
3106,0.6237930655479431
3107,0.6226061582565308
3108,0.6229707598686218
3109,0.6236207485198975
3110,0.6231733560562134
3111,0.6238403916358948
3112,0.6236239671707153
3113,0.6237279772758484
3114,0.6238545775413513
3115,0.6239327788352966
3116,0.6238327622413635
3117,0.6238054633140564
3118,0.6239050626754761
3119,0.6238277554512024
3120,0.6236111521720886
3121,0.6238804459571838
3122,0.6239189505577087
3123,0.623629093170166
3124,0.6238834261894226
3125,0.6238285303115845
3126,0.6238461136817932
3127,0.6237004995346069
3128,0.6238634586334229
3129,0.6238179802894592
3130,0.6238576173782349
3131,0.6239323019981384
3132,0.6236069202423096
3133,0.6230113506317139
3134,0.623869776725769
3135,0.623788058757782
3136,0.6239169239997864
3137,0.6237553358078003
3138,0.6238378882408142
3139,0.6228955388069153
3140,0.623910129070282
3141,0.623631477355957
3142,0.6238475441932678
3143,0.6230087876319885
3144,0.6239534020423889
3145,0.6238204836845398
3146,0.6231823563575745
3147,0.6240045428276062
3148,0.6239813566207886
3149,0.6238064169883728
3150,0.6237859129905701
3151,0.6237376928329468
3152,0.6239378452301025
3153,0.623784065246582
3154,0.6239827871322632
3155,0.6234120726585388
3156,0.6235902905464172
3157,0.6238299012184143
3158,0.6238390207290649
3159,0.623638927936554
3160,0.6237362623214722
3161,0.623721182346344
3162,0.6238300800323486
3163,0.6238871216773987
3164,0.6237180829048157
3165,0.6239445805549622
3166,0.6238154768943787
3167,0.623835027217865
3168,0.6229233741760254
3169,0.623579204082489
3170,0.623747706413269
3171,0.6239346265792847
3172,0.6237856149673462
3173,0.6236335039138794
3174,0.6237280368804932
3175,0.6237953901290894
3176,0.6238330602645874
3177,0.6236347556114197
3178,0.6239356994628906
3179,0.6238806843757629
3180,0.6235508918762207
3181,0.6237799525260925
3182,0.6238188147544861
3183,0.623733639717102
3184,0.6237390041351318
3185,0.6239027380943298
3186,0.6234959363937378
3187,0.6237683892250061
3188,0.6238709688186646
3189,0.6238669753074646
3190,0.6238869428634644
3191,0.622821569442749
3192,0.6239368915557861
3193,0.6237908005714417
3194,0.6237276196479797
3195,0.6237199306488037
3196,0.6237953901290894
3197,0.6238789558410645
3198,0.6234302520751953
3199,0.6239305734634399
3200,0.6238628029823303
3201,0.6239086985588074
3202,0.6239420771598816
3203,0.6239010691642761
3204,0.6237669587135315
3205,0.6237727999687195
3206,0.6238430738449097
3207,0.6238251328468323
3208,0.6239210963249207
3209,0.6239830851554871
3210,0.6238332986831665
3211,0.6238166093826294
3212,0.6226522326469421
3213,0.6238324642181396
3214,0.6238013505935669
3215,0.6239694952964783
3216,0.6238102316856384
3217,0.6238288879394531
3218,0.6236937046051025
3219,0.6238024830818176
3220,0.6235554814338684
3221,0.6235899329185486
3222,0.6239810585975647
3223,0.623793363571167
3224,0.6237510442733765
3225,0.6239352822303772
3226,0.6239402890205383
3227,0.623641848564148
3228,0.6238455772399902
3229,0.6239250302314758
3230,0.623845636844635
3231,0.623251736164093
3232,0.6239698529243469
3233,0.6237532496452332
3234,0.6237925887107849
3235,0.6238362193107605
3236,0.6229367256164551
3237,0.6240029335021973
3238,0.6235077977180481
3239,0.6237698793411255
3240,0.6233893632888794
3241,0.6239780187606812
3242,0.6233556270599365
3243,0.6229672431945801
3244,0.6237984895706177
3245,0.6240009069442749
3246,0.62380051612854
3247,0.6237941980361938
3248,0.6238687634468079
3249,0.6234720945358276
3250,0.6236639618873596
3251,0.6229448914527893
3252,0.6238911151885986
3253,0.623799741268158
3254,0.6238570809364319
3255,0.6236119270324707
3256,0.6238397359848022
3257,0.6238989233970642
3258,0.623820960521698
3259,0.6239981055259705
3260,0.6238127946853638
3261,0.6238211393356323
3262,0.6239013075828552
3263,0.6238132119178772
3264,0.6235976815223694
3265,0.6238282322883606
3266,0.6238335967063904
3267,0.6237644553184509
3268,0.6237552762031555
3269,0.6238638162612915
3270,0.6236813068389893
3271,0.6238276362419128
3272,0.6238458752632141
3273,0.623794436454773
3274,0.6239213943481445
3275,0.6237125396728516
3276,0.6236640214920044
3277,0.6238259673118591
3278,0.623788058757782
3279,0.6238447427749634
3280,0.6234879493713379
3281,0.6238517761230469
3282,0.6238847374916077
3283,0.6237125396728516
3284,0.6239342093467712
3285,0.6239199638366699
3286,0.6235597133636475
3287,0.6236156225204468
3288,0.6238006353378296
3289,0.6237762570381165
3290,0.623845100402832
3291,0.6239319443702698
3292,0.6238039135932922
3293,0.6239340901374817
3294,0.6231107115745544
3295,0.6238251328468323
3296,0.6236952543258667
3297,0.623792290687561
3298,0.6237958073616028
3299,0.6229409575462341
3300,0.6238083839416504
3301,0.6237602233886719
3302,0.623049795627594
3303,0.6238182187080383
3304,0.6236719489097595
3305,0.6236555576324463
3306,0.6238042116165161
3307,0.6237362027168274
3308,0.6239292025566101
3309,0.6237664222717285
3310,0.6238558292388916
3311,0.6237887144088745
3312,0.6238238215446472
3313,0.6238023042678833
3314,0.6236624121665955
3315,0.6238417625427246
3316,0.6235833764076233
3317,0.6235321164131165
3318,0.6238582134246826
3319,0.6231482625007629
3320,0.6239063739776611
3321,0.6238213181495667
3322,0.6238077878952026
3323,0.6238113045692444
3324,0.6236854791641235
3325,0.6238094568252563
3326,0.6237272620201111
3327,0.6229172348976135
3328,0.6237388849258423
3329,0.6232702732086182
3330,0.623792290687561
3331,0.6238325834274292
3332,0.6238253116607666
3333,0.6239134073257446
3334,0.623850405216217
3335,0.6239134073257446
3336,0.6239131093025208
3337,0.623814582824707
3338,0.6238179206848145
3339,0.6238703727722168
3340,0.6238354444503784
3341,0.6237120032310486
3342,0.6238445043563843
3343,0.6239367127418518
3344,0.6235306859016418
3345,0.6237762570381165
3346,0.6238820552825928
3347,0.6239327192306519
3348,0.6239438652992249
3349,0.623817503452301
3350,0.6237425804138184
3351,0.6238604187965393
3352,0.6239246129989624
3353,0.6235281825065613
3354,0.6239221096038818
3355,0.6236748099327087
3356,0.6237494945526123
3357,0.6235029697418213
3358,0.6236683130264282
3359,0.6235432624816895
3360,0.6238790154457092
3361,0.6230325102806091
3362,0.6239359378814697
3363,0.6238477230072021
3364,0.6239292025566101
3365,0.6236920356750488
3366,0.6239075660705566
3367,0.6238281726837158
3368,0.6233102679252625
3369,0.6237389445304871
3370,0.6228959560394287
3371,0.6237797737121582
3372,0.623674213886261
3373,0.6238507032394409
3374,0.6239377856254578
3375,0.6238129734992981
3376,0.6238330602645874
3377,0.6231744289398193
3378,0.6238698959350586
3379,0.6230056881904602
3380,0.623755931854248
3381,0.6237644553184509
3382,0.6237582564353943
3383,0.6239336133003235
3384,0.6238515973091125
3385,0.6238574385643005
3386,0.6229167580604553
3387,0.6236782670021057
3388,0.6239637732505798
3389,0.6229143142700195
3390,0.6237942576408386
3391,0.6237839460372925
3392,0.6237769722938538
3393,0.6239742040634155
3394,0.6235682368278503
3395,0.6234574913978577
3396,0.6238042116165161
3397,0.6238060593605042
3398,0.6238310933113098
3399,0.6238256096839905
3400,0.6236888766288757
3401,0.6238094568252563
3402,0.6236833930015564
3403,0.6237298846244812
3404,0.6233296394348145
3405,0.6235476732254028
3406,0.6227290034294128
3407,0.6238598227500916
3408,0.6236762404441833
3409,0.6238268613815308
3410,0.6238493919372559
3411,0.623631477355957
3412,0.6238687634468079
3413,0.6238640546798706
3414,0.623798131942749
3415,0.6232484579086304
3416,0.6237878799438477
3417,0.6237876415252686
3418,0.6239336133003235
3419,0.622592568397522
3420,0.6238466501235962
3421,0.6238203048706055
3422,0.6233708262443542
3423,0.6234949231147766
3424,0.6238094568252563
3425,0.6239343881607056
3426,0.6239425539970398
3427,0.6239078640937805
3428,0.6238473057746887
3429,0.6235252022743225
3430,0.6238650679588318
3431,0.623645007610321
3432,0.6238686442375183
3433,0.6238086223602295
3434,0.6239007711410522
3435,0.6235760450363159
3436,0.6239058971405029
3437,0.6239838600158691
3438,0.6238223910331726
3439,0.6238716244697571
3440,0.6238495707511902
3441,0.623488187789917
3442,0.6238839626312256
3443,0.6237773895263672
3444,0.6239267587661743
3445,0.6239237189292908
3446,0.6233177781105042
3447,0.6229078769683838
3448,0.6236963272094727
3449,0.6238925457000732
3450,0.6237852573394775
3451,0.6239533424377441
3452,0.6238248944282532
3453,0.6238822340965271
3454,0.6239687204360962
3455,0.6236788630485535
3456,0.6229087710380554
3457,0.6238111257553101
3458,0.6238449215888977
3459,0.6237376928329468
3460,0.6238033771514893
3461,0.623936116695404
3462,0.6237661242485046
3463,0.6235816478729248
3464,0.6237657070159912
3465,0.6239548325538635
3466,0.6237637996673584
3467,0.6238124966621399
3468,0.623795747756958
3469,0.6238274574279785
3470,0.6238084435462952
3471,0.6237794756889343
3472,0.6239104270935059
3473,0.6239770650863647
3474,0.6238213181495667
3475,0.6237742304801941
3476,0.6235880851745605
3477,0.6236981749534607
3478,0.6234683990478516
3479,0.6236317753791809
3480,0.6238042116165161
3481,0.6239199042320251
3482,0.6237819194793701
3483,0.6237949132919312
3484,0.6237340569496155
3485,0.6238139271736145
3486,0.6238698959350586
3487,0.6238166093826294
3488,0.6238261461257935
3489,0.6239553689956665
3490,0.6239499449729919
3491,0.6238998770713806
3492,0.6238297820091248
3493,0.6240025758743286
3494,0.6234539747238159
3495,0.623134195804596
3496,0.623928427696228
3497,0.6236003041267395
3498,0.6229267120361328
3499,0.6234745383262634
3500,0.6238400936126709
3501,0.6238284707069397
3502,0.6237589716911316
3503,0.6239880323410034
3504,0.6238662004470825
3505,0.6237165927886963
3506,0.6239059567451477
3507,0.6238694787025452
3508,0.6237426996231079
3509,0.6239374876022339
3510,0.6237115263938904
3511,0.6237825155258179
3512,0.6238164305686951
3513,0.6236388087272644
3514,0.6238861680030823
3515,0.6236189603805542
3516,0.6238269805908203
3517,0.6239975690841675
3518,0.6236414313316345
3519,0.623836100101471
3520,0.6238224506378174
3521,0.6239295601844788
3522,0.6237545609474182
3523,0.6238476037979126
3524,0.6238952875137329
3525,0.6236850023269653
3526,0.6237707138061523
3527,0.6238787174224854
3528,0.623837411403656
3529,0.6237912178039551
3530,0.6238142848014832
3531,0.6238972544670105
3532,0.6238356232643127
3533,0.6235750913619995
3534,0.6238461136817932
3535,0.6236840486526489
3536,0.6239038109779358
3537,0.6225085258483887
3538,0.6236438155174255
3539,0.6238422989845276
3540,0.6237738728523254
3541,0.622940719127655
3542,0.6238405704498291
3543,0.6238316297531128
3544,0.6239069104194641
3545,0.6237919926643372
3546,0.6237913966178894
3547,0.6235371828079224
3548,0.623759925365448
3549,0.623914897441864
3550,0.6238226294517517
3551,0.6236435174942017
3552,0.6228837966918945
3553,0.6238507628440857
3554,0.6237698793411255
3555,0.6238290667533875
3556,0.6239157915115356
3557,0.6237683892250061
3558,0.6238428950309753
3559,0.6225935220718384
3560,0.6235967874526978
3561,0.6232251524925232
3562,0.6238461136817932
3563,0.6237593293190002
3564,0.6238961219787598
3565,0.6238824725151062
3566,0.6239153742790222
3567,0.6239057183265686
3568,0.6238977909088135
3569,0.6237415671348572
3570,0.623933732509613
3571,0.6238627433776855
3572,0.6234334111213684
3573,0.6237937808036804
3574,0.6239072680473328
3575,0.6227899789810181
3576,0.6238755583763123
3577,0.6238370537757874
3578,0.6239091157913208
3579,0.6238275170326233
3580,0.623786449432373
3581,0.6238152384757996
3582,0.6239266991615295
3583,0.6237838864326477
3584,0.6238870620727539
3585,0.6238090395927429
3586,0.623714029788971
3587,0.6239780783653259
3588,0.623611330986023
3589,0.623832106590271
3590,0.6232479810714722
3591,0.6227061748504639
3592,0.6237019300460815
3593,0.6239078044891357
3594,0.6231520175933838
3595,0.6238311529159546
3596,0.6230111122131348
3597,0.6236526370048523
3598,0.623287558555603
3599,0.6238065958023071
3600,0.6239430904388428
3601,0.6238047480583191
3602,0.6235902309417725
3603,0.6236131191253662
3604,0.6237667202949524
3605,0.6234858632087708
3606,0.6238933801651001
3607,0.6238420605659485
3608,0.6239477396011353
3609,0.6238434314727783
3610,0.6237323880195618
3611,0.6239109039306641
3612,0.6239097118377686
3613,0.6237854361534119
3614,0.62382972240448
3615,0.6239007711410522
3616,0.6239129304885864
3617,0.6238322257995605
3618,0.6232559680938721
3619,0.6239334344863892
3620,0.6238314509391785
3621,0.6237901449203491
3622,0.623926043510437
3623,0.623943030834198
3624,0.6239294409751892
3625,0.6237607002258301
3626,0.6239327192306519
3627,0.6239445805549622
3628,0.6230951547622681
3629,0.6239367723464966
3630,0.623823344707489
3631,0.6237794160842896
3632,0.6235243082046509
3633,0.6238616108894348
3634,0.6239832043647766
3635,0.6238972544670105
3636,0.6238830089569092
3637,0.623828649520874
3638,0.623920738697052
3639,0.623675525188446
3640,0.6238613128662109
3641,0.6238046288490295
3642,0.6237967014312744
3643,0.6236639022827148
3644,0.6239615082740784
3645,0.6237727999687195
3646,0.6236943602561951
3647,0.6238479614257812
3648,0.6239374279975891
3649,0.6228867769241333
3650,0.6236388087272644
3651,0.6231246590614319
3652,0.6238251328468323
3653,0.6239166259765625
3654,0.623932957649231
3655,0.623819887638092
3656,0.6240000128746033
3657,0.6238433718681335
3658,0.6239407062530518
3659,0.623980700969696
3660,0.6237174272537231
3661,0.6238452792167664
3662,0.6229308843612671
3663,0.6239661574363708
3664,0.6236642003059387
3665,0.6229903101921082
3666,0.6238480806350708
3667,0.6227414608001709
3668,0.6237937808036804
3669,0.623638391494751
3670,0.6239323616027832
3671,0.6237245202064514
3672,0.6236998438835144
3673,0.6238925457000732
3674,0.6238255500793457
3675,0.623803973197937
3676,0.6238134503364563
3677,0.623814046382904
3678,0.6239603757858276
3679,0.6237666010856628
3680,0.6231646537780762
3681,0.6237451434135437
3682,0.623908519744873
3683,0.6238178014755249
3684,0.6239262223243713
3685,0.6238762140274048
3686,0.6237807869911194
3687,0.6238353848457336
3688,0.6239222288131714
3689,0.6230995059013367
3690,0.6237517595291138
3691,0.6239320635795593
3692,0.6236996650695801
3693,0.6237000823020935
3694,0.6237257122993469
3695,0.6237711310386658
3696,0.6239001154899597
3697,0.623852550983429
3698,0.6238365769386292
3699,0.6239862442016602
3700,0.6238812208175659
3701,0.6237016320228577
3702,0.6236712336540222
3703,0.6237741112709045
3704,0.6239506006240845
3705,0.6234866976737976
3706,0.6237236261367798
3707,0.6239393949508667
3708,0.6238517165184021
3709,0.623763382434845
3710,0.6235877275466919
3711,0.6237572431564331
3712,0.6238035559654236
3713,0.6238175630569458
3714,0.6240003705024719
3715,0.623950719833374
3716,0.6235034465789795
3717,0.6237515807151794
3718,0.6238200664520264
3719,0.6238419413566589
3720,0.6237349510192871
3721,0.623702347278595
3722,0.6239334344863892
3723,0.6237852573394775
3724,0.6234607100486755
3725,0.6238353848457336
3726,0.6239255666732788
3727,0.6236857771873474
3728,0.6232298016548157
3729,0.6238269805908203
3730,0.6231783032417297
3731,0.6239830851554871
3732,0.6237500905990601
3733,0.6237154006958008
3734,0.6237038373947144
3735,0.6230097413063049
3736,0.6238400936126709
3737,0.6238143444061279
3738,0.623112678527832
3739,0.6237165927886963
3740,0.6238320469856262
3741,0.6232833862304688
3742,0.6237713694572449
3743,0.6238492727279663
3744,0.6238148808479309
3745,0.6234798431396484
3746,0.6238202452659607
3747,0.6239591240882874
3748,0.6239347457885742
3749,0.62312912940979
3750,0.623902440071106
3751,0.6238316297531128
3752,0.6239571571350098
3753,0.6237669587135315
3754,0.623828649520874
3755,0.6238574385643005
3756,0.6237988471984863
3757,0.6237098574638367
3758,0.6238621473312378
3759,0.6238073110580444
3760,0.6239016056060791
3761,0.6237842440605164
3762,0.6238890886306763
3763,0.623813271522522
3764,0.6237818002700806
3765,0.6238990426063538
3766,0.6239535212516785
3767,0.623904287815094
3768,0.6238613128662109
3769,0.6237375736236572
3770,0.6239017248153687
3771,0.6238734126091003
3772,0.6237195134162903
3773,0.6237870454788208
3774,0.6230111122131348
3775,0.6238453984260559
3776,0.6238152980804443
3777,0.623874306678772
3778,0.6237480044364929
3779,0.6238742470741272
3780,0.6238554120063782
3781,0.6238073110580444
3782,0.623784065246582
3783,0.6238395571708679
3784,0.6239376664161682
3785,0.623917281627655
3786,0.6239484548568726
3787,0.6231706142425537
3788,0.6238794326782227
3789,0.6236595511436462
3790,0.6230369210243225
3791,0.6238802671432495
3792,0.6238489151000977
3793,0.6239376068115234
3794,0.6238276362419128
3795,0.6238350868225098
3796,0.6238927841186523
3797,0.6237504482269287
3798,0.6238529682159424
3799,0.6239522099494934
3800,0.6237428784370422
3801,0.6240040063858032
3802,0.6234695315361023
3803,0.6239885687828064
3804,0.6238758563995361
3805,0.6239817142486572
3806,0.6237596273422241
3807,0.6239123940467834
3808,0.6239484548568726
3809,0.6239254474639893
3810,0.6237919330596924
3811,0.6238477230072021
3812,0.6237799525260925
3813,0.6235124468803406
3814,0.6237919330596924
3815,0.623915433883667
3816,0.6237156987190247
3817,0.623458206653595
3818,0.6239359378814697
3819,0.6238977909088135
3820,0.6237488985061646
3821,0.6237202286720276
3822,0.6237799525260925
3823,0.6239810585975647
3824,0.6227620244026184
3825,0.6230595111846924
3826,0.6237764954566956
3827,0.6238423585891724
3828,0.6228281259536743
3829,0.6237339377403259
3830,0.6239293217658997
3831,0.6238085031509399
3832,0.6238332986831665
3833,0.6238524913787842
3834,0.6237472295761108
3835,0.6239445209503174
3836,0.6237907409667969
3837,0.6239850521087646
3838,0.623786449432373
3839,0.6237624287605286
3840,0.6238211393356323
3841,0.6239218711853027
3842,0.6236979961395264
3843,0.6237578988075256
3844,0.6238027215003967
3845,0.6240007281303406
3846,0.6238648891448975
3847,0.6238781213760376
3848,0.6230608820915222
3849,0.6238569617271423
3850,0.6237901449203491
3851,0.6238265633583069
3852,0.6237956881523132
3853,0.6239477396011353
3854,0.6237396597862244
3855,0.623824954032898
3856,0.6239275336265564
3857,0.6226159334182739
3858,0.6238137483596802
3859,0.6237007975578308
3860,0.6238613128662109
3861,0.6238309741020203
3862,0.6238520741462708
3863,0.6229901313781738
3864,0.6238800287246704
3865,0.6237276792526245
3866,0.6239432096481323
3867,0.6231431365013123
3868,0.623729407787323
3869,0.6235273480415344
3870,0.6238502264022827
3871,0.6237937211990356
3872,0.6238998770713806
3873,0.6238493919372559
3874,0.623754620552063
3875,0.6231117844581604
3876,0.623822808265686
3877,0.6239285469055176
3878,0.6237592101097107
3879,0.6239612698554993
3880,0.6239875555038452
3881,0.6239176988601685
3882,0.6235675811767578
3883,0.6239612102508545
3884,0.6237905621528625
3885,0.6236509084701538
3886,0.623681366443634
3887,0.6238529682159424
3888,0.6233649253845215
3889,0.6238291263580322
3890,0.6236864924430847
3891,0.623077392578125
3892,0.6236599683761597
3893,0.6238023638725281
3894,0.6237250566482544
3895,0.6232618093490601
3896,0.6238037347793579
3897,0.6239340305328369
3898,0.6237255930900574
3899,0.6239418983459473
3900,0.6237292885780334
3901,0.6237788796424866
3902,0.6237859129905701
3903,0.6239933371543884
3904,0.6238349080085754
3905,0.6236959099769592
3906,0.6238479018211365
3907,0.6233190894126892
3908,0.6239305138587952
3909,0.6238221526145935
3910,0.623828113079071
3911,0.6236631870269775
3912,0.6237929463386536
3913,0.6237542629241943
3914,0.6238788962364197
3915,0.6237592101097107
3916,0.6239331960678101
3917,0.6237487196922302
3918,0.6237947344779968
3919,0.6238064765930176
3920,0.623834490776062
3921,0.6235278248786926
3922,0.6235100626945496
3923,0.6238850355148315
3924,0.6236835718154907
3925,0.6239367127418518
3926,0.6236882209777832
3927,0.623805046081543
3928,0.6237644553184509
3929,0.6238119602203369
3930,0.6235905289649963
3931,0.6231008768081665
3932,0.623864471912384
3933,0.6238155364990234
3934,0.6231789588928223
3935,0.6237665414810181
3936,0.623786211013794
3937,0.6239337921142578
3938,0.6236791610717773
3939,0.623871386051178
3940,0.6238192319869995
3941,0.6236048936843872
3942,0.6227193474769592
3943,0.6238441467285156
3944,0.6239234209060669
3945,0.6237715482711792
3946,0.6230404376983643
3947,0.6237013339996338
3948,0.6237472891807556
3949,0.6237936615943909
3950,0.6238149404525757
3951,0.6234208941459656
3952,0.6238898038864136
3953,0.6238682866096497
3954,0.6238570213317871
3955,0.6237999796867371
3956,0.6238543391227722
3957,0.6238850951194763
3958,0.6235713362693787
3959,0.6236382722854614
3960,0.6238253712654114
3961,0.6238563060760498
3962,0.6238182187080383
3963,0.6239247918128967
3964,0.6238027215003967
3965,0.6237924695014954
3966,0.6233788132667542
3967,0.6237348914146423
3968,0.6236927509307861
3969,0.6239014863967896
3970,0.6238037943840027
3971,0.6233755350112915
3972,0.6236386895179749
3973,0.6234151124954224
3974,0.6234011054039001
3975,0.6239143013954163
3976,0.6239376068115234
3977,0.6227713227272034
3978,0.6238428950309753
3979,0.623844563961029
3980,0.6238414645195007
3981,0.6238284707069397
3982,0.6238274574279785
3983,0.6239418387413025
3984,0.6237744092941284
3985,0.6238557696342468
3986,0.6235548853874207
3987,0.6238243579864502
3988,0.6238959431648254
3989,0.6239349842071533
3990,0.6226917505264282
3991,0.6238483190536499
3992,0.6238303184509277
3993,0.6238216757774353
3994,0.6238546371459961
3995,0.6237567067146301
3996,0.6238710880279541
3997,0.6238347291946411
3998,0.6239463090896606
3999,0.6238203048706055
4000,0.6235153079032898
4001,0.6238647699356079
4002,0.6238407492637634
4003,0.6239016056060791
4004,0.6239511370658875
4005,0.6226563453674316
4006,0.6238195300102234
4007,0.6236326098442078
4008,0.6239815950393677
4009,0.6239247918128967
4010,0.6237748861312866
4011,0.6238077282905579
4012,0.6234285831451416
4013,0.6238508820533752
4014,0.6227750182151794
4015,0.6228998303413391
4016,0.6236958503723145
4017,0.622938871383667
4018,0.6238290071487427
4019,0.6236401200294495
4020,0.6238166093826294
4021,0.6234524846076965
4022,0.6238122582435608
4023,0.623877763748169
4024,0.6239758729934692
4025,0.623860776424408
4026,0.6239247918128967
4027,0.6238567233085632
4028,0.6239402890205383
4029,0.623892605304718
4030,0.623708188533783
4031,0.6239520311355591
4032,0.6236717104911804
4033,0.6239336133003235
4034,0.6237924098968506
4035,0.6237930655479431
4036,0.6238590478897095
4037,0.6238740682601929
4038,0.6229227781295776
4039,0.6236386895179749
4040,0.623599112033844
4041,0.6235849261283875
4042,0.6238457560539246
4043,0.6235889792442322
4044,0.6239358186721802
4045,0.6238157153129578
4046,0.623813807964325
4047,0.6239351034164429
4048,0.6237780451774597
4049,0.6238270998001099
4050,0.6233824491500854
4051,0.623702347278595
4052,0.6235436201095581
4053,0.6234524846076965
4054,0.6238442659378052
4055,0.6238222718238831
4056,0.6238182187080383
4057,0.6235866546630859
4058,0.6239422559738159
4059,0.6239034533500671
4060,0.623927652835846
4061,0.6238504648208618
4062,0.6238096356391907
4063,0.6235411763191223
4064,0.6238511204719543
4065,0.6231456995010376
4066,0.6237538456916809
4067,0.6239369511604309
4068,0.6237813830375671
4069,0.6238284111022949
4070,0.6236464977264404
4071,0.6239214539527893
4072,0.6237988471984863
4073,0.6237989664077759
4074,0.6238347887992859
4075,0.6238676309585571
4076,0.623561441898346
4077,0.6237608790397644
4078,0.6238066554069519
4079,0.6238464713096619
4080,0.6238401532173157
4081,0.623759925365448
4082,0.6236501932144165
4083,0.6237983107566833
4084,0.6238121390342712
4085,0.6238474249839783
4086,0.6237887740135193
4087,0.623897135257721
4088,0.6238089203834534
4089,0.6238195896148682
4090,0.6236975193023682
4091,0.6236397624015808
4092,0.6238722801208496
4093,0.6238076090812683
4094,0.6237741112709045
4095,0.6238322854042053
4096,0.6237311959266663
4097,0.6238739490509033
4098,0.6238020062446594
4099,0.6238297820091248
4100,0.6238340735435486
4101,0.623857319355011
4102,0.6231797933578491
4103,0.6239011883735657
4104,0.6237472891807556
4105,0.6237798929214478
4106,0.6237133741378784
4107,0.6237273812294006
4108,0.6238278150558472
4109,0.622771143913269
4110,0.6237707138061523
4111,0.6238158941268921
4112,0.6240014433860779
4113,0.6237570643424988
4114,0.6238208413124084
4115,0.6240072250366211
4116,0.623957097530365
4117,0.6228845715522766
4118,0.6238404512405396
4119,0.6237953901290894
4120,0.62320876121521
4121,0.623748242855072
4122,0.623970091342926
4123,0.6238746047019958
4124,0.6236870288848877
4125,0.6237736344337463
4126,0.6238023042678833
4127,0.6238769292831421
4128,0.6238106489181519
4129,0.6230296492576599
4130,0.6238174438476562
4131,0.6235814094543457
4132,0.623805046081543
4133,0.6238502264022827
4134,0.6238333582878113
4135,0.623470664024353
4136,0.6239006519317627
4137,0.6238196492195129
4138,0.6238508224487305
4139,0.6239073872566223
4140,0.6237799525260925
4141,0.6239275336265564
4142,0.6239333748817444
4143,0.6237866282463074
4144,0.6238067746162415
4145,0.6238409876823425
4146,0.6237167716026306
4147,0.6239651441574097
4148,0.623788595199585
4149,0.6236640214920044
4150,0.623790979385376
4151,0.623842716217041
4152,0.623847246170044
4153,0.6237961053848267
4154,0.6239134073257446
4155,0.6236576437950134
4156,0.6236488223075867
4157,0.6239304542541504
4158,0.6238540410995483
4159,0.6239562034606934
4160,0.623599112033844
4161,0.6238299608230591
4162,0.6239396929740906
4163,0.6236405968666077
4164,0.623702883720398
4165,0.6239382028579712
4166,0.6238561272621155
4167,0.623873770236969
4168,0.6239590644836426
4169,0.6238166093826294
4170,0.6237527132034302
4171,0.6238498091697693
4172,0.6238180994987488
4173,0.6237797141075134
4174,0.6238203048706055
4175,0.6237722039222717
4176,0.6239214539527893
4177,0.6238479614257812
4178,0.6238667368888855
4179,0.6237059235572815
4180,0.6228441596031189
4181,0.6239065527915955
4182,0.6239522695541382
4183,0.623802125453949
4184,0.6230832934379578
4185,0.623850405216217
4186,0.6238378882408142
4187,0.6238123178482056
4188,0.6237741112709045
4189,0.6237837672233582
4190,0.6237831115722656
4191,0.6240019798278809
4192,0.6236300468444824
4193,0.6237561106681824
4194,0.6237818002700806
4195,0.6238180994987488
4196,0.6236357092857361
4197,0.6236349940299988
4198,0.6238954663276672
4199,0.6238148808479309
4200,0.6239675283432007
4201,0.623843789100647
4202,0.6239333152770996
4203,0.6238232851028442
4204,0.6238512992858887
4205,0.6236360669136047
4206,0.6239842176437378
4207,0.6235717535018921
4208,0.6239348649978638
4209,0.6238119602203369
4210,0.6238937973976135
4211,0.6238333582878113
4212,0.6239160895347595
4213,0.6239455938339233
4214,0.6238334774971008
4215,0.6234434247016907
4216,0.6233463883399963
4217,0.6236461997032166
4218,0.6239203214645386
4219,0.6231821775436401
4220,0.6238305568695068
4221,0.6232604384422302
4222,0.6237943768501282
4223,0.6238146424293518
4224,0.6237873435020447
4225,0.6235969066619873
4226,0.62382572889328
4227,0.6239299178123474
4228,0.6239132881164551
4229,0.6239039301872253
4230,0.6238045692443848
4231,0.6238789558410645
4232,0.6238088011741638
4233,0.623757541179657
4234,0.6238544583320618
4235,0.623842716217041
4236,0.6239961981773376
4237,0.6232926845550537
4238,0.6237705945968628
4239,0.6230173707008362
4240,0.6238338947296143
4241,0.6238372325897217
4242,0.6237602829933167
4243,0.6238057613372803
4244,0.623838484287262
4245,0.623767614364624
4246,0.6238288879394531
4247,0.623919665813446
4248,0.6239334344863892
4249,0.6237569451332092
4250,0.6239407658576965
4251,0.6237013936042786
4252,0.6238206028938293
4253,0.6231765151023865
4254,0.6238604187965393
4255,0.6238908767700195
4256,0.623658299446106
4257,0.6238119602203369
4258,0.6235828995704651
4259,0.6238065958023071
4260,0.6236878037452698
4261,0.6238188147544861
4262,0.6237043738365173
4263,0.6237642168998718
4264,0.6237297058105469
4265,0.6237892508506775
4266,0.6230078935623169
4267,0.6238226294517517
4268,0.6237567663192749
4269,0.6239823698997498
4270,0.6237385272979736
4271,0.6239227652549744
4272,0.6238517165184021
4273,0.6238545179367065
4274,0.6230930685997009
4275,0.6239096522331238
4276,0.6239390969276428
4277,0.6238607168197632
4278,0.6239438056945801
4279,0.6238245368003845
4280,0.6237145662307739
4281,0.6238446235656738
4282,0.6237805485725403
4283,0.6228697299957275
4284,0.6239891648292542
4285,0.6238688826560974
4286,0.6236523389816284
4287,0.6238529086112976
4288,0.6238170862197876
4289,0.623927116394043
4290,0.6238322854042053
4291,0.6238242983818054
4292,0.6239849925041199
4293,0.62382972240448
4294,0.6238148808479309
4295,0.6237298250198364
4296,0.6235973834991455
4297,0.6227136254310608
4298,0.6239553689956665
4299,0.6237138509750366
4300,0.6238225102424622
4301,0.6235569715499878
4302,0.6238860487937927
4303,0.6238272786140442
4304,0.6239116191864014
4305,0.623837947845459
4306,0.623571515083313
4307,0.623160719871521
4308,0.6238417625427246
4309,0.6239955425262451
4310,0.6238972544670105
4311,0.6239680051803589
4312,0.6238502860069275
4313,0.623574435710907
4314,0.6235546469688416
4315,0.6238237619400024
4316,0.6237550377845764
4317,0.6239665746688843
4318,0.6238800883293152
4319,0.6237967610359192
4320,0.6239583492279053
4321,0.6237989664077759
4322,0.6238094568252563
4323,0.6237604022026062
4324,0.6239354014396667
4325,0.6235373020172119
4326,0.6239007711410522
4327,0.6229262948036194
4328,0.6237970590591431
4329,0.6238436102867126
4330,0.6237552762031555
4331,0.6237556338310242
4332,0.6225830912590027
4333,0.6238774657249451
4334,0.6237851977348328
4335,0.6238929629325867
4336,0.6237693428993225
4337,0.6239335536956787
4338,0.6238465905189514
4339,0.6236209869384766
4340,0.6238514184951782
4341,0.6238753795623779
4342,0.6239075660705566
4343,0.6239610314369202
4344,0.623812735080719
4345,0.6237977147102356
4346,0.6238467693328857
4347,0.6239516139030457
4348,0.6238672137260437
4349,0.6237959265708923
4350,0.6238048672676086
4351,0.6239274144172668
4352,0.6239087581634521
4353,0.6239892244338989
4354,0.6238310933113098
4355,0.6238692998886108
4356,0.6239780187606812
4357,0.6235989332199097
4358,0.6238852739334106
4359,0.6236684918403625
4360,0.6239707469940186
4361,0.6238216161727905
4362,0.6239702105522156
4363,0.6231179237365723
4364,0.6238799691200256
4365,0.6238311529159546
4366,0.6238746047019958
4367,0.62382972240448
4368,0.6237013339996338
4369,0.623382568359375
4370,0.6238667964935303
4371,0.6238020658493042
4372,0.6239392757415771
4373,0.6239180564880371
4374,0.6236703395843506
4375,0.6237929463386536
4376,0.62371426820755
4377,0.6238263845443726
4378,0.6238654255867004
4379,0.6238144636154175
4380,0.6237158179283142
4381,0.6236562132835388
4382,0.6239805817604065
4383,0.6239807605743408
4384,0.6239362359046936
4385,0.6239013075828552
4386,0.6236960291862488
4387,0.6239269971847534
4388,0.6238031387329102
4389,0.6239279508590698
4390,0.6235101222991943
4391,0.6236186623573303
4392,0.6239392757415771
4393,0.6236035823822021
4394,0.6239106059074402
4395,0.6237632632255554
4396,0.6239389181137085
4397,0.6237849593162537
4398,0.6227794289588928
4399,0.6238211393356323
4400,0.6239523887634277
4401,0.6239376664161682
4402,0.6238455772399902
4403,0.6239200830459595
4404,0.6238607168197632
4405,0.6235202550888062
4406,0.6239365935325623
4407,0.623767077922821
4408,0.62375408411026
4409,0.6237421035766602
4410,0.6238698959350586
4411,0.6239103078842163
4412,0.6238879561424255
4413,0.6239057183265686
4414,0.6238144636154175
4415,0.6239277720451355
4416,0.6235330104827881
4417,0.623932421207428
4418,0.6238288879394531
4419,0.6239392161369324
4420,0.6239280104637146
4421,0.6239147186279297
4422,0.6239022612571716
4423,0.6235588192939758
4424,0.6240043640136719
4425,0.6238561272621155
4426,0.6235760450363159
4427,0.6237388849258423
4428,0.6238086223602295
4429,0.6238294839859009
4430,0.6237921118736267
4431,0.6238483190536499
4432,0.6239838600158691
4433,0.6238244771957397
4434,0.6235458254814148
4435,0.6239330172538757
4436,0.6239339113235474
4437,0.6237717270851135
4438,0.6238133311271667
4439,0.6238136291503906
4440,0.6238502860069275
4441,0.6237336993217468
4442,0.6232990622520447
4443,0.6233461499214172
4444,0.6238183975219727
4445,0.62275630235672
4446,0.6239665746688843
4447,0.6235835552215576
4448,0.6238183975219727
4449,0.6236947178840637
4450,0.6237417459487915
4451,0.6238281726837158
4452,0.6236279606819153
4453,0.6238925457000732
4454,0.6239761710166931
4455,0.6237964034080505
4456,0.6236594319343567
4457,0.6236879229545593
4458,0.6238195300102234
4459,0.6239362359046936
4460,0.6238526105880737
4461,0.6239155530929565
4462,0.6238195896148682
4463,0.6238303184509277
4464,0.6239757537841797
4465,0.6236192584037781
4466,0.6239321827888489
4467,0.623937726020813
4468,0.6237947344779968
4469,0.6237828731536865
4470,0.6237817406654358
4471,0.6238013505935669
4472,0.6235977411270142
4473,0.6236662268638611
4474,0.6238574981689453
4475,0.6239017248153687
4476,0.6230756044387817
4477,0.6236929893493652
4478,0.6238585710525513
4479,0.6238642334938049
4480,0.6238676309585571
4481,0.6236620545387268
4482,0.6239868998527527
4483,0.6236230731010437
4484,0.6239319443702698
4485,0.6238635778427124
4486,0.6239201426506042
4487,0.62369304895401
4488,0.623828649520874
4489,0.6234275102615356
4490,0.6238359808921814
4491,0.623903751373291
4492,0.6237834692001343
4493,0.6238081455230713
4494,0.6239235401153564
4495,0.6239075660705566
4496,0.6239151954650879
4497,0.6237831115722656
4498,0.6238137483596802
4499,0.6238943934440613
4500,0.623852550983429
4501,0.6239016056060791
4502,0.6237484216690063
4503,0.6238849759101868
4504,0.623673677444458
4505,0.6238346695899963
4506,0.6238219738006592
4507,0.6238675713539124
4508,0.623666524887085
4509,0.6239593625068665
4510,0.6238933801651001
4511,0.6238440275192261
4512,0.6236752271652222
4513,0.6238059401512146
4514,0.6238062381744385
4515,0.623714029788971
4516,0.623828649520874
4517,0.6238265633583069
4518,0.6237835884094238
4519,0.6235463619232178
4520,0.6238998770713806
4521,0.623904287815094
4522,0.6238468885421753
4523,0.623873770236969
4524,0.6237512826919556
4525,0.6239591836929321
4526,0.6237848997116089
4527,0.6238577365875244
4528,0.6239336133003235
4529,0.6237741112709045
4530,0.6235865354537964
4531,0.6239078640937805
4532,0.6239157915115356
4533,0.6237978935241699
4534,0.6238056421279907
4535,0.6230112314224243
4536,0.6235710978507996
4537,0.6238141655921936
4538,0.6238465905189514
4539,0.6239277720451355
4540,0.6230899095535278
4541,0.623935878276825
4542,0.6227734088897705
4543,0.6238942742347717
4544,0.623587965965271
4545,0.6239277124404907
4546,0.6239237189292908
4547,0.6240038871765137
4548,0.6235086917877197
4549,0.6235769391059875
4550,0.6238963007926941
4551,0.6230416893959045
4552,0.6230427026748657
4553,0.6237893104553223
4554,0.6239267587661743
4555,0.6239820122718811
4556,0.6239243745803833
4557,0.62391597032547
4558,0.623931348323822
4559,0.6238206028938293
4560,0.623982846736908
4561,0.6237459182739258
4562,0.6239402294158936
4563,0.6238453984260559
4564,0.6236181259155273
4565,0.6237245798110962
4566,0.6237217783927917
4567,0.6239352822303772
4568,0.6232947707176208
4569,0.62364661693573
4570,0.6233778595924377
4571,0.6227192282676697
4572,0.623924732208252
4573,0.6237443685531616
4574,0.623840868473053
4575,0.6239422559738159
4576,0.6226041913032532
4577,0.6239386200904846
4578,0.623928964138031
4579,0.623828113079071
4580,0.6239283084869385
4581,0.623855471611023
4582,0.6238864660263062
4583,0.6237021684646606
4584,0.6228732466697693
4585,0.6235355138778687
4586,0.6238085627555847
4587,0.6236539483070374
4588,0.6238120794296265
4589,0.6239598989486694
4590,0.6239583492279053
4591,0.623650312423706
4592,0.6239360570907593
4593,0.6238557696342468
4594,0.6236559748649597
4595,0.62369704246521
4596,0.6237202882766724
4597,0.6238883137702942
4598,0.6239526867866516
4599,0.6239345669746399
4600,0.6237178444862366
4601,0.6237050890922546
4602,0.6238352656364441
4603,0.6237505078315735
4604,0.6239011287689209
4605,0.6237717270851135
4606,0.623692512512207
4607,0.6239650845527649
4608,0.6237127184867859
4609,0.6237216591835022
4610,0.6237561106681824
4611,0.6235296726226807
4612,0.623924195766449
4613,0.6235784292221069
4614,0.6237565279006958
4615,0.6229768991470337
4616,0.6238222718238831
4617,0.6238121390342712
4618,0.6237949728965759
4619,0.6238131523132324
4620,0.6238481402397156
4621,0.6238886117935181
4622,0.624002993106842
4623,0.6239070296287537
4624,0.6237808465957642
4625,0.623806893825531
4626,0.6239207983016968
4627,0.623734176158905
4628,0.6239653825759888
4629,0.6237930059432983
4630,0.6237761378288269
4631,0.623767077922821
4632,0.6238139867782593
4633,0.6237155199050903
4634,0.6237874031066895
4635,0.6238029599189758
4636,0.6237148642539978
4637,0.6235276460647583
4638,0.6235959529876709
4639,0.6239019632339478
4640,0.6232355833053589
4641,0.6239835023880005
4642,0.6237888932228088
4643,0.6238013505935669
4644,0.6231992244720459
4645,0.623906135559082
4646,0.6238294839859009
4647,0.6238221526145935
4648,0.6238045692443848
4649,0.6238192319869995
4650,0.6237442493438721
4651,0.6237986087799072
4652,0.6238232254981995
4653,0.6238781213760376
4654,0.6236804127693176
4655,0.6238759160041809
4656,0.6239109039306641
4657,0.6239742636680603
4658,0.6232821345329285
4659,0.6237729787826538
4660,0.6238307952880859
4661,0.6238138675689697
4662,0.6237217783927917
4663,0.6238007545471191
4664,0.6239498853683472
4665,0.6238816380500793
4666,0.6235884428024292
4667,0.6238152980804443
4668,0.6238178014755249
4669,0.623835563659668
4670,0.6238067150115967
4671,0.6229684948921204
4672,0.6232526302337646
4673,0.6238675117492676
4674,0.6239116191864014
4675,0.6237204074859619
4676,0.6237809658050537
4677,0.6237605810165405
4678,0.6239725947380066
4679,0.6238376498222351
4680,0.6239302158355713
4681,0.623867392539978
4682,0.6229768395423889
4683,0.6239928603172302
4684,0.6239098906517029
4685,0.6238252520561218
4686,0.6238200664520264
4687,0.6233006119728088
4688,0.6239279508590698
4689,0.6236473321914673
4690,0.6235940456390381
4691,0.6235102415084839
4692,0.6238363981246948
4693,0.6237856149673462
4694,0.6239310503005981
4695,0.6238126754760742
4696,0.6238362789154053
4697,0.6229814887046814
4698,0.6239314675331116
4699,0.623254656791687
4700,0.6238054037094116
4701,0.6238466501235962
4702,0.6237397789955139
4703,0.6239052414894104
4704,0.6237928867340088
4705,0.6239362955093384
4706,0.6238399147987366
4707,0.6237257122993469
4708,0.6239349842071533
4709,0.6238507628440857
4710,0.623886227607727
4711,0.6238479614257812
4712,0.6237856149673462
4713,0.6237499713897705
4714,0.6239500641822815
4715,0.6238132119178772
4716,0.623896598815918
4717,0.6238934397697449
4718,0.6238571405410767
4719,0.6233396530151367
4720,0.6228350400924683
4721,0.6238048672676086
4722,0.6238770484924316
4723,0.6230665445327759
4724,0.6237975358963013
4725,0.6239296197891235
4726,0.6226575374603271
4727,0.6238652467727661
4728,0.6239324808120728
4729,0.6238446235656738
4730,0.6236870288848877
4731,0.6240037083625793
4732,0.6231383085250854
4733,0.6238532066345215
4734,0.6229754686355591
4735,0.6239555478096008
4736,0.6239497065544128
4737,0.6239843964576721
4738,0.6237483024597168
4739,0.6237847208976746
4740,0.6238275766372681
4741,0.6239714026451111
4742,0.6238918304443359
4743,0.6237924098968506
4744,0.6238179802894592
4745,0.6229145526885986
4746,0.6231047511100769
4747,0.6239274740219116
4748,0.6235340237617493
4749,0.623784065246582
4750,0.6239923238754272
4751,0.6238211393356323
4752,0.6239342093467712
4753,0.6238361597061157
4754,0.6239285469055176
4755,0.623832106590271
4756,0.6238195896148682
4757,0.6239204406738281
4758,0.6239154934883118
4759,0.6237692832946777
4760,0.6236825585365295
4761,0.6230313181877136
4762,0.6238807439804077
4763,0.6237438917160034
4764,0.6237993240356445
4765,0.6238161325454712
4766,0.6239387392997742
4767,0.6238781809806824
4768,0.6234840154647827
4769,0.6236177086830139
4770,0.6239178776741028
4771,0.6239411234855652
4772,0.6237896084785461
4773,0.6238189339637756
4774,0.6238176226615906
4775,0.6234304308891296
4776,0.6228072047233582
4777,0.6236199736595154
5978,0.6239582300186157
5979,0.6239375472068787
5980,0.6234149932861328
5981,0.6239334344863892
5982,0.6236657500267029
5983,0.6238985657691956
5984,0.6238883137702942
5985,0.6237958073616028
5986,0.6235441565513611
5987,0.6231729388237
5988,0.623462975025177
5989,0.623938262462616
5990,0.6232596635818481
5991,0.6234506368637085
5992,0.623923122882843
5993,0.6236494779586792
5994,0.6235513091087341
5995,0.6235308051109314
5996,0.6239542365074158
5997,0.623465895652771
5998,0.623389482498169
5999,0.6238663196563721
6000,0.6232831478118896
6001,0.62389075756073
6002,0.6236059665679932
6003,0.6235167384147644
6004,0.6226809620857239
6005,0.6234470009803772
6006,0.6235456466674805
6007,0.6231016516685486
6008,0.6239400506019592
6010,0.6239299774169922
6011,0.623854398727417
6012,0.6239103078842163
6013,0.6238807439804077
6014,0.6239321231842041
6015,0.6230549216270447
6016,0.6233980059623718
6017,0.6239145398139954
6018,0.6234214305877686
6019,0.6239197850227356
6020,0.6238080263137817
6021,0.6234022378921509
6022,0.6237136721611023
6023,0.6239169239997864
6024,0.6239239573478699
6025,0.6238874793052673
6026,0.6234117746353149
6027,0.6236342787742615
6028,0.623489499092102
6029,0.6238614320755005
6030,0.6234144568443298
6031,0.6231405735015869
6032,0.6234427690505981
6033,0.6232516169548035
6034,0.6238085627555847
6035,0.6239479184150696
6036,0.6237905025482178
6037,0.6234704852104187
6038,0.6237889528274536
6039,0.623771607875824
6040,0.6239184141159058
6041,0.6240124702453613
6042,0.6236177086830139
6043,0.6239044666290283
6044,0.6232721209526062
6045,0.6235036253929138
6046,0.6239563822746277
6047,0.6239080429077148
6048,0.6239936351776123
6049,0.623909056186676
6050,0.623733639717102
6051,0.6238337159156799
6052,0.6238299012184143
6053,0.6238851547241211
6054,0.6239410638809204
6055,0.6237122416496277
6056,0.6238947510719299
6057,0.6232584714889526
6058,0.6236756443977356
6059,0.6228768825531006
6060,0.6238788962364197
6061,0.6236486434936523
6062,0.6239383816719055
6063,0.6240054965019226
6064,0.6234696507453918
6065,0.6237152218818665
6066,0.6239062547683716
6067,0.6238992214202881
6068,0.6239776611328125
6069,0.6237404346466064
6070,0.6234590411186218
6071,0.6235634088516235
6072,0.6235325336456299
6073,0.6238500475883484
6074,0.6234511137008667
6075,0.6236421465873718
6076,0.6235932111740112
6077,0.6239250302314758
6078,0.6234501600265503
6079,0.6232010722160339
6080,0.623716413974762
6081,0.6223849654197693
6082,0.6239360570907593
6083,0.6227033138275146
6084,0.623070240020752
6085,0.6236935257911682
6086,0.6239342093467712
6087,0.6234540343284607
6088,0.6236926317214966
6089,0.6232171058654785
6090,0.6229621767997742
6091,0.6231139302253723
6092,0.6238752603530884
6093,0.6238569617271423
6094,0.6237843632698059
6095,0.6236451864242554
6096,0.623661994934082
6097,0.6238845586776733
6098,0.6231704950332642
6099,0.6231706142425537
6100,0.6239293813705444
6101,0.6237637996673584
6102,0.6231779456138611
6103,0.6238662600517273
6104,0.6238764524459839
6105,0.6235839128494263
6106,0.6239476203918457
6107,0.6238311529159546
6108,0.6228891015052795
6109,0.6229420304298401
6110,0.6239570379257202
6111,0.6237441897392273
6112,0.6239489912986755
6113,0.6233590245246887
6114,0.6238656044006348
6115,0.6233384013175964
6116,0.6238238215446472
6117,0.6239861845970154
6118,0.6233994960784912
6119,0.6228634715080261
6120,0.6235454678535461
6121,0.6231663227081299
6122,0.6235716938972473
6123,0.6232354044914246
6124,0.6232001185417175
6125,0.6233876347541809
6126,0.6239373683929443
6127,0.6235688328742981
6128,0.6232852339744568
6129,0.6235523223876953
6130,0.6239306330680847
6131,0.6239397525787354
6132,0.6230157613754272
6133,0.6239034533500671
6134,0.6239272356033325
6135,0.6235342621803284
6136,0.6239060759544373
6137,0.6239362359046936
6138,0.6236585378646851
6139,0.6236143112182617
6140,0.6239794492721558
6141,0.6239930391311646
6142,0.6238774657249451
6143,0.62343829870224
6144,0.6232669949531555
6145,0.6234920024871826
6146,0.6239346265792847
6147,0.623428463935852
6148,0.6233659386634827
6149,0.6236249208450317
6150,0.6236879825592041
6151,0.6236691474914551
6152,0.6237708926200867
6153,0.6234703660011292
6154,0.6238320469856262
6155,0.6239369511604309
6156,0.6236825585365295
6157,0.6233944296836853
6158,0.6234128475189209
6159,0.6236730217933655
6160,0.6236110925674438
6161,0.6235905885696411
6162,0.6234656572341919
6163,0.6238840818405151
6164,0.6235655546188354
6165,0.6233486533164978
6166,0.6238517761230469
6167,0.6223769187927246
6168,0.6237180233001709
6169,0.6238763928413391
6170,0.6239693760871887
6171,0.6233934760093689
6172,0.6236228346824646
6173,0.6238977313041687
6174,0.6234673857688904
6175,0.6239163875579834
6176,0.623267650604248
6177,0.6239385604858398
6178,0.6227169036865234
6179,0.6233327984809875
6180,0.6236201524734497
6181,0.6231379508972168
6182,0.6233609318733215
6183,0.6233648061752319
6184,0.6239196062088013
6185,0.6235020756721497
6186,0.6233996152877808
6187,0.6238731145858765
6188,0.623991847038269
6189,0.6239082217216492
6190,0.6239345669746399
6191,0.6238751411437988
6192,0.6235706210136414
6193,0.6239182949066162
6194,0.6236406564712524
6195,0.6229903697967529
6196,0.6239467263221741
6197,0.6236627101898193
6198,0.6234080195426941
6199,0.6224411129951477
6200,0.6235350370407104
6201,0.6233504414558411
6202,0.6238604187965393
6203,0.6233386993408203
6204,0.6239115595817566
6205,0.6233465075492859
6206,0.6239449381828308
6207,0.6239941716194153
6208,0.6233393549919128
6209,0.6234985589981079
6210,0.6236374378204346
6211,0.6239222884178162
6212,0.623574435710907
6213,0.6238788962364197
6214,0.6239246129989624
6215,0.6239132881164551
6216,0.62375807762146
6217,0.6239650845527649
6218,0.6239367723464966
6219,0.6238452196121216
6220,0.6238906383514404
6221,0.623568058013916
6222,0.62348872423172
6223,0.6234323382377625
6224,0.6233572363853455
6225,0.6233615875244141
6226,0.6226704120635986
6227,0.6239235401153564
6228,0.6234252452850342
6229,0.6238590478897095
6230,0.6238824129104614
6231,0.6227941513061523
6232,0.6239954829216003
6233,0.6232337355613708
6234,0.623921811580658
6235,0.6238924264907837
6236,0.6236885786056519
6237,0.6236681342124939
6238,0.6236926913261414
6239,0.6238222718238831
6240,0.6233271360397339
6241,0.6238725781440735
6242,0.6238172650337219
6243,0.623931884765625
6244,0.6239321231842041
6245,0.6234718561172485
6246,0.6239072680473328
6247,0.6233002543449402
6248,0.6239017844200134
6249,0.6235930323600769
6250,0.6235531568527222
6251,0.6239073872566223
6252,0.6239059567451477
6253,0.6234480738639832
6254,0.6235017776489258
6255,0.6238690614700317
6256,0.6238921284675598
6257,0.623855471611023
6258,0.6238510608673096
6259,0.6226156949996948
6260,0.6226701140403748
6261,0.6239451169967651
6262,0.6232529282569885
6263,0.6233423948287964
6264,0.6236538290977478
6265,0.6235048174858093
6266,0.6238856315612793
6267,0.6233254671096802
6268,0.6233499646186829
6269,0.6238670945167542
6270,0.6233268976211548
6271,0.6234717965126038
6272,0.6237282752990723
6273,0.6239398717880249
6274,0.6239405274391174
6275,0.6238657236099243
6276,0.623313307762146
6277,0.6238484382629395
6278,0.6230260729789734
6279,0.622973620891571
6280,0.6225668787956238
6281,0.6236593127250671
6282,0.6234493851661682
6283,0.6238844394683838
6284,0.62350994348526
6285,0.6238577961921692
6286,0.6234487891197205
6287,0.623311460018158
6288,0.6239742040634155
6289,0.6234236359596252
6290,0.6238875985145569
6291,0.6239780187606812
6292,0.6236951947212219
6293,0.6237652897834778
6294,0.6239523887634277
6295,0.623390793800354
6296,0.6239525675773621
6297,0.6239117383956909
6298,0.6239668726921082
6299,0.6236318945884705
6300,0.62337327003479
6301,0.6235091090202332
6302,0.6234893798828125
6303,0.6238846182823181
6304,0.6238967776298523
6305,0.6230283975601196
6306,0.623088002204895
6307,0.6237290501594543
6308,0.6239686608314514
6309,0.6238864660263062
6310,0.6233648061752319
6311,0.6234750151634216
6312,0.623730480670929
6313,0.6234717965126038
6314,0.6239603757858276
6315,0.6234369277954102
6316,0.6239955425262451
6317,0.6239327788352966
6318,0.6238974928855896
6319,0.62398362159729
6320,0.6239096522331238
6321,0.6238881349563599
6322,0.6234680414199829
6323,0.6239035725593567
6324,0.6238493323326111
6325,0.6234554052352905
6326,0.6238547563552856
6327,0.6238805651664734
6328,0.6227679252624512
6329,0.6235453486442566
6330,0.6239189505577087
6331,0.6235085725784302
6332,0.6223034262657166
6333,0.6239055395126343
6334,0.6229440569877625
6335,0.6232690811157227
6336,0.6235269904136658
6337,0.6235790848731995
6338,0.6238787174224854
6339,0.6235060691833496
6340,0.6239482164382935
6341,0.6235819458961487
6342,0.6239035129547119
6343,0.6239256262779236
6344,0.623542845249176
6345,0.6235173940658569
6346,0.6234933733940125
6347,0.6226775050163269
6348,0.6239142417907715
6349,0.623278796672821
6350,0.6238011121749878
6351,0.622970700263977
6352,0.6238077878952026
6353,0.6235501766204834
6354,0.6239437460899353
6355,0.6237236857414246
6356,0.6229002475738525
6357,0.6232767105102539
6358,0.6233544945716858
6359,0.623869001865387
6360,0.6238347291946411
6361,0.623953104019165
6362,0.6239479184150696
6363,0.6234105229377747
6364,0.6231552362442017
6365,0.6234084367752075
6366,0.6237509250640869
6367,0.6235338449478149
6368,0.623908281326294
6369,0.623906135559082
6370,0.6239801049232483
6371,0.6233117580413818
6372,0.6234334111213684
6373,0.6233972311019897
6374,0.623813271522522
6375,0.6238935589790344
6376,0.6228049397468567
6377,0.6236995458602905
6378,0.6233068108558655
6379,0.6233525276184082
6380,0.6239253878593445
6381,0.6234127879142761
6382,0.6238680481910706
6383,0.6235631108283997
6384,0.623303234577179
6385,0.6234838962554932
6386,0.6239053010940552
6387,0.6234486699104309
6388,0.6233817934989929
6389,0.6237192749977112
6390,0.6235036849975586
6391,0.623900294303894
6392,0.6236448287963867
6393,0.6238958835601807
6394,0.6238035559654236
6395,0.6234297156333923
6396,0.6234563589096069
6397,0.6235496401786804
6398,0.6235498189926147
6399,0.6240037083625793
6400,0.6234546899795532
6401,0.6234335899353027
6402,0.6234607100486755
6403,0.6239858269691467
6404,0.6238723397254944
6405,0.6226080060005188
6406,0.6238628029823303
6407,0.623432457447052
6408,0.623693585395813
6409,0.6239990592002869
6410,0.6236590147018433
6411,0.623867392539978
6412,0.6239725947380066
6413,0.6234365701675415
6414,0.6239196062088013
6415,0.6236218214035034
6416,0.6238677501678467
6417,0.6236352920532227
6418,0.6239472031593323
6419,0.623691201210022
6420,0.6238974332809448
6421,0.6238874793052673
6422,0.6238539218902588
6423,0.6229499578475952
6424,0.6237204074859619
6425,0.6233946681022644
6426,0.6235181093215942
6427,0.6239602565765381
6428,0.6233704090118408
6429,0.623927891254425
6430,0.6239110827445984
6431,0.6239610314369202
6432,0.6232264637947083
6433,0.6237046718597412
6434,0.623672366142273
6435,0.6238742470741272
6436,0.6225393414497375
6437,0.6234710812568665
6438,0.6239053010940552
6439,0.6239362955093384
6440,0.6239120960235596
6441,0.6232632398605347
6442,0.6238937973976135
6443,0.6232054233551025
6444,0.6233962178230286
6445,0.6233858466148376
6446,0.6228182911872864
6447,0.6232243776321411
6448,0.6237291097640991
6449,0.6240034103393555
6450,0.6235436201095581
6451,0.6238753795623779
6452,0.623907208442688
6453,0.6230629682540894
6454,0.6223370432853699
6455,0.6239482760429382
6456,0.6228750348091125
6457,0.6237321496009827
6458,0.6239285469055176
6459,0.6234338283538818
6460,0.6237863302230835
6461,0.6240083575248718
6462,0.6225627064704895
6463,0.6230668425559998
6464,0.6239070892333984
6465,0.6234230399131775
6466,0.6237075924873352
6467,0.6239250302314758
6468,0.6240041851997375
6469,0.6239268779754639
6470,0.6228556632995605
6471,0.6239079236984253
6472,0.6233104467391968
6473,0.6234070062637329
6474,0.6239281296730042
6475,0.6239033937454224
6476,0.6233084797859192
6477,0.6234383583068848
6478,0.6234540343284607
6479,0.6239632964134216
6480,0.6238703727722168
6481,0.623849630355835
6482,0.6239757537841797
6483,0.6237807273864746
6484,0.6239663362503052
6485,0.6236788630485535
6486,0.6240007281303406
6487,0.6232492923736572
6488,0.6239203810691833
6489,0.6234933733940125
6490,0.6238929033279419
6491,0.6236222982406616
6492,0.624008059501648
6493,0.6235646605491638
6494,0.6224972009658813
6495,0.6234471201896667
6496,0.6239199638366699
6497,0.6229657530784607
6498,0.6234902143478394
6499,0.6238998770713806
6500,0.6234430074691772
6501,0.6239063739776611
6502,0.6235899329185486
6503,0.6234671473503113
6504,0.6239609122276306
6505,0.6231634616851807
6506,0.6238634586334229
6507,0.6235425472259521
6508,0.623630702495575
6509,0.6239162683486938
6510,0.6233881711959839
6511,0.623577892780304
6512,0.623455822467804
6513,0.6234605312347412
6514,0.6239519119262695
6515,0.6239102482795715
6516,0.6237643957138062
6517,0.6239000558853149
6518,0.6238906979560852
6519,0.6236044764518738
6520,0.6238718032836914
6521,0.623490035533905
6522,0.6234279274940491
6523,0.6234630346298218
6524,0.6234279274940491
6525,0.6233773827552795
6526,0.6238994598388672
6527,0.6235057711601257
6528,0.6234018206596375
6529,0.623788595199585
6530,0.6237868070602417
6531,0.6228938698768616
6532,0.6232910752296448
6533,0.6235526204109192
6534,0.6238859295845032
6535,0.6238571405410767
6536,0.6238952279090881
6537,0.6238820552825928
6538,0.6239405274391174
6539,0.623875617980957
6540,0.6226268410682678
6541,0.6237683892250061
6542,0.6237927675247192
6543,0.6231634020805359
6544,0.623436689376831
6545,0.6231175661087036
6546,0.6239162683486938
6547,0.6233953237533569
6548,0.623896062374115
6549,0.6238508820533752
6550,0.6238667368888855
6551,0.6237115263938904
6552,0.6238921284675598
6553,0.6233298778533936
6554,0.6233180165290833
6555,0.6238879561424255
6556,0.6239104866981506
6557,0.623927891254425
6558,0.6238957643508911
6559,0.6233720183372498
6560,0.6238989233970642
6561,0.6233150959014893
6562,0.6239170432090759
6563,0.623504638671875
6564,0.623356282711029
6565,0.6239786148071289
6566,0.6234889030456543
6567,0.6238104104995728
6568,0.6239497661590576
6569,0.6239272952079773
6570,0.6235433220863342
6571,0.6238648295402527
6572,0.6234304308891296
6573,0.6238988041877747
6575,0.6235219836235046
6576,0.6235057711601257
6577,0.6239347457885742
6578,0.622803270816803
6579,0.6238290667533875
6580,0.6233648061752319
6581,0.6239055395126343
6582,0.623772382736206
6583,0.623491108417511
6584,0.6232481002807617
6585,0.6239676475524902
6586,0.6237907409667969
6587,0.6239539384841919
6588,0.6239722371101379
6589,0.6239337921142578
6590,0.6234115958213806
6591,0.6239538192749023
6592,0.6239609122276306
6593,0.6225965023040771
6594,0.6239215731620789
6595,0.6238956451416016
6596,0.6231398582458496
6597,0.623298168182373
6598,0.6238508224487305
6599,0.6230948567390442
6600,0.6228947639465332
6601,0.6238657236099243
6602,0.6239482760429382
6603,0.6238950490951538
6604,0.623947262763977
6605,0.6238605976104736
6606,0.6234419941902161
6607,0.6234623193740845
6608,0.6234155297279358
6609,0.6234616637229919
6610,0.6238764524459839
6611,0.6239652037620544
6612,0.6238751411437988
6613,0.6230118870735168
6614,0.6226179599761963
6615,0.622707724571228
6616,0.6239795088768005
6617,0.6239869594573975
6618,0.6233996748924255
6619,0.623339831829071
6620,0.6238847374916077
6621,0.6238781213760376
6622,0.6238979697227478
6623,0.6237889528274536
6624,0.6239713430404663
6625,0.6234501004219055
6626,0.6234490275382996
6627,0.6238232851028442
6628,0.6239587664604187
6629,0.6239010691642761
6630,0.6238707900047302
6631,0.6237467527389526
6632,0.6239804029464722
6633,0.6239728927612305
6634,0.6238994002342224
6635,0.6234682202339172
6636,0.6235421895980835
6637,0.6234042048454285
6638,0.6234867572784424
6639,0.6235218048095703
6640,0.6239147186279297
6641,0.6239050626754761
6642,0.6239282488822937
6643,0.6238138675689697
6644,0.6239060759544373
6645,0.6239784955978394
6646,0.6232806444168091
6647,0.6239627599716187
6648,0.6237388849258423
6649,0.6230452060699463
6650,0.6239145398139954
6651,0.6233614087104797
6652,0.6239880919456482
6653,0.6239885091781616
6654,0.6239669322967529
6655,0.6239464282989502
6656,0.6235358715057373
6657,0.6239065527915955
6658,0.6234895586967468
6659,0.6235556602478027
6660,0.6238813996315002
6661,0.6234910488128662
6662,0.6237753033638
6663,0.6234689950942993
6664,0.6239926815032959
6665,0.6235381960868835
6666,0.6237121820449829
6667,0.6239103078842163
6668,0.6239014267921448
6669,0.6228703260421753
6670,0.6238441467285156
6671,0.6238892078399658
6672,0.6234450936317444
6673,0.6239675879478455
6674,0.6239686012268066
6675,0.6228041052818298
6676,0.6236913204193115
6677,0.6233067512512207
6678,0.6236312985420227
6679,0.6238498687744141
6680,0.6233752965927124
6681,0.6237069964408875
6682,0.6233380436897278
6683,0.6239887475967407
6684,0.6239361763000488
6685,0.6234703063964844
6686,0.6226158738136292
6687,0.6236992478370667
6688,0.6238616704940796
6689,0.6238799095153809
6690,0.6231197118759155
6691,0.6239116191864014
6692,0.62373286485672
6693,0.6237470507621765
6694,0.6233741641044617
6695,0.6238980889320374
6696,0.6234855651855469
6697,0.6226731538772583
6698,0.6234569549560547
6699,0.6232621073722839
6700,0.6235435009002686
6701,0.6239614486694336
6702,0.6238540410995483
6703,0.6238970160484314
6704,0.6237071752548218
6705,0.6237425208091736
6706,0.6231849789619446
6707,0.6229302287101746
6708,0.6238694190979004
6709,0.6237719058990479
6710,0.6232926845550537
6711,0.623440682888031
6712,0.6232318878173828
6713,0.6234481334686279
6714,0.6239882707595825
6715,0.6232403516769409
6716,0.6236596703529358
6717,0.6235982179641724
6718,0.6239317059516907
6719,0.623878538608551
6720,0.6238711476325989
6721,0.6238749623298645
6722,0.6238978505134583
6723,0.6238912343978882
6724,0.6239398717880249
6725,0.6238948106765747
6726,0.6228435635566711
6727,0.6232092976570129
6728,0.6239753365516663
6729,0.6239157915115356
6730,0.6235240697860718
6731,0.623863935470581
6732,0.62381511926651
6733,0.623704731464386
6734,0.6239771842956543
6735,0.6232341527938843
6736,0.623507559299469
6737,0.6238999366760254
6738,0.6239348649978638
6739,0.6239823698997498
6740,0.6232796311378479
6741,0.6236103177070618
6742,0.6237155795097351
6743,0.6229445934295654
6744,0.6238842606544495
6745,0.623507559299469
6746,0.6238675713539124
6747,0.623561441898346
6748,0.6239725947380066
6749,0.6234763264656067
6750,0.6229087710380554
6751,0.6233600378036499
6752,0.6238821148872375
6753,0.6238818168640137
6754,0.6238875389099121
6755,0.6226942539215088
6756,0.6233667731285095
6757,0.6238864660263062
6758,0.6234588027000427
6759,0.623894453048706
6760,0.6239466071128845
6761,0.6239262819290161
6762,0.6233744621276855
6763,0.6227018237113953
6764,0.6239667534828186
6765,0.6230921745300293
6766,0.6238946318626404
6767,0.623649537563324
6768,0.6238834261894226
6769,0.6239955425262451
6770,0.6238887310028076
6771,0.623805582523346
6772,0.6239376664161682
6773,0.6239466071128845
6774,0.6239202618598938
6775,0.6235615015029907
6776,0.6239047050476074
6777,0.6239153742790222
6778,0.6239312291145325
6779,0.623441755771637
6780,0.6233552098274231
6781,0.6238810420036316
6782,0.6239645481109619
6783,0.6237859725952148
6784,0.6238969564437866
6785,0.6238721013069153
6786,0.6236709356307983
6787,0.6234927773475647
6788,0.6231449842453003
6789,0.6238712668418884
6790,0.6235063672065735
6791,0.6239082217216492
6792,0.6228796243667603
6793,0.6238719820976257
6794,0.6225994229316711
6795,0.623904287815094
6796,0.6238691210746765
6797,0.6234011650085449
6798,0.6235846877098083
6799,0.6225281357765198
6800,0.623273491859436
6801,0.6238796710968018
6802,0.6238081455230713
6803,0.6239786744117737
6804,0.623242199420929
6805,0.6235384941101074
6806,0.6236652731895447
6807,0.6239151358604431
6808,0.6239824295043945
6809,0.6232336163520813
6810,0.6234130859375
6811,0.6238852143287659
6812,0.623910129070282
6813,0.6239227056503296
6814,0.623549222946167
6815,0.6238282918930054
6816,0.6233184933662415
6817,0.6239106059074402
6818,0.6239840984344482
6819,0.6238990426063538
6820,0.6239327788352966
6821,0.623971164226532
6822,0.6237982511520386
6823,0.6238924264907837
6824,0.623849093914032
6825,0.623202383518219
6826,0.6237102150917053
6827,0.623431921005249
6828,0.6238992214202881
6829,0.6239071488380432
6830,0.6238747835159302
6831,0.6233874559402466
6832,0.6239896416664124
6833,0.6239099502563477
6834,0.6238934397697449
6835,0.6238779425621033
6836,0.6236639618873596
6837,0.6239458322525024
6838,0.6238783597946167
6839,0.6239172220230103
6840,0.6237703561782837
6841,0.6238755583763123
6842,0.6239497661590576
6843,0.6239926815032959
6844,0.6239662766456604
6845,0.6234215497970581
6846,0.6239164471626282
6847,0.6239610314369202
6848,0.6235131621360779
6849,0.6233269572257996
6850,0.6234691143035889
6851,0.6236921548843384
6852,0.623372495174408
6853,0.623510479927063
6854,0.6234265565872192
6855,0.6234381198883057
6856,0.6239234209060669
6857,0.6238324642181396
6858,0.6228920221328735
6859,0.6234360337257385
6860,0.62382572889328
6861,0.6238992214202881
6862,0.6224843859672546
6863,0.6233610510826111
6864,0.6239822506904602
6865,0.6233643889427185
6866,0.6239554286003113
6867,0.623403012752533
6868,0.6233600378036499
6869,0.6239297389984131
6870,0.6235296726226807
6871,0.6233159899711609
6872,0.6235672831535339
6873,0.6236962080001831
6874,0.622577428817749
6875,0.6239012479782104
6876,0.6239821910858154
6877,0.6232627034187317
6878,0.6235313415527344
6879,0.6230598092079163
6880,0.6239171028137207
6881,0.6236247420310974
6882,0.6235114932060242
6883,0.6230038404464722
6884,0.6234750747680664
6885,0.6239767074584961
6886,0.6234050393104553
6887,0.6238877773284912
6888,0.623941957950592
6889,0.623665988445282
6890,0.6233801245689392
6891,0.6239200234413147
6892,0.623939037322998
6893,0.6234275698661804
6894,0.6237214803695679
6895,0.6237183809280396
6896,0.6237509846687317
6897,0.6239050626754761
6898,0.6236105561256409
6899,0.623978316783905
6900,0.6234663128852844
6901,0.6235531568527222
6902,0.6227482557296753
6903,0.623890221118927
6904,0.623319685459137
6905,0.6239532828330994
6907,0.6238805651664734
6908,0.6236862540245056
6909,0.6238958835601807
6910,0.6238986253738403
6911,0.6239213943481445
6912,0.6236660480499268
6913,0.6236626505851746
6914,0.623875081539154
6915,0.6233313083648682
6916,0.6238837242126465
6917,0.6229245662689209
6918,0.6239332556724548
6919,0.6232230067253113
6920,0.6238819360733032
6921,0.623437762260437
6922,0.6239157915115356
6923,0.6229857802391052
6924,0.6239229440689087
6925,0.6239038109779358
6926,0.6235952973365784
6927,0.623921275138855
6928,0.6239718794822693
6929,0.6239727139472961
6930,0.6233781576156616
6931,0.6233206391334534
6932,0.6236310601234436
6933,0.6234345436096191
6934,0.6238939762115479
6935,0.6234583854675293
6936,0.6236610412597656
6937,0.623680591583252
6938,0.6235663890838623
6939,0.623503565788269
6940,0.6233344078063965
6941,0.6238011121749878
6942,0.6234822273254395
6943,0.6239348649978638
6944,0.6232793927192688
6945,0.6236459016799927
6946,0.6233479380607605
6947,0.6239499449729919
6948,0.6238394379615784
6949,0.6230774521827698
6950,0.623933732509613
6951,0.6239925622940063
6952,0.6238943338394165
6953,0.623930037021637
6954,0.6238269209861755
6955,0.6235117316246033
6956,0.6239855885505676
6957,0.6235859394073486
6958,0.6229302883148193
6959,0.6238194108009338
6960,0.6236522793769836
6961,0.6233843564987183
6962,0.6238650679588318
6963,0.6235285997390747
6964,0.6234819293022156
6965,0.623274028301239
6966,0.6238919496536255
6967,0.6233596205711365
6968,0.623452365398407
6969,0.6238563060760498
6970,0.623748242855072
6971,0.623740553855896
6972,0.6237986087799072
6973,0.6232361793518066
6974,0.6238851547241211
6975,0.6234620213508606
6976,0.6238730549812317
6977,0.6231104135513306
6978,0.6238439679145813
6979,0.623952329158783
6980,0.6239498853683472
6981,0.6237053275108337
6982,0.6232236623764038
6983,0.6239007711410522
6984,0.6239550709724426
6985,0.6239067316055298
6986,0.6228633522987366
6987,0.622783899307251
6988,0.6237969398498535
6989,0.6234865188598633
6990,0.6239103078842163
6991,0.6239573955535889
6992,0.6235050559043884
6993,0.6238936185836792
6994,0.6239275932312012
6995,0.6239832639694214
6996,0.6227469444274902
6997,0.6234675049781799
6998,0.623873770236969
6999,0.6239662170410156
7000,0.6236712336540222
7001,0.6236603260040283
7002,0.6236231327056885
7003,0.6235891580581665
7004,0.6234672665596008
7005,0.6238577961921692
7006,0.6239604353904724
7007,0.6239388585090637
7008,0.6239567995071411
7009,0.6232019066810608
7010,0.6239238977432251
7011,0.6238872408866882
7012,0.6239651441574097
7013,0.6238967180252075
7014,0.6239595413208008
7015,0.6234011054039001
7016,0.623903751373291
7017,0.6237664222717285
7018,0.6235882639884949
7019,0.6235010623931885
7020,0.6234195828437805
7021,0.6228967308998108
7022,0.6230658888816833
7023,0.6238970756530762
7024,0.623988926410675
7025,0.6235654950141907
7026,0.6232806444168091
7027,0.6231735944747925
7028,0.6239711046218872
7029,0.6233921051025391
7030,0.6239258646965027
7031,0.6239815950393677
7032,0.6239162683486938
7033,0.6233239769935608
7034,0.6235442161560059
7035,0.6234848499298096
7036,0.623720109462738
7037,0.623835563659668
7038,0.6234474778175354
7039,0.6239073276519775
7040,0.6233025193214417
7041,0.6239280700683594
7042,0.6234458088874817
7043,0.6237332820892334
7044,0.6238849759101868
7045,0.6238793134689331
7046,0.6238560676574707
7047,0.6239756941795349
7048,0.6238444447517395
7049,0.623628556728363
7050,0.6232316493988037
7051,0.6238828301429749
7052,0.6239117980003357
7053,0.6235193014144897
7054,0.623510479927063
7055,0.6239184141159058
7056,0.6227895021438599
7057,0.623848557472229
7058,0.6238976716995239
7059,0.622998833656311
7060,0.6239263415336609
7061,0.6234263777732849
7062,0.6239052414894104
7063,0.6237598657608032
7064,0.6232606768608093
7065,0.623926043510437
7066,0.6238694787025452
7067,0.6239062547683716
7068,0.6234750151634216
7069,0.6232362985610962
7070,0.6239139437675476
7071,0.6238898038864136
7072,0.6235563158988953
7073,0.623884379863739
7074,0.6239220499992371
7075,0.6232977509498596
7076,0.6236855387687683
7077,0.6233041882514954
7078,0.6239128708839417
7079,0.6232644319534302
7080,0.6239181160926819
7081,0.6234266757965088
7082,0.6235470175743103
7083,0.6232827305793762
7084,0.6228766441345215
7085,0.6233438849449158
7086,0.6239168047904968
7087,0.6225897669792175
7088,0.6237214207649231
7089,0.6238991022109985
7090,0.6238903999328613
7091,0.6238633990287781
7092,0.6238847374916077
7093,0.6239295601844788
7094,0.6239074468612671
7095,0.6240035891532898
7096,0.6237797737121582
7097,0.6233500838279724
7098,0.6233186721801758
7099,0.6236825585365295
7100,0.6239666938781738
7101,0.623904287815094
7102,0.6239432096481323
7103,0.6237657070159912
7104,0.6239234209060669
7105,0.6239209175109863
7106,0.6226879358291626
7107,0.6235940456390381
7108,0.6239239573478699
7109,0.623926043510437
7110,0.6235553622245789
7111,0.6232239603996277
7112,0.623839259147644
7113,0.6230745315551758
7114,0.6238998770713806
7115,0.6232001185417175
7116,0.6227878928184509
7117,0.6239044070243835
7118,0.6239089965820312
7119,0.6238640546798706
7120,0.6228305101394653
7121,0.623339831829071
7122,0.6234840154647827
7123,0.6238204836845398
7124,0.623093843460083
7125,0.6233779191970825
7126,0.623062789440155
7127,0.6234744191169739
7128,0.6239052414894104
7129,0.6236119270324707
7130,0.6232513785362244
7131,0.6232149600982666
7132,0.6238914728164673
7133,0.6235511898994446
7134,0.6239123940467834
7135,0.6239194273948669
7136,0.6238549947738647
7137,0.6239382028579712
7138,0.6230824589729309
7139,0.6235194206237793
7140,0.6234859228134155
7141,0.6238813996315002
7142,0.62353515625
7143,0.6239973902702332
7144,0.6232236623764038
7145,0.6239647269248962
7146,0.6238815784454346
7147,0.6234319806098938
7148,0.623947024345398
7149,0.6232074499130249
7150,0.623891294002533
7151,0.623714804649353
7152,0.6239455342292786
7153,0.6237791180610657
7154,0.6233776807785034
7155,0.623257577419281
7156,0.6238884329795837
7157,0.6234829425811768
7158,0.6234567165374756
7159,0.623971700668335
7160,0.6239541172981262
7161,0.622378408908844
7162,0.623670220375061
7163,0.6240047812461853
7164,0.623885452747345
7165,0.6232959032058716
7166,0.6240042448043823
7167,0.6233890056610107
7168,0.6239152550697327
7169,0.6235671639442444
7170,0.6239195466041565
7171,0.6229063868522644
7172,0.6234613656997681
7173,0.6232306957244873
7174,0.6234686970710754
7175,0.6234617829322815
7176,0.6239317059516907
7177,0.6230654120445251
7178,0.6232686638832092
7179,0.6239920854568481
7180,0.6238791942596436
7181,0.6239793300628662
7182,0.6238893270492554
7183,0.6236778497695923
7184,0.6238717436790466
7185,0.6234597563743591
7186,0.6233251690864563
7187,0.6235049366950989
7188,0.6231860518455505
7189,0.6238861680030823
7190,0.6239086389541626
7191,0.6239178776741028
7192,0.6239734292030334
7193,0.6230605244636536
7194,0.623961865901947
7195,0.6238619685173035
7196,0.6234384179115295
7197,0.6235216856002808
7198,0.6235554814338684
7199,0.623871386051178
7200,0.6236950159072876
7201,0.6238709092140198
7202,0.6238839626312256
7203,0.6238638162612915
7204,0.6233353018760681
7205,0.6230566501617432
7206,0.6239535808563232
7207,0.6239235401153564
7208,0.6238883137702942
7209,0.6239514350891113
7210,0.6235045790672302
7211,0.6225983500480652
7212,0.62368243932724
7213,0.6239478588104248
7214,0.6227484941482544
7215,0.6234893798828125
7216,0.6237814426422119
7217,0.6231980919837952
7218,0.6233519315719604
7219,0.6235610246658325
7220,0.6239027380943298
7221,0.6239513754844666
7222,0.6228708028793335
7223,0.6239892244338989
7224,0.623350203037262
7225,0.6239213943481445
7226,0.62359219789505
7227,0.6239010691642761
7228,0.6235030889511108
7229,0.6236850619316101
7230,0.6238980889320374
7231,0.6236240863800049
7232,0.6238341331481934
7233,0.6238788962364197
7234,0.6238996386528015
7235,0.6234892010688782
7236,0.623845636844635
7237,0.623924732208252
7238,0.6239395141601562
7239,0.6235694289207458
7240,0.6239723563194275
7241,0.623426079750061
7242,0.6237244009971619
7243,0.6238222718238831
7244,0.6233809590339661
7245,0.6234726309776306
7246,0.6234405040740967
7247,0.6239650249481201
7248,0.6233470439910889
7249,0.6229766011238098
7250,0.623572587966919
7251,0.6239184141159058
7253,0.623928964138031
7254,0.6238146424293518
7255,0.6237432360649109
7256,0.6236565113067627
7257,0.6239692568778992
7258,0.623921275138855
7259,0.6239685416221619
7260,0.6234015822410583
7261,0.6238197684288025
7262,0.6238285899162292
7263,0.6236885786056519
7264,0.6239344477653503
7265,0.6232679486274719
7266,0.6236917972564697
7267,0.6224477887153625
7268,0.6239384412765503
7269,0.623604953289032
7270,0.6238705515861511
7271,0.6233463883399963
7272,0.6234357953071594
7273,0.6234536170959473
7274,0.6239429116249084
7275,0.6229552626609802
7276,0.6238320469856262
7277,0.6226485967636108
7278,0.6238642334938049
7279,0.6239579916000366
7280,0.623283326625824
7281,0.6235084533691406
7282,0.6239750981330872
7283,0.6238770484924316
7284,0.6239818334579468
7285,0.6238781213760376
7286,0.6239013671875
7287,0.6239040493965149
7288,0.6232365369796753
7289,0.6235256791114807
7290,0.6239256262779236
7291,0.6238919496536255
7292,0.6239399313926697
7293,0.6233612298965454
7294,0.6235175728797913
7295,0.6235767006874084
7296,0.6235732436180115
7297,0.6239354610443115
7298,0.6230040192604065
7299,0.6238721013069153
7300,0.6237919330596924
7301,0.6232072710990906
7302,0.6227293610572815
7303,0.62364661693573
7304,0.6235429644584656
7305,0.6239887475967407
7306,0.6239139437675476
7307,0.623542070388794
7308,0.6234239935874939
7309,0.6231796145439148
7310,0.6234615445137024
7311,0.6229420900344849
7312,0.6234043836593628
7313,0.623916745185852
7314,0.6238241791725159
7315,0.6237831115722656
7316,0.6232832670211792
7317,0.6237887144088745
7318,0.6231739521026611
7319,0.6233640909194946
7320,0.6236716508865356
7321,0.6236631274223328
7322,0.6238625645637512
7323,0.6239023804664612
7324,0.6238719820976257
7325,0.6238870620727539
7326,0.6235472559928894
7327,0.6238948702812195
7328,0.6239253282546997
7329,0.6238539814949036
7330,0.6237747669219971
7331,0.623940110206604
7332,0.6236088871955872
7333,0.6235601902008057
7334,0.623935878276825
7335,0.623727023601532
7336,0.6232466697692871
7337,0.6234387755393982
7338,0.6239210367202759
7339,0.623850405216217
7340,0.6234311461448669
7341,0.6238926649093628
7342,0.6238294243812561
7343,0.6239000558853149
7344,0.6236482858657837
7345,0.623881459236145
7346,0.6239168047904968
7347,0.623908281326294
7348,0.623989999294281
7349,0.6239017248153687
7350,0.6239032745361328
7351,0.6239898204803467
7352,0.623721718788147
7353,0.6239082217216492
7354,0.6229528188705444
7355,0.6237286925315857
7356,0.6239873766899109
7357,0.6238970160484314
7358,0.6238977909088135
7359,0.6239756941795349
7360,0.6238788962364197
7361,0.6231180429458618
7362,0.6236522793769836
7363,0.623915433883667
7364,0.6231834888458252
7365,0.6240078210830688
7366,0.6233885288238525
7367,0.6239078044891357
7368,0.6238937377929688
7369,0.6229062676429749
7370,0.6229667067527771
7371,0.6231781840324402
7372,0.623395562171936
7373,0.6233229637145996
7374,0.6239267587661743
7375,0.6238113045692444
7376,0.6235084533691406
7377,0.6229817867279053
7378,0.6236307621002197
7379,0.6233706474304199
7380,0.6237959265708923
7381,0.623560905456543
7382,0.6238716840744019
7383,0.6238439083099365
7384,0.6234557032585144
7385,0.6238954067230225
7386,0.6238833665847778
7387,0.6234275102615356
7388,0.6238882541656494
7389,0.6237607002258301
7390,0.6238709092140198
7391,0.6231775879859924
7392,0.6231470108032227
7393,0.6234615445137024
7394,0.6239328980445862
7395,0.6239152550697327
7396,0.6232817769050598
7397,0.6234384179115295
7398,0.6238574385643005
7399,0.6239489316940308
7400,0.6238909363746643
7401,0.6229727864265442
7402,0.6235688328742981
7403,0.6228830814361572
7404,0.6235073208808899
7405,0.623408317565918
7406,0.6239063739776611
7407,0.6235252022743225
7408,0.6237809062004089
7409,0.6239438652992249
7410,0.62333083152771
7411,0.6238972544670105
7412,0.6234176158905029
7413,0.6229978203773499
7414,0.6238815784454346
7415,0.6231818795204163
7416,0.6235044598579407
7417,0.6234285235404968
7418,0.6238016486167908
7419,0.6232181787490845
7420,0.6231513619422913
7421,0.6238747835159302
7422,0.6239708662033081
7423,0.6233603954315186
7424,0.6238064765930176
7425,0.6238755583763123
7426,0.6239087581634521
7427,0.6234573125839233
7428,0.6237140893936157
7429,0.6235530376434326
7430,0.6238352656364441
7431,0.6234142780303955
7432,0.62397700548172
7433,0.6235348582267761
7434,0.6239748597145081
7435,0.6237499117851257
7436,0.623519241809845
7437,0.6238194108009338
7438,0.6238629221916199
7439,0.6235149502754211
7440,0.6234856247901917
7441,0.6239786148071289
7442,0.6238903403282166
7443,0.622947096824646
7444,0.6236618757247925
7445,0.623898446559906
7447,0.623914897441864
7448,0.6235981583595276
7449,0.6235964298248291
7450,0.6239977478981018
7451,0.623855471611023
7452,0.6234992742538452
7453,0.6237762570381165
7454,0.6239898204803467
7455,0.6230940818786621
7456,0.6238135099411011
7457,0.6239566802978516
7458,0.6233718395233154
7459,0.6238976120948792
7460,0.6238805651664734
7461,0.6238736510276794
7462,0.6226471066474915
7463,0.6233993172645569
7464,0.6235923767089844
7465,0.623387336730957
7466,0.6238613128662109
7467,0.6236901879310608
7468,0.6239975690841675
7469,0.6238703727722168
7470,0.6238588094711304
7471,0.6238868832588196
7472,0.623467206954956
7473,0.6232768893241882
7474,0.6228676438331604
7475,0.623855471611023
7476,0.6234748363494873
7477,0.6238822937011719
7478,0.6239750981330872
7479,0.6239025592803955
7480,0.6233392953872681
7481,0.6239057779312134
7482,0.6235962510108948
7483,0.622511088848114
7484,0.6238995790481567
7485,0.6239347457885742
7486,0.6239235997200012
7487,0.6239532232284546
7488,0.6239107251167297
7489,0.6238885521888733
7490,0.6234452128410339
7491,0.6235648989677429
7492,0.6237724423408508
7493,0.6233572363853455
7494,0.6239702701568604
7495,0.6236695647239685
7496,0.6239753365516663
7497,0.6238715648651123
7498,0.6231298446655273
7499,0.6238955855369568
7500,0.6239169239997864
7501,0.6230409741401672
7502,0.6237505674362183
7503,0.6233687400817871
7504,0.6236706972122192
7505,0.6234619617462158
7506,0.6239347457885742
7507,0.6239315867424011
7508,0.6238892078399658
7509,0.6239196062088013
7510,0.6235567331314087
7511,0.6238959431648254
7512,0.623951256275177
7513,0.6224244236946106
7514,0.6233511567115784
7515,0.6238458156585693
7516,0.6232512593269348
7517,0.6238632202148438
7518,0.6239054203033447
7519,0.6238527297973633
7520,0.6238803863525391
7521,0.6231702566146851
7522,0.6237805485725403
7523,0.6236945986747742
7524,0.6233253479003906
7525,0.622570276260376
7526,0.6231859922409058
7527,0.6239572763442993
7528,0.6233290433883667
7529,0.623918890953064
7530,0.6239372491836548
7531,0.6239285469055176
7532,0.6239221692085266
7533,0.6237468719482422
7534,0.6239524483680725
7535,0.6239218711853027
7536,0.6239087581634521
7537,0.6239582300186157
7538,0.6228041052818298
7539,0.6239654421806335
7540,0.6234222054481506
7541,0.623489260673523
7542,0.6234286427497864
7543,0.6235301494598389
7544,0.6237698793411255
7545,0.6233357191085815
7546,0.6233760118484497
7547,0.6231834888458252
7548,0.6233888268470764
7549,0.623949408531189
7550,0.623894214630127
7551,0.623198390007019
7552,0.6230241656303406
7553,0.6236640214920044
7554,0.6236767172813416
7555,0.6239755153656006
7556,0.6234691739082336
7557,0.6239174604415894
7558,0.6233711242675781
7559,0.6230524182319641
7560,0.6227707266807556
7561,0.6233614683151245
7562,0.6234579682350159
7563,0.623934805393219
7564,0.6225643157958984
7565,0.6238915920257568
7566,0.6239094138145447
7567,0.6235227584838867
7568,0.6237838864326477
7569,0.6234281659126282
7570,0.6227272152900696
7571,0.6232941746711731
7572,0.6237915754318237
7573,0.6238900423049927
7574,0.6234046816825867
7575,0.623077392578125
7576,0.6234950423240662
7577,0.6224536299705505
7578,0.6232730746269226
7579,0.6233880519866943
7580,0.6233780980110168
7581,0.6238857507705688
7582,0.6234727501869202
7583,0.6235116124153137
7584,0.6236569285392761
7585,0.6239124536514282
7586,0.6234548091888428
7587,0.6238816380500793
7588,0.623887300491333
7589,0.6238924860954285
7590,0.6237004995346069
7591,0.623717725276947
7592,0.6233386993408203
7593,0.6238837242126465
7594,0.6238842606544495
7595,0.6240072250366211
7596,0.6238148212432861
7597,0.6238816380500793
7598,0.6236721873283386
7599,0.6237218976020813
7600,0.6236558556556702
7601,0.6236683130264282
7602,0.6235119104385376
7603,0.6239170432090759
7604,0.623744785785675
7605,0.6231823563575745
7606,0.6233842968940735
7607,0.6238564252853394
7608,0.6234323382377625
7609,0.623735249042511
7610,0.6234548687934875
7611,0.6239712238311768
7612,0.623894453048706
7613,0.6238089203834534
7614,0.6237974166870117
7615,0.6239399313926697
7616,0.6233953833580017
7617,0.6239199638366699
7618,0.6239092946052551
7619,0.6233279705047607
7620,0.6226431131362915
7621,0.6238440275192261
7622,0.6238836050033569
7623,0.6234681606292725
7624,0.6236822605133057
7625,0.6233571171760559
7626,0.6235092878341675
7627,0.6239508986473083
7628,0.6238542199134827
7629,0.6239771842956543
7630,0.623988926410675
7631,0.6232487559318542
7632,0.6239996552467346
7633,0.6223711967468262
7634,0.6239445209503174
7635,0.6229217648506165
7636,0.6238967180252075
7637,0.6238064765930176
7638,0.6235361099243164
7639,0.6234328746795654
7640,0.622701108455658
7641,0.6232179403305054
7642,0.6239327788352966
7643,0.6234849095344543
7644,0.6238959431648254
7645,0.6236034631729126
7646,0.6238738894462585
7647,0.6234647631645203
7648,0.6237672567367554
7649,0.62359219789505
7650,0.6239286661148071
7651,0.6238839626312256
7652,0.6239807605743408
7653,0.6237183809280396
7654,0.6239569783210754
7655,0.6239457726478577
7656,0.6239665150642395
7657,0.6233411431312561
7658,0.6235977411270142
7659,0.623665988445282
7660,0.6227154731750488
7661,0.6235162615776062
7662,0.6238468885421753
7663,0.6232734322547913
7664,0.6228241324424744
7665,0.6236075758934021
7666,0.6237223744392395
7667,0.6235664486885071
7668,0.6232231855392456
7669,0.6235583424568176
7670,0.6239609122276306
7671,0.6239964962005615
7672,0.6234045028686523
7673,0.6235026121139526
7674,0.6238035559654236
7675,0.6234601140022278
7676,0.6236626505851746
7677,0.6237820386886597
7678,0.6238683462142944
7679,0.6231147646903992
7680,0.6232307553291321
7681,0.6239637136459351
7682,0.6239767074584961
7683,0.6239641904830933
7684,0.6230853199958801
7685,0.6227604150772095
7686,0.623927891254425
7687,0.6233990788459778
7688,0.6232308149337769
7689,0.6233078241348267
7690,0.6235010623931885
7691,0.6234983205795288
7692,0.6238067150115967
7693,0.6235997080802917
7694,0.6235001087188721
7695,0.6239023804664612
7696,0.6238862872123718
7697,0.6240002512931824
7698,0.6235362887382507
7699,0.6239553689956665
7700,0.6233798265457153
7701,0.6237595677375793
7702,0.622947633266449
7703,0.6236972212791443
7704,0.6234456896781921
7705,0.6238874793052673
7706,0.623589038848877
7707,0.6238530874252319
7708,0.6238785982131958
8863,0.6239674091339111
8864,0.6239639520645142
8865,0.6232457756996155
8866,0.6234045028686523
8867,0.6237751245498657
8868,0.6239059567451477
8869,0.6239191293716431
8870,0.6240085959434509
8871,0.6238517165184021
8872,0.6236192584037781
8873,0.6238914728164673
8874,0.6239752173423767
8875,0.623862087726593
8876,0.6239608526229858
8877,0.6239453554153442
8878,0.6238807439804077
8879,0.6239968538284302
8880,0.6238751411437988
8881,0.6235830187797546
8882,0.6238939762115479
8883,0.6231679916381836
8884,0.6238915920257568
8885,0.6231343746185303
8886,0.6238707304000854
8887,0.6226261854171753
8888,0.6238812208175659
8889,0.6238572001457214
8890,0.6235713958740234
8891,0.6232160329818726
8892,0.6229695677757263
8893,0.6240047216415405
8894,0.623886227607727
8895,0.6235234141349792
8896,0.6234654784202576
8897,0.6239317655563354
8898,0.6237576007843018
8899,0.6239759922027588
8900,0.6238688826560974
8901,0.6239818334579468
8902,0.6233184337615967
8903,0.6239215731620789
8904,0.6237531900405884
8905,0.623282253742218
8906,0.6236793398857117
8907,0.6239727735519409
8908,0.6239480972290039
8909,0.623665452003479
8910,0.623904287815094
8911,0.623579740524292
8912,0.6239064335823059
8913,0.6239059567451477
8914,0.6238782405853271
8915,0.623430073261261
8916,0.6238847970962524
8917,0.6239544153213501
8918,0.6239961981773376
8919,0.6226531267166138
8920,0.6239711046218872
8921,0.6238549947738647
8922,0.6237444281578064
8923,0.6233333349227905
8924,0.6234629154205322
8925,0.6239365339279175
8926,0.6238883137702942
8927,0.6237242817878723
8928,0.6239435076713562
8929,0.6238973140716553
8930,0.6239328384399414
8931,0.6224701404571533
8932,0.6238463521003723
8933,0.623704731464386
8934,0.6238914728164673
8935,0.6239340305328369
8936,0.6238762140274048
8937,0.6239467859268188
8938,0.6238919496536255
8939,0.6231510043144226
8940,0.6237789392471313
8941,0.6237263083457947
8942,0.6238896250724792
8943,0.6239097118377686
8944,0.6239228844642639
8945,0.6239765882492065
8946,0.6228109002113342
8947,0.6235911250114441
8948,0.6232494711875916
8949,0.6239623427391052
8950,0.6239849925041199
8951,0.6234734654426575
8952,0.6239199638366699
8953,0.6239333748817444
8954,0.6232655644416809
8955,0.6232040524482727
8956,0.6238803863525391
8957,0.6236935257911682
8958,0.6236954927444458
8959,0.6233105659484863
8960,0.6239898800849915
8961,0.6239147782325745
8962,0.6234869956970215
8963,0.6239192485809326
8964,0.6239787340164185
8965,0.6236677169799805
8966,0.62388676404953
8967,0.6235067844390869
8968,0.6233430504798889
8969,0.6239310503005981
8970,0.6238917112350464
8971,0.6239430904388428
8972,0.623605489730835
8973,0.623496413230896
8974,0.623086154460907
8975,0.623974621295929
8976,0.6239551901817322
8977,0.6237432360649109
8978,0.6236565113067627
8979,0.6237257122993469
8980,0.623893141746521
8981,0.6236944198608398
8982,0.6239662170410156
8983,0.6236478686332703
8984,0.6227445602416992
8985,0.623919665813446
8986,0.6235774159431458
8987,0.6234419941902161
8988,0.6239328980445862
8989,0.6238529682159424
8990,0.623698890209198
8991,0.6239739060401917
8992,0.6239683628082275
8993,0.623960018157959
8994,0.6239917278289795
8995,0.6235770583152771
8996,0.6238749623298645
8997,0.6238760948181152
8998,0.6231442093849182
8999,0.6228349804878235
9000,0.6239597797393799
9001,0.6238939166069031
9002,0.6239947080612183
9003,0.6239394545555115
9004,0.6235297322273254
9005,0.6228480339050293
9006,0.6226547360420227
9007,0.6239306330680847
9008,0.623735785484314
9009,0.6235229969024658
9010,0.6238986253738403
9011,0.6238069534301758
9012,0.6239205598831177
9013,0.6238943934440613
9014,0.6239346861839294
9015,0.6239322423934937
9016,0.6235425472259521
9017,0.6226195096969604
9018,0.6240050792694092
9019,0.6235348582267761
9020,0.6239796876907349
9021,0.6235164403915405
9022,0.6235187649726868
9023,0.6238948106765747
9024,0.6238861083984375
9025,0.6228356957435608
9026,0.6239791512489319
9027,0.6236370205879211
9028,0.6238730549812317
9029,0.6238493323326111
9030,0.6239518523216248
9031,0.6239147186279297
9032,0.6238371133804321
9033,0.623980700969696
9034,0.6237817406654358
9035,0.6237693428993225
9036,0.6237886548042297
9037,0.6231517791748047
9038,0.6231594085693359
9039,0.6238429546356201
9040,0.6233943104743958
9041,0.6239680051803589
9042,0.6237268447875977
9043,0.6235244870185852
9044,0.6237471103668213
9045,0.6239643096923828
9046,0.6231505274772644
9047,0.6229498386383057
9048,0.6239825487136841
9049,0.6234962344169617
9050,0.6239030957221985
9051,0.6237529516220093
9052,0.6227225065231323
9053,0.6234529614448547
9054,0.6239327192306519
9055,0.6239461302757263
9056,0.6239392757415771
9057,0.6240097284317017
9058,0.6231772899627686
9059,0.6239746809005737
9060,0.6239362359046936
9061,0.6236324310302734
9062,0.6239874362945557
9063,0.6238775253295898
9064,0.6239816546440125
9065,0.6238303780555725
9066,0.6235587000846863
9067,0.6238947510719299
9068,0.6238849759101868
9069,0.6234217286109924
9070,0.6227874159812927
9071,0.6234962940216064
9072,0.6237801313400269
9073,0.623926043510437
9074,0.6236796379089355
9075,0.6234317421913147
9076,0.623982846736908
9077,0.6239327788352966
9078,0.62290358543396
9079,0.6238813996315002
9080,0.6238958835601807
9081,0.6239692568778992
9082,0.6237580180168152
9083,0.6236920356750488
9084,0.6239181160926819
9085,0.6239107251167297
9086,0.6238375902175903
9087,0.6239151358604431
9088,0.6235769987106323
9089,0.6238465905189514
9090,0.6238824129104614
9091,0.6236608624458313
9092,0.6239956617355347
9093,0.6239110827445984
9094,0.6238677501678467
9095,0.6235179901123047
9096,0.6237252354621887
9097,0.6239369511604309
9098,0.6239407062530518
9099,0.623950719833374
9100,0.62392258644104
9101,0.6238727569580078
9102,0.6238897442817688
9103,0.6240045428276062
9104,0.6238994002342224
9105,0.623905599117279
9106,0.623245894908905
9107,0.6239007115364075
9108,0.6239932179450989
9109,0.6239625215530396
9110,0.6238180994987488
9111,0.6235244274139404
9112,0.6237437725067139
9113,0.6239169239997864
9114,0.6236606240272522
9115,0.6238102912902832
9116,0.6237189173698425
9117,0.6236347556114197
9118,0.6233530640602112
9119,0.6238947510719299
9121,0.6235082745552063
9122,0.6238241195678711
9123,0.6239015460014343
9124,0.6235237121582031
9125,0.6239348649978638
9126,0.6228175163269043
9127,0.6239281296730042
9128,0.6239750385284424
9129,0.6238692998886108
9130,0.6237646341323853
9131,0.6239308714866638
9132,0.6231588125228882
9133,0.6239474415779114
9134,0.6236821413040161
9135,0.6236581206321716
9136,0.6238837242126465
9137,0.6239888668060303
9138,0.6231096386909485
9139,0.6232472062110901
9140,0.6238887310028076
9141,0.6239230632781982
9142,0.6239120364189148
9143,0.6230672597885132
9144,0.6239379048347473
9145,0.6237625479698181
9146,0.6239365339279175
9147,0.6237987279891968
9148,0.6238663196563721
9149,0.6238255500793457
9150,0.6238893866539001
9151,0.6239156126976013
9152,0.623691976070404
9153,0.623715341091156
9154,0.6239137649536133
9155,0.6239660382270813
9156,0.6234230399131775
9157,0.6238666772842407
9158,0.6237390637397766
9159,0.6239035725593567
9160,0.6236293911933899
9161,0.6230335235595703
9162,0.6238793134689331
9163,0.6239359378814697
9164,0.6232615113258362
9165,0.6235451698303223
9166,0.623580276966095
9167,0.623386800289154
9168,0.6234877705574036
9169,0.6239590644836426
9170,0.6237832903862
9171,0.6238793134689331
9172,0.6238839030265808
9173,0.6239891648292542
9174,0.623904287815094
9175,0.6233711242675781
9176,0.6238566637039185
9177,0.6239172220230103
9178,0.6234408020973206
9179,0.6239671111106873
9180,0.6239442229270935
9181,0.6239132881164551
9182,0.6234792470932007
9183,0.6238892078399658
9184,0.623907744884491
9185,0.6239032745361328
9186,0.6238819360733032
9187,0.6234180927276611
9188,0.6235820651054382
9189,0.6238675713539124
9190,0.6232026219367981
9191,0.6239310503005981
9192,0.6238831281661987
9193,0.6233779191970825
9194,0.6238927245140076
9195,0.6239857077598572
9196,0.6239035725593567
9197,0.6239367127418518
9198,0.6239420175552368
9199,0.6233378648757935
9200,0.6239407658576965
9201,0.6239371299743652
9202,0.6239476203918457
9203,0.6239725947380066
9204,0.6235259771347046
9205,0.6239612698554993
9206,0.6228095293045044
9207,0.6239766478538513
9208,0.6237964034080505
9209,0.6239669322967529
9210,0.6238996386528015
9211,0.62375408411026
9212,0.6237866282463074
9213,0.6238840222358704
9214,0.6239985823631287
9215,0.6236459016799927
9216,0.6238957047462463
9217,0.6233162879943848
9218,0.6238728761672974
9219,0.623790979385376
9220,0.6234304904937744
9221,0.6238714456558228
9222,0.6239084601402283
9223,0.6238109469413757
9224,0.6235178112983704
9225,0.6238962411880493
9226,0.6239827275276184
9227,0.6227450966835022
9228,0.6235464811325073
9229,0.6235602498054504
9230,0.6234697699546814
9231,0.6238431334495544
9232,0.6239400506019592
9233,0.6239050626754761
9234,0.6239700317382812
9235,0.6239396929740906
9236,0.623752236366272
9237,0.6229714155197144
9238,0.6235411167144775
9239,0.6233779191970825
9240,0.6239315867424011
9241,0.6238712668418884
9242,0.6239390969276428
9243,0.6238781809806824
9244,0.6239482760429382
9245,0.623858630657196
9246,0.6239699721336365
9247,0.6235786080360413
9248,0.6238076090812683
9249,0.6236526966094971
9250,0.6238910555839539
9251,0.623766303062439
9252,0.6238795518875122
9253,0.6238932609558105
9254,0.6234039068222046
9255,0.6234502792358398
9256,0.6234660148620605
9257,0.6234579682350159
9258,0.6233857870101929
9259,0.623450517654419
9260,0.6234755516052246
9261,0.62386155128479
9262,0.6239668726921082
9263,0.6239783763885498
9264,0.6233087778091431
9265,0.6228932738304138
9266,0.6238466501235962
9267,0.6239367723464966
9268,0.6239749789237976
9269,0.6235431432723999
9270,0.6238500475883484
9271,0.6228511929512024
9272,0.6240012645721436
9273,0.6238872408866882
9274,0.6225590705871582
9275,0.6238650679588318
9276,0.6239396929740906
9277,0.6238856315612793
9278,0.6239858865737915
9279,0.6235390305519104
9280,0.6239122748374939
9281,0.6237193942070007
9282,0.6236553192138672
9283,0.6229364275932312
9284,0.62388014793396
9285,0.6235222220420837
9286,0.6239787340164185
9287,0.6236763000488281
9288,0.6239476799964905
9289,0.6239681839942932
9290,0.6234546303749084
9291,0.623070240020752
9292,0.623386561870575
9293,0.6233778595924377
9294,0.6239189505577087
9295,0.6235448122024536
9296,0.6238663792610168
9297,0.6239126324653625
9298,0.6235132813453674
9299,0.6227931380271912
9300,0.6229060292243958
9301,0.6238331198692322
9302,0.6238844394683838
9303,0.6238443851470947
9304,0.6227151155471802
9305,0.6238780617713928
9306,0.6234727501869202
9307,0.6234892010688782
9308,0.6239597797393799
9309,0.62352454662323
9310,0.6239299774169922
9311,0.6239699125289917
9312,0.6239439845085144
9313,0.6239676475524902
9314,0.6239835023880005
9315,0.6238651275634766
9316,0.6234508156776428
9317,0.6237149238586426
9318,0.6239718794822693
9319,0.6235758066177368
9320,0.6239213347434998
9321,0.6238893866539001
9322,0.6239761114120483
9323,0.6238712668418884
9324,0.6239848732948303
9325,0.6235237121582031
9326,0.6239123940467834
9327,0.6236660480499268
9328,0.6239774227142334
9329,0.6231964230537415
9330,0.623934268951416
9331,0.6238065958023071
9332,0.6234633326530457
9333,0.6239856481552124
9334,0.623860776424408
9335,0.6239247918128967
9336,0.6235827803611755
9337,0.6238735914230347
9338,0.6238663196563721
9339,0.6239455938339233
9340,0.6234058737754822
9341,0.6239587068557739
9342,0.6227782964706421
9343,0.6238886117935181
9344,0.6237480044364929
9345,0.6239740252494812
9346,0.6235175728797913
9347,0.6236196756362915
9348,0.623928427696228
9349,0.6238808035850525
9350,0.6238934397697449
9351,0.6239655017852783
9352,0.6227052211761475
9353,0.6234917640686035
9354,0.6238849759101868
9355,0.6239007115364075
9356,0.623893678188324
9357,0.6236481070518494
9358,0.6239596009254456
9359,0.6239780187606812
9360,0.6238999962806702
9361,0.6226944327354431
9362,0.623012363910675
9363,0.6234159469604492
9364,0.6235458850860596
9365,0.6227686405181885
9366,0.6234892010688782
9367,0.6228945255279541
9368,0.6239272356033325
9369,0.6239105463027954
9370,0.6239285469055176
9371,0.6234986186027527
9372,0.6238824725151062
9373,0.6238769292831421
9374,0.6239321231842041
9375,0.6239049434661865
9376,0.6226020455360413
9377,0.6238853931427002
9378,0.6239155530929565
9379,0.6234514117240906
9380,0.6236522793769836
9381,0.6236095428466797
9382,0.6235018968582153
9383,0.6239193677902222
9384,0.62389075756073
9385,0.623910129070282
9386,0.6237102746963501
9387,0.6235608458518982
9388,0.6239235401153564
9389,0.6236501336097717
9390,0.6239070296287537
9391,0.6233512759208679
9392,0.6237078905105591
9393,0.6237401366233826
9394,0.6231831908226013
9395,0.6231575608253479
9396,0.6236279606819153
9397,0.6226202845573425
9398,0.6239559650421143
9399,0.6234442591667175
9400,0.6238305568695068
9401,0.6235448718070984
9402,0.6229648590087891
9403,0.6239137649536133
9404,0.6235894560813904
9405,0.6235806941986084
9406,0.6238898038864136
9407,0.6238989233970642
9408,0.6239451169967651
9409,0.6239138841629028
9410,0.6239007115364075
9411,0.6239583492279053
9412,0.623862087726593
9413,0.6239836812019348
9414,0.6239505410194397
9415,0.6239850521087646
9416,0.6231935024261475
9417,0.6239373683929443
9418,0.6239380836486816
9419,0.6235904693603516
9420,0.6234647631645203
9421,0.6239890456199646
9422,0.6239508986473083
9423,0.6237235069274902
9424,0.6239513754844666
9425,0.6239369511604309
9426,0.6236484050750732
9427,0.6231681108474731
9428,0.623851478099823
9429,0.6234771013259888
9430,0.623306155204773
9431,0.6239279508590698
9432,0.6234820485115051
9434,0.6239556074142456
9435,0.6238577961921692
9436,0.6239094138145447
9437,0.6238988041877747
9438,0.6239827275276184
9439,0.6229234337806702
9440,0.6239451169967651
9441,0.6234235763549805
9442,0.6236476302146912
9443,0.6239396929740906
9444,0.6234639883041382
9445,0.6238886117935181
9446,0.6238723993301392
9447,0.6239847540855408
9448,0.6234450936317444
9449,0.623735785484314
9450,0.6228498816490173
9451,0.6229285597801208
9452,0.6225857138633728
9453,0.6235517859458923
9454,0.6239520311355591
9455,0.6239816546440125
9456,0.6235074996948242
9457,0.6239674091339111
9458,0.6234384775161743
9459,0.622948408126831
9460,0.6239203214645386
9461,0.6239029765129089
9462,0.6235119104385376
9463,0.6238656044006348
9464,0.6239773035049438
9465,0.6238522529602051
9466,0.6236644983291626
9467,0.6235446929931641
9468,0.6239257454872131
9469,0.6239182949066162
9470,0.6234874129295349
9471,0.6239838600158691
9472,0.6239423751831055
9473,0.6230859160423279
9474,0.6239105463027954
9475,0.6239548921585083
9476,0.6234349012374878
9477,0.6238999366760254
9478,0.6236667037010193
9479,0.6238889098167419
9480,0.6238845586776733
9481,0.6238982081413269
9482,0.6239401698112488
9483,0.6239606142044067
9484,0.622512698173523
9485,0.6235050559043884
9486,0.6239951848983765
9487,0.6236835718154907
9488,0.6239778995513916
9489,0.623905599117279
9490,0.6239838600158691
9491,0.6238812804222107
9492,0.6238940954208374
9493,0.6237137317657471
9494,0.623470664024353
9495,0.6238502860069275
9496,0.6239264607429504
9497,0.6226584315299988
9498,0.6239656805992126
9499,0.6239835023880005
9500,0.623734712600708
9501,0.6236649751663208
9502,0.62391597032547
9503,0.6234928965568542
9504,0.6239781975746155
9505,0.623694121837616
9506,0.6234790682792664
9507,0.623842716217041
9508,0.6237701177597046
9509,0.6239290833473206
9510,0.6238974332809448
9511,0.6238654851913452
9512,0.6239427924156189
9513,0.6237748861312866
9514,0.6239485740661621
9515,0.6237868666648865
9516,0.6239032745361328
9517,0.6238874197006226
9518,0.6239365339279175
9519,0.6239204406738281
9520,0.6238986849784851
9521,0.623458206653595
9522,0.6234883666038513
9523,0.6228013038635254
9524,0.623896062374115
9525,0.6235674023628235
9526,0.6232848167419434
9527,0.6238232851028442
9528,0.6239758729934692
9529,0.6239238977432251
9530,0.623892068862915
9531,0.6238847374916077
9532,0.6238687634468079
9533,0.6239688396453857
9534,0.6228991746902466
9535,0.6239417791366577
9536,0.6237925887107849
9537,0.6239820122718811
9538,0.6235241889953613
9539,0.6235615611076355
9540,0.6239723563194275
9541,0.6226189136505127
9542,0.6238399147987366
9543,0.6238864064216614
9544,0.6239711046218872
9545,0.6239555478096008
9546,0.6228151321411133
9547,0.6240015625953674
9548,0.6239306330680847
9549,0.623909056186676
9550,0.6233903765678406
9551,0.6230942010879517
9552,0.6237353682518005
9553,0.6239157915115356
9554,0.6239252090454102
9555,0.6240103840827942
9556,0.6238894462585449
9557,0.6239187121391296
9558,0.6236577033996582
9559,0.6237236857414246
9560,0.6229910254478455
9561,0.6235511898994446
9562,0.6233338713645935
9563,0.6228839755058289
9564,0.6239340901374817
9565,0.623962938785553
9566,0.6238875985145569
9567,0.62340247631073
9568,0.6239813566207886
9569,0.6239817142486572
9570,0.623566210269928
9571,0.6234561204910278
9572,0.623928964138031
9573,0.623476505279541
9574,0.6238027215003967
9575,0.6239039301872253
9576,0.6227078437805176
9577,0.6239839792251587
9578,0.6237086653709412
9579,0.6239514350891113
9580,0.6239021420478821
9581,0.6239880323410034
9582,0.6239790916442871
9583,0.6239667534828186
9584,0.6234276294708252
9585,0.6238532662391663
9586,0.6238422393798828
9587,0.6235623955726624
9588,0.6239359378814697
9589,0.6238874197006226
9590,0.6235536932945251
9591,0.6239662766456604
9592,0.6239319443702698
9593,0.623950183391571
9594,0.6237282156944275
9595,0.6238263845443726
9596,0.6239681839942932
9597,0.6235573887825012
9598,0.623524010181427
9599,0.6238866448402405
9600,0.6235538721084595
9601,0.6239500045776367
9602,0.6238839030265808
9603,0.6238292455673218
9604,0.623916506767273
9605,0.6238896250724792
9606,0.6235322952270508
9607,0.6236534714698792
9608,0.6234180927276611
9609,0.6236864924430847
9610,0.6236753463745117
9611,0.6238726377487183
9612,0.623972475528717
9613,0.6238253116607666
9614,0.6238372325897217
9615,0.6238491535186768
9616,0.6239224672317505
9617,0.6236609816551208
9618,0.6237556338310242
9619,0.6237834095954895
9620,0.623893141746521
9621,0.623851478099823
9622,0.6234892010688782
9623,0.6238805651664734
9624,0.6234792470932007
9625,0.6233358383178711
9626,0.6239720582962036
9627,0.6239592432975769
9628,0.6229568719863892
9629,0.6238940954208374
9630,0.6237764358520508
9631,0.6237508654594421
9632,0.6239518523216248
9633,0.6238936185836792
9634,0.6238614320755005
9635,0.6238939762115479
9636,0.6227248907089233
9637,0.6239864230155945
9638,0.6226551532745361
9639,0.6239067912101746
9640,0.623426079750061
9641,0.6233856081962585
9642,0.6239947080612183
9643,0.6237905025482178
9644,0.623871386051178
9645,0.6234813332557678
9646,0.6239760518074036
9647,0.6237071752548218
9648,0.6235923767089844
9649,0.6234092712402344
9650,0.6239439249038696
9651,0.6239421963691711
9652,0.6234050393104553
9653,0.6239864826202393
9654,0.6239112019538879
9655,0.6239563226699829
9656,0.6239088773727417
9657,0.6238914728164673
9658,0.6235547065734863
9659,0.6238382458686829
9660,0.6238225698471069
9661,0.6239265203475952
9662,0.6238841414451599
9663,0.6234583258628845
9664,0.6239838600158691
9665,0.6238635182380676
9666,0.6239140629768372
9667,0.6237021684646606
9668,0.6239750981330872
9669,0.6236457228660583
9670,0.623245894908905
9671,0.6239374876022339
9672,0.622934877872467
9674,0.6236410140991211
9675,0.6232230067253113
9676,0.6238730549812317
9677,0.6238958835601807
9678,0.6239585280418396
9679,0.623967170715332
9680,0.6228126287460327
9681,0.623874306678772
9682,0.6235108375549316
9683,0.6238356232643127
9684,0.6239199042320251
9685,0.6230227947235107
9686,0.6239472031593323
9687,0.6239122748374939
9688,0.6238784790039062
9689,0.6234317421913147
9690,0.6239627599716187
9691,0.62397301197052
9692,0.6238653063774109
9693,0.6238461136817932
9694,0.6238967180252075
9695,0.6239635944366455
9696,0.6239868402481079
9697,0.6238457560539246
9698,0.6237190365791321
9699,0.6238751411437988
9700,0.6239156723022461
9701,0.623907208442688
9702,0.6234177947044373
9703,0.6239820122718811
9704,0.6238434314727783
9705,0.6239345669746399
9706,0.6239961385726929
9707,0.623908281326294
9708,0.6239602565765381
9709,0.6233932375907898
9710,0.6236792206764221
9711,0.6237741112709045
9712,0.6238822937011719
9713,0.6230384111404419
9714,0.6236937642097473
9715,0.6231532692909241
9716,0.6239547729492188
9717,0.6237933039665222
9718,0.6239476799964905
9719,0.6239361763000488
9720,0.623889684677124
9721,0.6238651275634766
9722,0.6234636306762695
9723,0.6227458119392395
9724,0.6239898800849915
9725,0.6239345669746399
9726,0.6237389445304871
9727,0.6236994862556458
9728,0.6239421963691711
9729,0.6239432096481323
9730,0.6236893534660339
9731,0.6225283145904541
9732,0.6229658722877502
9733,0.6236763000488281
9734,0.6236323118209839
9735,0.623871386051178
9736,0.6239066123962402
9737,0.623909056186676
9738,0.6238376498222351
9739,0.6237685084342957
9740,0.6226117610931396
9741,0.6235663294792175
9742,0.6239036321640015
9743,0.6232237219810486
9744,0.6234452724456787
9745,0.6239326596260071
9746,0.6239843964576721
9747,0.6239832043647766
9748,0.6234031915664673
9749,0.6239044666290283
9750,0.6226370930671692
9751,0.6239464282989502
9752,0.6239277124404907
9753,0.6235421299934387
9754,0.6236624717712402
9755,0.6235502362251282
9756,0.6228902339935303
9757,0.623886227607727
9758,0.6239637732505798
9759,0.6233776807785034
9760,0.6239342093467712
9761,0.6235572695732117
9762,0.6238372921943665
9763,0.6239492893218994
9764,0.6234416365623474
9765,0.6239132285118103
9766,0.6234284043312073
9767,0.6238001585006714
9768,0.6239011883735657
9769,0.6239818334579468
9770,0.6239044666290283
9771,0.6235436201095581
9772,0.6238939166069031
9773,0.623957097530365
9774,0.6235097646713257
9775,0.6238483190536499
9776,0.6239656209945679
9777,0.6234197616577148
9778,0.6230863928794861
9779,0.623875617980957
9780,0.6237823367118835
9781,0.6234883666038513
9782,0.6239885091781616
9783,0.6233296394348145
9784,0.6238991022109985
9785,0.6238946318626404
9786,0.6239064335823059
9787,0.6234954595565796
9788,0.6235645413398743
9789,0.6237948536872864
9790,0.6238983869552612
9791,0.6234022974967957
9792,0.6234718561172485
9793,0.6238983869552612
9794,0.6239145398139954
9795,0.6234715580940247
9796,0.6226039528846741
9797,0.6239132285118103
9798,0.6235159635543823
9799,0.6236293315887451
9800,0.6239336729049683
9801,0.623563826084137
9802,0.6238512396812439
9803,0.6239328980445862
9804,0.6238917708396912
9805,0.6234559416770935
9806,0.6232212781906128
9807,0.6239877343177795
9808,0.6238629221916199
9809,0.6239780187606812
9810,0.6239738464355469
9811,0.6234209537506104
9812,0.6237395405769348
9813,0.6236816644668579
9814,0.6238682866096497
9815,0.6238982677459717
9816,0.6239107251167297
9817,0.6239272952079773
9818,0.6239171028137207
9819,0.6240071654319763
9820,0.6231402158737183
9821,0.6235079169273376
9822,0.6232466101646423
9823,0.6239084601402283
9824,0.6235408782958984
9825,0.6239895820617676
9826,0.6237446069717407
9827,0.6232702732086182
9828,0.6238170862197876
9829,0.6236363053321838
9830,0.6234422326087952
9831,0.6236560344696045
9832,0.6237994432449341
9833,0.6233206391334534
9834,0.6239608526229858
9835,0.6239131689071655
9836,0.6234334707260132
9837,0.6239957213401794
9838,0.6239137649536133
9839,0.6238880753517151
9840,0.6239523887634277
9841,0.6232911944389343
9842,0.6238641738891602
9843,0.623699426651001
9844,0.6234316229820251
9845,0.6239112615585327
9846,0.6238331198692322
9847,0.6235947012901306
9848,0.6239210963249207
9849,0.623932957649231
9850,0.6239262223243713
9851,0.623893141746521
9852,0.62392657995224
9853,0.6238963007926941
9854,0.6238596439361572
9855,0.6235263347625732
9856,0.623243510723114
9857,0.6239623427391052
9858,0.6238561272621155
9859,0.6235991716384888
9860,0.6238986849784851
9861,0.6228148341178894
9862,0.6239913105964661
9863,0.6238802671432495
9864,0.6239199638366699
9865,0.6230497360229492
9866,0.62385094165802
9867,0.6239583492279053
9868,0.6234396696090698
9869,0.6239617466926575
9870,0.6221914887428284
9871,0.6239771246910095
9872,0.6237806677818298
9873,0.623387336730957
9874,0.6234389543533325
9875,0.6238135695457458
9876,0.6228190660476685
9877,0.6238653063774109
9878,0.6235383152961731
9879,0.6238690614700317
9880,0.623520016670227
9881,0.623309314250946
9882,0.6239254474639893
9883,0.6230936050415039
9884,0.6238032579421997
9885,0.6239615678787231
9886,0.6227096915245056
9887,0.6239519715309143
9888,0.6238986253738403
9889,0.6239051222801208
9890,0.6230000853538513
9891,0.6239387392997742
9892,0.6239116191864014
9893,0.623614490032196
9894,0.6234229207038879
9895,0.6238899230957031
9896,0.6239414215087891
9897,0.6238759756088257
9898,0.6234539747238159
9899,0.6234545111656189
9900,0.6239587068557739
9901,0.6236593723297119
9902,0.6239894032478333
9903,0.6237832307815552
9904,0.6238712668418884
9905,0.6238559484481812
9906,0.6236875653266907
9907,0.6234877705574036
9908,0.623943567276001
9909,0.623681366443634
9910,0.623986005783081
9911,0.623292863368988
9912,0.6236183643341064
9913,0.623984694480896
9914,0.623386800289154
9915,0.6239526867866516
9916,0.6239808797836304
9917,0.6236187815666199
9918,0.6238794326782227
9919,0.6230667233467102
9920,0.6235046982765198
9921,0.6238929629325867
9922,0.6239415407180786
9923,0.623859167098999
9924,0.6238855719566345
9925,0.6237840056419373
9926,0.6239498853683472
9927,0.6231622099876404
9928,0.623427152633667
9929,0.6239262819290161
9930,0.6238915920257568
9931,0.6229601502418518
9932,0.6236743330955505
9933,0.623937726020813
9934,0.6236431002616882
9935,0.6237399578094482
9936,0.6239581108093262
9937,0.6236069798469543
9938,0.6239945292472839
9939,0.624001145362854
9940,0.6234145760536194
9941,0.6231160163879395
9942,0.6234299540519714
9943,0.6239144802093506
9944,0.6239800453186035
9945,0.6239052414894104
9946,0.6232117414474487
9947,0.6232312917709351
9948,0.6239382028579712
9949,0.6234120726585388
9950,0.6239166259765625
9951,0.6239275932312012
9952,0.6238890886306763
9953,0.6237376928329468
9954,0.6235448122024536
9955,0.6237761378288269
9956,0.6231918334960938
9957,0.6237320303916931
9958,0.6226794123649597
9959,0.6238909363746643
9960,0.6239268779754639
9961,0.6235535740852356
9962,0.6235060691833496
9963,0.6238730549812317
9964,0.623406171798706
9965,0.6231648325920105
9966,0.6239375472068787
9967,0.6237727403640747
9968,0.6238401532173157
9969,0.6236975789070129
9970,0.6236246228218079
9971,0.6238923072814941
9972,0.6239795684814453
9973,0.6239523887634277
9974,0.6239752173423767
9975,0.6238556504249573
9976,0.623316764831543
9977,0.6239786744117737
9978,0.6239817142486572
9979,0.6234917044639587
9980,0.6238889098167419
9981,0.6233677864074707
9982,0.623485267162323
9983,0.6235628724098206
9984,0.6238795518875122
9985,0.6235493421554565
9986,0.6233500242233276
9987,0.6231130957603455
9988,0.6236239075660706
9989,0.6238740682601929
9990,0.6238687634468079
9991,0.6230549812316895
9992,0.6239803433418274
9993,0.6239567399024963
9994,0.6238954663276672
9995,0.623767614364624
9996,0.6239866018295288
9997,0.6238705515861511
9998,0.6239392757415771
9999,0.6231975555419922
10000,0.6239786148071289
10001,0.6238635778427124
10002,0.6232900023460388
10003,0.6239075660705566
10004,0.6234418153762817
10005,0.623455286026001
10006,0.623443603515625
10007,0.6229423880577087
10008,0.6238986253738403
10009,0.6239297389984131
10010,0.6238905787467957
10011,0.6238765716552734
10012,0.6235330104827881
10013,0.623877227306366
10014,0.6239705085754395
10015,0.6234857439994812
10016,0.6228761672973633
10017,0.6239525675773621
10018,0.6239367723464966
10019,0.6238774061203003
10020,0.6235367059707642
10021,0.6239117980003357
10022,0.6238463521003723
10023,0.6227256655693054
10024,0.6239131093025208
10025,0.6232529282569885
10026,0.6234667301177979
10027,0.6236593723297119
10028,0.6229795217514038
10029,0.6239022016525269
10030,0.6239988207817078
10031,0.6237980127334595
10032,0.623943567276001
10033,0.6238760948181152
10034,0.6232070922851562
10035,0.6239578723907471
10036,0.6238771080970764
10037,0.6235013008117676
10038,0.6238950490951538
10039,0.623488187789917
10040,0.6234818696975708
10041,0.6239696741104126
10042,0.6239491105079651
10043,0.6236554980278015
10044,0.6238570213317871
10045,0.6239417791366577
10046,0.6227794885635376
10047,0.6236227750778198
10048,0.6235248446464539
10049,0.6239689588546753
10050,0.6239528059959412
10051,0.6238473057746887
10052,0.6237295269966125
10053,0.6239272952079773
10054,0.6239058971405029
10055,0.6227527856826782
10056,0.6239020824432373
10057,0.6223188638687134
10058,0.6239612698554993
10059,0.6239262819290161
10060,0.6237779855728149
10061,0.6239690780639648
10062,0.6239914894104004
10063,0.6239029169082642
10064,0.623855471611023
10065,0.6236076354980469
10066,0.6236643195152283
10067,0.6239323616027832
10068,0.6232551336288452
10069,0.622846245765686
10070,0.6226164102554321
10071,0.6239590048789978
10072,0.6239895224571228
10073,0.6238640546798706
10074,0.6238935589790344
10075,0.6239023804664612
10076,0.6239100694656372
10077,0.6237069964408875
10078,0.623596727848053
10079,0.6232020258903503
10080,0.6230368614196777
10081,0.6237580180168152
10082,0.6236020922660828
10083,0.6234079003334045
10084,0.6236711740493774
10085,0.6239292621612549
10086,0.623900294303894
10087,0.623920202255249
10088,0.6239480972290039
10089,0.6239634156227112
10090,0.6235617399215698
10091,0.6236683130264282
10092,0.6239571571350098
10093,0.6239126920700073
10094,0.6239606142044067
10095,0.6236693859100342
10096,0.623916745185852
10097,0.6239191293716431
10098,0.6236422061920166
10099,0.6234616637229919
10100,0.6239190101623535
10101,0.6236688494682312
10102,0.6239807605743408
10103,0.6238754391670227
10104,0.6239268779754639
10105,0.6237310171127319
10106,0.6239661574363708
10107,0.6238881349563599
10108,0.6232433915138245
10109,0.6233178377151489
10110,0.6239252090454102
10111,0.6236402988433838
10112,0.6239000558853149
10113,0.6238564848899841
10114,0.6239733099937439
10115,0.6239467859268188
10116,0.6239553093910217
10117,0.6239010691642761
10118,0.6235085725784302
10119,0.6240003705024719
10120,0.6236385107040405
10121,0.6239908337593079
10122,0.6235056519508362
10123,0.6239717602729797
10124,0.6238730549812317
10125,0.6239267587661743
10126,0.6239777207374573
10127,0.6238179206848145
10128,0.6237220168113708
10129,0.6238874793052673
10130,0.623966634273529
10131,0.6239975094795227
10132,0.6233662962913513
10133,0.6239094734191895
10134,0.622951865196228
10135,0.6238579154014587
10136,0.6231256127357483
10137,0.623943030834198
10138,0.6239873766899109
10139,0.6236594319343567
10140,0.623858630657196
10141,0.6235124468803406
10142,0.6227461099624634
10143,0.6238781213760376
10144,0.6234274506568909
10146,0.6227402091026306
10147,0.6239076256752014
10148,0.6234843730926514
10149,0.6239690780639648
10150,0.6233471035957336
10151,0.6238903999328613
10152,0.6237694025039673
10154,0.6235146522521973
10155,0.62323397397995
10156,0.6239871978759766
10157,0.6239326596260071
10158,0.6226939558982849
10159,0.6234590411186218
10160,0.623450517654419
10161,0.6238475441932678
10162,0.6236556172370911
10163,0.6237475275993347
10164,0.6239491105079651
10165,0.6239059567451477
10166,0.6235197186470032
10167,0.6239047050476074
10168,0.6239835619926453
10169,0.6235771179199219
10170,0.6233654618263245
10171,0.6239306330680847
10172,0.622999906539917
10173,0.6234155893325806
10174,0.6238962411880493
10175,0.6239556074142456
10176,0.6238806247711182
10177,0.6239753365516663
10178,0.6238272190093994
10179,0.6229200959205627
10180,0.6239464282989502
10181,0.6238923668861389
10182,0.6239652633666992
10183,0.6239393353462219
10184,0.6236357688903809
10185,0.6237151026725769
10186,0.6238348484039307
10187,0.6237368583679199
10188,0.6236199140548706
10189,0.6239327192306519
10190,0.6239197850227356
10191,0.6231136918067932
10192,0.6239240765571594
10193,0.6239719986915588
10194,0.6239980459213257
10195,0.623950719833374
10196,0.6238688826560974
10197,0.6234921216964722
10198,0.6238077282905579
10199,0.6239532232284546
10200,0.6239727735519409
10201,0.6237973570823669
10202,0.6239697337150574
10203,0.6232885718345642
10204,0.6238524317741394
10205,0.623500406742096
10206,0.6239637732505798
10207,0.6236574649810791
10208,0.6234426498413086
10209,0.6238872408866882
10210,0.6239528656005859
10211,0.6236534714698792
10212,0.623892605304718
10213,0.6238599419593811
10214,0.6236947178840637
10215,0.6238441467285156
10216,0.623598575592041
10217,0.6239180564880371
10218,0.6238975524902344
10219,0.6240001320838928
10220,0.6238625645637512
10221,0.6237958073616028
10222,0.6239532232284546
10223,0.6236007809638977
10224,0.6226122379302979
10225,0.6239150762557983
10226,0.6239204406738281
10227,0.6234738230705261
10228,0.6233884692192078
10229,0.6238278150558472
10230,0.623867392539978
10231,0.6226850152015686
10232,0.6239759922027588
10233,0.6229133605957031
10234,0.6238495707511902
10235,0.6239297389984131
10236,0.6231162548065186
10237,0.6230140924453735
10238,0.62397700548172
10239,0.6236552596092224
10240,0.6238834857940674
10241,0.6239610314369202
10242,0.6238628029823303
10243,0.6235597729682922
10244,0.6238990426063538
10245,0.6239020824432373
10246,0.6239442229270935
10247,0.6239385008811951
10248,0.6239739060401917
10249,0.6239750981330872
10250,0.6234840750694275
10251,0.6238154768943787
10252,0.6239908933639526
10253,0.6227709650993347
10254,0.6239733099937439
10255,0.623971700668335
10256,0.6239709258079529
10257,0.6239423155784607
10258,0.6234754920005798
10259,0.6239565014839172
10260,0.6238669157028198
10261,0.6239048838615417
10262,0.6237980723381042
10263,0.6239340305328369
10264,0.6233339309692383
10265,0.623806893825531
10266,0.623997151851654
10267,0.6238371133804321
10268,0.6239728331565857
10269,0.6239562034606934
10270,0.6236522793769836
10271,0.623856782913208
10272,0.6239457726478577
10273,0.6234586834907532
10274,0.6239127516746521
10275,0.6238879561424255
10276,0.6236796379089355
10277,0.6238538026809692
10278,0.623698353767395
10279,0.6234434843063354
10280,0.6239272952079773
10281,0.623357892036438
10282,0.6239696741104126
10283,0.623651921749115
10284,0.6231930255889893
10285,0.6239845752716064
10286,0.6239252090454102
10287,0.6238896250724792
10288,0.6231493949890137
10289,0.6239584684371948
10290,0.6234142184257507
10291,0.6234390735626221
10292,0.6239861845970154
10293,0.6231863498687744
10294,0.6239427924156189
10295,0.6239325404167175
10296,0.6238914728164673
10297,0.623971700668335
10298,0.6235772371292114
10299,0.623123288154602
10300,0.6239009499549866
10301,0.623960554599762
10302,0.6238231062889099
10303,0.6236793994903564
10304,0.6239393949508667
10305,0.6233793497085571
10306,0.6238500475883484
10307,0.6231322884559631
10308,0.623560905456543
10309,0.6239011287689209
10310,0.6239354610443115
10311,0.623672366142273
10312,0.6239718794822693
10313,0.6236213445663452
10314,0.6239281296730042
10315,0.6238945722579956
10316,0.6238945722579956
10317,0.6239187121391296
10318,0.6235541701316833
10319,0.623812198638916
10320,0.6234734058380127
10321,0.6233174204826355
10322,0.6238303184509277
10323,0.6234060525894165
10324,0.6239451169967651
10325,0.6234714388847351
10326,0.6238794326782227
10327,0.6239650845527649
10328,0.6239798665046692
10329,0.6235954761505127
10330,0.6238950490951538
10331,0.6239980459213257
10332,0.6239872574806213
10333,0.6229566335678101
10334,0.6234058737754822
10335,0.6238310933113098
10336,0.623544454574585
10337,0.6239575147628784
10338,0.6234671473503113
10339,0.6238954663276672
10340,0.623904287815094
10341,0.6229742765426636
10342,0.62386155128479
10343,0.6232516169548035
10344,0.6237474083900452
10345,0.6239020824432373
10346,0.6239243149757385
10347,0.6238542795181274
10348,0.6239755749702454
10349,0.6238707304000854
10350,0.623325765132904
10351,0.6238433122634888
10352,0.6239709258079529
10353,0.6239583492279053
10354,0.6235852241516113
10355,0.6239652633666992
10356,0.6237358450889587
10357,0.6234225034713745
10358,0.6238877773284912
10359,0.6239678859710693
10360,0.6239643692970276
10361,0.6232428550720215
10362,0.6238864660263062
10363,0.6238749623298645
10364,0.6239867210388184
10365,0.6237236261367798
10366,0.6240042448043823
10367,0.6238512992858887
10368,0.6226652264595032
10369,0.6239493489265442
10370,0.6231740117073059
10371,0.6239315271377563
10372,0.6233313083648682
10373,0.6238711476325989
10374,0.6239656805992126
10375,0.6237509250640869
10376,0.6239762306213379
10377,0.6235135793685913
10378,0.6239356994628906
10379,0.6238167881965637
10380,0.6239228844642639
10381,0.6233999729156494
10382,0.6235233545303345
10383,0.6239835619926453
10384,0.6239394545555115
10385,0.623997151851654
10386,0.6236906051635742
10387,0.6235527396202087
10388,0.6239132881164551
10389,0.6236161589622498
10390,0.6238813996315002
10391,0.6238682270050049
10392,0.6235256791114807
10393,0.6229135990142822
10394,0.6239829659461975
10395,0.6228775978088379
10396,0.6236366033554077
10397,0.623678982257843
10398,0.6239457726478577
10399,0.6235235929489136
10400,0.6239649057388306
10401,0.6238825917243958
10402,0.6239333748817444
10403,0.623916506767273
10404,0.6238864660263062
10405,0.6239749193191528
10406,0.6239912509918213
10407,0.6234424710273743
10408,0.6238836050033569
10409,0.623913586139679
10410,0.6234273314476013
10411,0.6234701871871948
10412,0.6236551403999329
10413,0.6239857077598572
10414,0.6238560676574707
10415,0.6239702701568604
10416,0.6238093972206116
10417,0.6234290599822998
10418,0.6237592697143555
10420,0.6240053176879883
10421,0.6238905787467957
10422,0.6234083771705627
10423,0.6239436268806458
10424,0.6233355402946472
10425,0.6234809756278992
10426,0.6238932609558105
10427,0.623654305934906
10428,0.6236976981163025
10429,0.6237747669219971
10430,0.6237665414810181
10431,0.6239019632339478
10432,0.6238769292831421
10433,0.6239635348320007
10434,0.6238483190536499
10435,0.6238912343978882
10436,0.6234626770019531
10437,0.6239824891090393
10438,0.6239809989929199
10439,0.6229963898658752
10440,0.6238871216773987
10441,0.6225675940513611
10442,0.6238654851913452
10443,0.6238784790039062
10444,0.6236894726753235
10445,0.6239250302314758
10446,0.6231943368911743
10447,0.6237819194793701
10448,0.6239098906517029
10449,0.623987078666687
10450,0.6230766177177429
10451,0.6237434148788452
10452,0.6237114071846008
10453,0.6229972243309021
10454,0.6239792704582214
10455,0.6234437823295593
10456,0.6238976120948792
10457,0.6238793730735779
10458,0.623860776424408
10459,0.6239793300628662
10460,0.6239603757858276
10461,0.6234827637672424
10462,0.623886227607727
10463,0.6239001154899597
10464,0.6238992810249329
10465,0.6236652135848999
10466,0.6236940622329712
10467,0.623733639717102
10468,0.6238921284675598
10469,0.623123049736023
10470,0.6239097714424133
10471,0.6239633560180664
10472,0.6239814162254333
10473,0.6231619715690613
10474,0.6227942109107971
10475,0.6232802271842957
10476,0.6239625215530396
10477,0.6234461665153503
10478,0.6239601373672485
10479,0.6235818266868591
10480,0.6236193180084229
10481,0.6238839626312256
10482,0.6237573623657227
10483,0.6235449910163879
10484,0.6237186789512634
10485,0.6234369874000549
10486,0.6239778995513916
10487,0.623513400554657
10488,0.6238893866539001
10489,0.623939573764801
10490,0.6239836812019348
10491,0.6234307885169983
10492,0.6238847374916077
10493,0.6234399676322937
10494,0.6233755946159363
10495,0.62388014793396
10496,0.6239135265350342
10497,0.6235052943229675
10498,0.6240073442459106
10499,0.6238778829574585
10500,0.6235557198524475
10501,0.6239416599273682
10502,0.6229500770568848
10503,0.6237512230873108
10504,0.6226618885993958
10505,0.623807430267334
10506,0.6237756609916687
10507,0.6234540343284607
10508,0.6235834360122681
10509,0.623858630657196
10510,0.6237518787384033
10511,0.6239214539527893
10512,0.623944103717804
10513,0.6239145994186401
10514,0.6239462494850159
10515,0.6237277388572693
10517,0.6239185333251953
10518,0.6238031387329102
10519,0.6236137747764587
10520,0.6236088871955872
10521,0.6234230399131775
10522,0.6234816908836365
10523,0.6227322220802307
10524,0.6234638094902039
10525,0.6235560774803162
10526,0.6234124302864075
10527,0.623979926109314
10528,0.6237748861312866
10529,0.6235100626945496
10530,0.6235007643699646
10531,0.6239672303199768
10532,0.6236847043037415
10533,0.6239671111106873
10535,0.6234873533248901
10536,0.6235872507095337
10537,0.6238734722137451
10538,0.6235848665237427
10539,0.6231062412261963
10540,0.6236656904220581
10541,0.6238626837730408
10542,0.622715413570404
10543,0.6239109635353088
10544,0.6239790916442871
10545,0.6233103275299072
10546,0.623972475528717
10547,0.6232337355613708
10548,0.6238052248954773
10549,0.6239707469940186
10550,0.6238813996315002
10551,0.6234144568443298
10552,0.6239916086196899
10553,0.6237298250198364
10554,0.6234703660011292
10555,0.6235036849975586
10556,0.6239593029022217
10557,0.6233701109886169
10558,0.6239175796508789
10559,0.6239345669746399
10560,0.6239132285118103
10561,0.6238523125648499
10562,0.6239522695541382
10563,0.6239445209503174
10564,0.6237959265708923
10565,0.6238391399383545
10566,0.6238694787025452
10567,0.6239437460899353
10568,0.6236932873725891
10569,0.6236512660980225
10570,0.6237388253211975
10571,0.6239825487136841
10572,0.6229684948921204
10573,0.6240010261535645
10574,0.623876690864563
10575,0.623495876789093
10576,0.6235346794128418
10577,0.6230108141899109
10578,0.6234691739082336
10579,0.623927116394043
10580,0.6233768463134766
10581,0.6238890290260315
10582,0.6239499449729919
10584,0.6239315271377563
10585,0.623569667339325
10586,0.6233704090118408
10587,0.6239817142486572
10588,0.6236718893051147
10589,0.6233940124511719
10590,0.6238943934440613
10591,0.6239957809448242
10592,0.6237792372703552
10593,0.6239829063415527
10594,0.6239890456199646
10595,0.6234269142150879
10596,0.6238183975219727
10597,0.623909056186676
10598,0.6239696741104126
10599,0.6229262948036194
10600,0.6239565014839172
10601,0.6230589151382446
10602,0.6238948106765747
10603,0.6233963370323181
10604,0.6234304308891296
10605,0.6238203048706055
10606,0.6239832043647766
10607,0.6239003539085388
10608,0.6239876747131348
10609,0.6235691905021667
10610,0.6227509379386902
10611,0.6230300664901733
10612,0.6232680678367615
10613,0.6236603856086731
10614,0.6233195066452026
10615,0.6237110495567322
10616,0.6226537227630615
10617,0.6239845156669617
10618,0.623948872089386
10619,0.6234766840934753
10620,0.6238167881965637
10621,0.6239880919456482
10622,0.6238864660263062
10623,0.6239449381828308
10624,0.6238919496536255
10625,0.6239397525787354
10626,0.6238898634910583
10627,0.6239720582962036
10628,0.6235817670822144
10629,0.6239767074584961
10630,0.6230126023292542
10631,0.623509407043457
10632,0.6238730549812317
10633,0.6238805651664734
10634,0.6236883997917175
10635,0.6235986351966858
10636,0.6239013671875
10637,0.6238577961921692
10638,0.6239356994628906
10639,0.6234354972839355
10640,0.6239007115364075
10641,0.6239644289016724
10642,0.6225376725196838
11827,0.6239309310913086
11828,0.6239591836929321
11829,0.6235589385032654
11830,0.6239811778068542
11831,0.6235170960426331
11832,0.6236932277679443
11833,0.6238338351249695
11834,0.6236522793769836
11835,0.6238195896148682
11836,0.6237343549728394
11837,0.623961865901947
11838,0.6238075494766235
11839,0.6239814162254333
11840,0.6239897608757019
11841,0.62391597032547
11842,0.623071014881134
11843,0.6233899593353271
11844,0.6238289475440979
11845,0.6239497661590576
11846,0.6238203048706055
11847,0.6235285997390747
11848,0.6239780187606812
11849,0.6235694289207458
11850,0.6234669089317322
11851,0.6237972378730774
11852,0.6238885521888733
11853,0.6237437725067139
11854,0.623258113861084
11855,0.6239191293716431
11856,0.6234418153762817
11857,0.6235388517379761
11858,0.6233502626419067
11859,0.6238242983818054
11860,0.6233234405517578
11861,0.6239685416221619
11862,0.6233231425285339
11863,0.623769998550415
11864,0.6238747239112854
11865,0.6237161159515381
11866,0.6238834261894226
11867,0.6237397193908691
11868,0.6227146983146667
11869,0.623517632484436
11870,0.6238316297531128
11871,0.6239650249481201
11872,0.6236297488212585
11873,0.623735249042511
11874,0.6236838698387146
11875,0.6236757040023804
11876,0.6237220764160156
11877,0.6236934065818787
11878,0.6236307621002197
11879,0.6237131357192993
11880,0.6239447593688965
11881,0.6234703660011292
11882,0.6237058639526367
11883,0.6238793134689331
11884,0.6236677169799805
11885,0.6238449811935425
11886,0.6238078474998474
11887,0.62372225522995
11888,0.6239577531814575
11889,0.6237730979919434
11890,0.6226491332054138
11891,0.6237550973892212
11892,0.6237604022026062
11893,0.6237467527389526
11894,0.6238755583763123
11895,0.6234962940216064
11896,0.6237867474555969
11897,0.6234161853790283
11898,0.6236492395401001
11899,0.6235867142677307
11900,0.6232974529266357
11901,0.623790442943573
11902,0.6239564418792725
11903,0.6239292025566101
11904,0.6237406134605408
11905,0.6234987378120422
11906,0.6232744455337524
11907,0.6237410306930542
11908,0.623259961605072
11909,0.6237242817878723
11910,0.623971164226532
11911,0.6238051652908325
11912,0.6239548921585083
11913,0.6238370537757874
11914,0.6239283680915833
11915,0.6225988268852234
11916,0.6237964630126953
11917,0.6238929033279419
11918,0.6237058639526367
11919,0.6239480376243591
11920,0.6235548257827759
11921,0.6235071420669556
11922,0.6237682700157166
11923,0.6239453554153442
11924,0.6237757802009583
11925,0.62376469373703
11926,0.623996913433075
11927,0.6239817142486572
11928,0.6237605810165405
11929,0.6237703561782837
11930,0.6239350438117981
11931,0.6233552694320679
11932,0.623766303062439
11933,0.6236867308616638
11934,0.6237963438034058
11935,0.6239383816719055
11936,0.6239355206489563
11937,0.6237346529960632
11938,0.623711884021759
11939,0.6232005953788757
11940,0.6238586902618408
11941,0.6239702701568604
11942,0.6237022280693054
11943,0.6236839890480042
11944,0.6237006187438965
11945,0.6237083673477173
11946,0.6234095096588135
11947,0.6238802671432495
11948,0.6225636005401611
11949,0.6235636472702026
11950,0.6239731907844543
11951,0.623943030834198
11952,0.6239537000656128
11953,0.6239507794380188
11954,0.6237101554870605
11955,0.6239417195320129
11956,0.6239178776741028
11957,0.6233572959899902
11958,0.6236960887908936
11959,0.6239809989929199
11960,0.6237054467201233
11961,0.6231327652931213
11962,0.6229690909385681
11963,0.623694658279419
11964,0.6237845420837402
11965,0.6235884428024292
11966,0.6239920258522034
11967,0.6239627599716187
11968,0.6228108406066895
11969,0.6237441897392273
11970,0.623612105846405
11971,0.623938798904419
11972,0.6229344010353088
11973,0.6239674091339111
11974,0.623826265335083
11975,0.622831404209137
11976,0.6239708065986633
11977,0.6239402294158936
11978,0.623814582824707
11979,0.6236352920532227
11980,0.6235279440879822
11981,0.6238611340522766
11982,0.6237624287605286
11983,0.6239575743675232
11984,0.6237480640411377
11985,0.6232853531837463
11986,0.6238259673118591
11987,0.6239112019538879
11988,0.6237740516662598
11989,0.6239417791366577
11990,0.6233870387077332
11991,0.6237724423408508
11992,0.623735785484314
11993,0.6239524483680725
11994,0.6237810254096985
11995,0.623954713344574
11996,0.623923122882843
11997,0.6236186027526855
11998,0.6239350438117981
11999,0.6231802105903625
12000,0.6239490509033203
12001,0.6239252090454102
12002,0.6239595413208008
12003,0.6238150596618652
12004,0.6237913966178894
12005,0.6235902905464172
12006,0.6233410835266113
12007,0.6233368515968323
12008,0.6236138343811035
12009,0.623712420463562
12010,0.6239499449729919
12011,0.6238192319869995
12012,0.6232465505599976
12013,0.6239702105522156
12014,0.6238257884979248
12015,0.6237741112709045
12016,0.6238378882408142
12017,0.6239738464355469
12018,0.6236562132835388
12019,0.6237849593162537
12020,0.6234301328659058
12021,0.6234751343727112
12022,0.6238600611686707
12023,0.6239738464355469
12024,0.6236600279808044
12025,0.6238190531730652
12026,0.6239610314369202
12027,0.6238073110580444
12028,0.6235448122024536
12029,0.6238002181053162
12030,0.6236268281936646
12031,0.6239855289459229
12032,0.6239820718765259
12033,0.6238247156143188
12034,0.6237232685089111
12035,0.6237261891365051
12036,0.6239981651306152
12037,0.6230065822601318
12038,0.6238704919815063
12039,0.6226224899291992
12040,0.6239786148071289
12041,0.6230584383010864
12042,0.6233600378036499
12043,0.623973548412323
12044,0.623943567276001
12045,0.6237595677375793
12046,0.6239553689956665
12047,0.6238042116165161
12048,0.6237362027168274
12049,0.6234042048454285
12050,0.6239873766899109
12051,0.6237856149673462
12052,0.6239498853683472
12053,0.6239839196205139
12054,0.623180627822876
12055,0.6239696741104126
12056,0.6236467361450195
12057,0.6239625215530396
12058,0.6237809062004089
12059,0.6239057779312134
12060,0.6237577795982361
12061,0.6237726211547852
12062,0.6235202550888062
12063,0.6239497661590576
12064,0.6237393617630005
12065,0.6239783763885498
12066,0.6239959001541138
12067,0.6237270832061768
12068,0.6237481236457825
12069,0.623760461807251
12070,0.6238042116165161
12071,0.6238016486167908
12072,0.6236437559127808
12073,0.6239647269248962
12074,0.6236922740936279
12075,0.6235423684120178
12076,0.6237620711326599
12077,0.623780369758606
12078,0.6239662766456604
12079,0.6237504482269287
12080,0.6232299208641052
12081,0.6236652135848999
12082,0.6238121390342712
12083,0.6239650249481201
12084,0.6235916018486023
12085,0.6237216591835022
12086,0.6237972974777222
12087,0.6239615678787231
12088,0.623875617980957
12089,0.6239571571350098
12090,0.6233431100845337
12091,0.6236339211463928
12092,0.6235527396202087
12093,0.6239475011825562
12094,0.6237013936042786
12095,0.6239609718322754
12096,0.6239528656005859
12097,0.6239691376686096
12098,0.6239677667617798
12099,0.6239815950393677
12100,0.6232525706291199
12101,0.6231748461723328
12102,0.6233962178230286
12103,0.6239948868751526
12104,0.6238279938697815
12105,0.6236295104026794
12106,0.6238183975219727
12107,0.6237776279449463
12108,0.6236103177070618
12109,0.6237925887107849
12110,0.6234343647956848
12111,0.623973548412323
12112,0.6238309144973755
12113,0.6239702701568604
12114,0.6226734519004822
12115,0.6239650845527649
12116,0.6237140893936157
12117,0.6225135326385498
12118,0.6237942576408386
12119,0.6238495707511902
12120,0.623633861541748
12121,0.6239774227142334
12122,0.623841404914856
12123,0.6238795518875122
12124,0.6238434314727783
12125,0.6233614087104797
12126,0.623715341091156
12127,0.6233605742454529
12128,0.6232873201370239
12129,0.6236790418624878
12130,0.6226736307144165
12131,0.6237590312957764
12132,0.6237786412239075
12133,0.6238709688186646
12134,0.6238804459571838
12135,0.6239750981330872
12136,0.6239553689956665
12137,0.6237077116966248
12138,0.6236504912376404
12139,0.6233084797859192
12140,0.623874843120575
12141,0.6235087513923645
12142,0.6237679123878479
12143,0.6239358186721802
12144,0.6234753727912903
12145,0.6239038109779358
12146,0.6237420439720154
12147,0.6234633326530457
12148,0.6238336563110352
12149,0.6239432096481323
12150,0.6231748461723328
12151,0.6237905025482178
12152,0.6237760186195374
12153,0.6239545345306396
12154,0.6232914328575134
12155,0.6237654089927673
12156,0.6233407258987427
12157,0.6231412887573242
12158,0.6236817836761475
12159,0.6234409213066101
12160,0.6235737204551697
12161,0.6237210035324097
12162,0.6237596869468689
12163,0.6237062215805054
12164,0.6236264705657959
12165,0.6237322092056274
12166,0.6237038373947144
12167,0.6232166290283203
12168,0.6239723563194275
12169,0.6239578723907471
12170,0.6234217882156372
12171,0.6237554550170898
12172,0.6239524483680725
12173,0.6239535212516785
12174,0.623972475528717
12175,0.6238982081413269
12176,0.6239725351333618
12177,0.6237353682518005
12178,0.6237650513648987
12179,0.6234502196311951
12180,0.6237380504608154
12181,0.6232653260231018
12182,0.6237042546272278
12183,0.6239740252494812
12184,0.6236833333969116
12185,0.6237368583679199
12186,0.6238147616386414
12187,0.6239190697669983
12188,0.6235165596008301
12189,0.6239510178565979
12190,0.6235571503639221
12191,0.6237090229988098
12192,0.6239597201347351
12193,0.6237899661064148
12194,0.6237385869026184
12195,0.6236799955368042
12196,0.6237286925315857
12197,0.6237432360649109
12198,0.6226939558982849
12199,0.6237397193908691
12200,0.6237220168113708
12201,0.6236626505851746
12202,0.6239609122276306
12203,0.6239369511604309
12204,0.6238354444503784
12205,0.6239638328552246
12206,0.6238468289375305
12207,0.6236817836761475
12208,0.623741090297699
12209,0.623633623123169
12210,0.6237525939941406
12211,0.623664379119873
12212,0.6236557960510254
12213,0.6231769919395447
12214,0.6239714026451111
12215,0.6239851713180542
12216,0.623500406742096
12217,0.6238874793052673
12218,0.6236541867256165
12219,0.6236684322357178
12220,0.6237936019897461
12221,0.6229843497276306
12222,0.6239625215530396
12223,0.6239297986030579
12224,0.6236914992332458
12225,0.6233953833580017
12226,0.6236475110054016
12227,0.6239219307899475
12228,0.6235436797142029
12229,0.6238879561424255
12230,0.6234553456306458
12231,0.62360680103302
12232,0.6236846446990967
12233,0.6237492561340332
12234,0.6239696741104126
12235,0.6237316131591797
12236,0.6235940456390381
12237,0.6236825585365295
12238,0.6239320635795593
12239,0.6238997578620911
12240,0.6235013604164124
12241,0.6232754588127136
12242,0.623715877532959
12243,0.6237391829490662
12244,0.6237102746963501
12245,0.6233870983123779
12246,0.6238337159156799
12247,0.6239089369773865
12248,0.6239192485809326
12249,0.623936116695404
12250,0.6237644553184509
12251,0.6238213181495667
12252,0.6238019466400146
12253,0.6235355138778687
12254,0.623951256275177
12255,0.6239442229270935
12256,0.6232984066009521
12257,0.6232621669769287
12258,0.6239486932754517
12259,0.6239838600158691
12260,0.623724102973938
12261,0.6236990094184875
12262,0.6237868070602417
12263,0.6237229704856873
12264,0.6239516139030457
12265,0.6238035559654236
12266,0.6238930821418762
12267,0.6237329840660095
12268,0.6237940788269043
12269,0.6237882971763611
12270,0.6237435936927795
12271,0.6230852603912354
12272,0.6238304376602173
12273,0.6234123110771179
12274,0.6239779591560364
12275,0.6239744424819946
12276,0.623371958732605
12277,0.6237344145774841
12278,0.6237965822219849
12279,0.6236937642097473
12280,0.6239442825317383
12281,0.6237897872924805
12282,0.6238367557525635
12283,0.623763382434845
12284,0.6238910555839539
12285,0.6237187385559082
12286,0.6239348649978638
12287,0.6234505772590637
12288,0.6237210631370544
12289,0.6239631772041321
12290,0.623692512512207
12291,0.6239445805549622
12292,0.6237350702285767
12293,0.6238230466842651
12294,0.623932421207428
12295,0.6233141422271729
12296,0.6236339211463928
12297,0.6239125728607178
12298,0.6237360239028931
12299,0.6237344741821289
12300,0.6237596869468689
12301,0.6239858865737915
12302,0.6239306926727295
12303,0.6235690116882324
12304,0.6239719390869141
12305,0.6237444877624512
12306,0.6239923238754272
12307,0.6234578490257263
12308,0.6237595677375793
12309,0.6237947344779968
12310,0.6237618923187256
12311,0.6236267685890198
12312,0.6238517165184021
12313,0.6238102912902832
12314,0.6237419247627258
12315,0.6236286163330078
12316,0.6237382888793945
12317,0.6239928603172302
12318,0.6233721375465393
12319,0.6226745247840881
12320,0.6237504482269287
12321,0.6238799095153809
12322,0.6239640116691589
12323,0.6233473420143127
12324,0.6235196590423584
12325,0.623964786529541
12326,0.6238239407539368
12327,0.6237432360649109
12328,0.6238535642623901
12329,0.623786211013794
12330,0.6237834692001343
12331,0.6239510178565979
12332,0.6240030527114868
12333,0.6239732503890991
12334,0.6233752965927124
12335,0.6238020658493042
12336,0.6239562630653381
12337,0.6226397156715393
12338,0.623889148235321
12339,0.6233697533607483
12340,0.6236724853515625
12341,0.6237290501594543
12342,0.6239455342292786
12343,0.6236507892608643
12344,0.6239739060401917
12345,0.6239684224128723
12346,0.6236843466758728
12347,0.6234722137451172
12348,0.6238263845443726
12349,0.623845100402832
12350,0.6238443851470947
12351,0.6234673261642456
12352,0.6239337921142578
12353,0.6237285137176514
12354,0.6226041913032532
12355,0.6235728859901428
12356,0.6239120364189148
12357,0.6235373616218567
12358,0.6231665015220642
12359,0.6237341165542603
12360,0.6233346462249756
12361,0.6237717866897583
12362,0.6239516735076904
12363,0.6235736012458801
12364,0.6236602663993835
12365,0.6233368515968323
12366,0.6239126324653625
12367,0.6237205862998962
12368,0.6238071322441101
12369,0.6238448023796082
12370,0.6232553124427795
12371,0.6237661242485046
12372,0.6237155199050903
12373,0.6233261227607727
12374,0.6236653327941895
12375,0.6237356066703796
12376,0.6237732768058777
12377,0.6237229704856873
12378,0.6239243745803833
12379,0.6239508390426636
12380,0.6239413619041443
12381,0.623833954334259
12382,0.6236913800239563
12383,0.6236612200737
12384,0.6237013936042786
12385,0.6236725449562073
12386,0.6237363815307617
12387,0.6238871216773987
12388,0.6235961318016052
12389,0.6239146590232849
12390,0.6239279508590698
12391,0.6237792372703552
12392,0.6237437725067139
12393,0.6239647269248962
12394,0.6237719655036926
12395,0.6238234043121338
12396,0.62369304895401
12397,0.6237422823905945
12398,0.6239660978317261
12399,0.6239398121833801
12400,0.6237548589706421
12401,0.6239645481109619
12402,0.6239571571350098
12403,0.6233233213424683
12404,0.6233504414558411
12405,0.6236528754234314
12406,0.6238259673118591
12407,0.6228020787239075
12408,0.6228841543197632
12409,0.6237220764160156
12410,0.6233578324317932
12411,0.6230447292327881
12412,0.6237161159515381
12413,0.623734712600708
12414,0.6236868500709534
12415,0.6232783794403076
12416,0.6237677335739136
12417,0.6236804723739624
12418,0.623894214630127
12419,0.6238105297088623
12420,0.6235828399658203
12421,0.6237108707427979
12422,0.6236356496810913
12423,0.6238444447517395
12424,0.6237383484840393
12425,0.6233450174331665
12426,0.6237066984176636
12427,0.6237757802009583
12428,0.6237362027168274
12429,0.6238868236541748
12430,0.6234982013702393
12431,0.6237255930900574
12432,0.6234155297279358
12433,0.6237207055091858
12434,0.6237260103225708
12435,0.6239832043647766
12436,0.623862087726593
12437,0.62381511926651
12438,0.6238561272621155
12439,0.623745858669281
12440,0.623464047908783
12441,0.6236845850944519
12442,0.6237432360649109
12443,0.6239520311355591
12444,0.6235955357551575
12445,0.6239847540855408
12446,0.6234856247901917
12447,0.6237385869026184
12448,0.6233532428741455
12449,0.6237244009971619
12450,0.6234391331672668
12451,0.6239638328552246
12452,0.6239795088768005
12453,0.6239756941795349
12454,0.623967707157135
12455,0.6237086653709412
12456,0.6237500309944153
12457,0.6236476898193359
12458,0.623537003993988
12459,0.6237285137176514
12460,0.6238385438919067
12461,0.6239438652992249
12462,0.6233365535736084
12463,0.6239266395568848
12464,0.6237807273864746
12465,0.6239532828330994
12466,0.6236476898193359
12467,0.6233475804328918
12468,0.6237145066261292
12469,0.6239429116249084
12470,0.6236938238143921
12471,0.6238020658493042
12472,0.6239156126976013
12473,0.6238060593605042
12474,0.6239587664604187
12475,0.6239422559738159
12476,0.6238170862197876
12477,0.6229496598243713
12478,0.6236498355865479
12479,0.623271644115448
12480,0.6239856481552124
12481,0.6235558390617371
12482,0.6236305236816406
12483,0.6237488985061646
12484,0.6239332556724548
12485,0.6235125064849854
12486,0.6239796876907349
12487,0.6235408782958984
12488,0.6236948370933533
12489,0.6233260035514832
12490,0.6237958073616028
12491,0.6237278580665588
12492,0.6238459348678589
12493,0.6238592267036438
12494,0.6235194802284241
12495,0.6239264607429504
12496,0.6239482164382935
12497,0.6234035491943359
12498,0.6238089203834534
12499,0.6237137317657471
12500,0.623527467250824
12501,0.6236262917518616
12502,0.6236913204193115
12503,0.6239370703697205
12504,0.6238800883293152
12505,0.6233428716659546
12506,0.6239930391311646
12507,0.6237908601760864
12508,0.6238816380500793
12509,0.6237537860870361
12510,0.6229754686355591
12511,0.6238685846328735
12512,0.6237086057662964
12513,0.623665452003479
12514,0.623291015625
12515,0.6237483620643616
12516,0.6235706806182861
12517,0.6233633756637573
12518,0.6240068078041077
12519,0.623873233795166
12520,0.6238200068473816
12521,0.623924732208252
12522,0.6237512826919556
12523,0.6235742568969727
12524,0.623721718788147
12525,0.6236780285835266
12526,0.6239928603172302
12527,0.6239652633666992
12528,0.6225830316543579
12529,0.6236975789070129
12530,0.6236671805381775
12531,0.6236468553543091
12532,0.6234660148620605
12533,0.6237204074859619
12534,0.6238067746162415
12535,0.623424232006073
12536,0.6238740086555481
12537,0.6237945556640625
12538,0.6236488819122314
12539,0.6237365007400513
12540,0.6237401366233826
12541,0.6239553689956665
12542,0.6239572763442993
12543,0.6237678527832031
12544,0.623561441898346
12545,0.6235854625701904
12546,0.6239825487136841
12547,0.6233537793159485
12548,0.6237611174583435
12549,0.6239298582077026
12550,0.6237965226173401
12551,0.6237812042236328
12552,0.6230818033218384
12553,0.623870313167572
12554,0.6239768266677856
12555,0.6238327622413635
12556,0.6237937808036804
12557,0.6236829161643982
12558,0.6239654421806335
12559,0.6239756941795349
12560,0.6238417625427246
12561,0.6239487528800964
12562,0.6239680051803589
12563,0.6236602067947388
12564,0.6238470077514648
12565,0.6239500641822815
12566,0.623964250087738
12567,0.623911440372467
12568,0.6237246990203857
12569,0.6238764524459839
12570,0.6239681839942932
12571,0.6235623359680176
12572,0.6239309906959534
12573,0.6234569549560547
12574,0.623375415802002
12575,0.6238827109336853
12576,0.6237539052963257
12577,0.6239782571792603
12578,0.6239593625068665
12579,0.6237460374832153
12580,0.6239402294158936
12581,0.6237794160842896
12582,0.6239595413208008
12583,0.6237667202949524
12584,0.6236873865127563
12585,0.6237221956253052
12586,0.6239246129989624
12587,0.6233691573143005
12588,0.6238627433776855
12589,0.6234226226806641
12590,0.6237592697143555
12591,0.6239491105079651
12592,0.6232966184616089
12593,0.6233208179473877
12594,0.6238769292831421
12595,0.6239797472953796
12596,0.6239562034606934
12597,0.6237122416496277
12598,0.6239573955535889
12599,0.6237401962280273
12600,0.6238767504692078
12601,0.6239830851554871
12602,0.6239770650863647
12603,0.62396240234375
12604,0.6239474415779114
12605,0.6237668991088867
12606,0.6230118870735168
12607,0.6233015656471252
12608,0.6236745119094849
12609,0.6236153244972229
12610,0.6228649616241455
12611,0.6238340735435486
12612,0.6237674951553345
12613,0.6238096356391907
12614,0.6238718628883362
12615,0.6237672567367554
12616,0.6238785982131958
12617,0.6238462328910828
12618,0.6238486170768738
12619,0.6233564019203186
12620,0.6237629652023315
12621,0.6239822506904602
12622,0.6235373020172119
12623,0.6237896084785461
12624,0.62381911277771
12625,0.6239880919456482
12626,0.6237982511520386
12627,0.6238269805908203
12628,0.6237658858299255
12629,0.6229849457740784
12630,0.6239908337593079
12631,0.6237466335296631
12632,0.6236861944198608
12633,0.6237612366676331
12634,0.6227920651435852
12635,0.6239808797836304
12636,0.6229829788208008
12637,0.6237207651138306
12638,0.623833954334259
12639,0.6233786940574646
12640,0.6239476799964905
12641,0.6237196922302246
12642,0.6239607334136963
12643,0.6237198710441589
12644,0.6237795948982239
12645,0.6239924430847168
12646,0.6239200830459595
12647,0.6238797903060913
12648,0.6227101683616638
12649,0.6237558722496033
12650,0.6236475110054016
12651,0.623731255531311
12652,0.6239464282989502
12653,0.6237744688987732
12654,0.6237812042236328
12655,0.623727560043335
12656,0.6233928203582764
12657,0.6238284111022949
12658,0.6237110495567322
12659,0.622704029083252
12660,0.623499870300293
12661,0.6237263679504395
12662,0.6237385272979736
12663,0.623947024345398
12664,0.6239458918571472
12665,0.6238508224487305
12666,0.6237544417381287
12667,0.6233876943588257
12668,0.623742401599884
12669,0.6232575178146362
12670,0.6238579750061035
12671,0.6237407326698303
12672,0.6237167119979858
12673,0.6234633326530457
12674,0.6236893534660339
12675,0.6236324310302734
12676,0.6238552927970886
12677,0.6239457726478577
12678,0.6237297058105469
12679,0.6239117980003357
12680,0.6237474083900452
12681,0.6229409575462341
12682,0.6236990094184875
12683,0.6239503622055054
12684,0.6225262880325317
12685,0.623907208442688
12686,0.6239383816719055
12687,0.6239520907402039
12688,0.623656690120697
12689,0.623924732208252
12690,0.6232186555862427
12691,0.6239809989929199
12692,0.623931884765625
12693,0.6237420439720154
12694,0.6239352822303772
12695,0.6233766674995422
12696,0.6237165927886963
12697,0.6237038969993591
12698,0.6237624287605286
12699,0.6236376762390137
12700,0.6237343549728394
12701,0.6237632632255554
12702,0.6237754225730896
12703,0.623786211013794
12704,0.623803973197937
12705,0.6230133771896362
12706,0.6237190365791321
12707,0.6237438917160034
12708,0.623997151851654
12709,0.6238086223602295
12710,0.6236376762390137
12711,0.6226245164871216
12712,0.6238799095153809
12713,0.6229780912399292
12714,0.6231527328491211
12715,0.6237740516662598
12716,0.6237621307373047
12717,0.6239773631095886
12718,0.6239477396011353
12719,0.6237404346466064
12720,0.622766375541687
12721,0.6237724423408508
12722,0.6230804920196533
12723,0.6237632036209106
12724,0.6236979961395264
12725,0.6239834427833557
12726,0.6239219307899475
12727,0.6237550973892212
12728,0.6234428286552429
12729,0.6236713528633118
12730,0.6238935589790344
12731,0.6230234503746033
12732,0.6225379705429077
12733,0.6236867904663086
12734,0.6239514946937561
12735,0.6238067150115967
12736,0.6236652135848999
12737,0.6229965686798096
12738,0.6238927245140076
12739,0.6239904165267944
12740,0.623936116695404
12741,0.623354434967041
12742,0.6232903599739075
12743,0.623660683631897
12744,0.6239116191864014
12745,0.6234568357467651
12746,0.6238104701042175
12747,0.6235309839248657
12748,0.6233776211738586
12749,0.6233694553375244
12750,0.6239149570465088
12751,0.6230487823486328
12752,0.6239713430404663
12753,0.6238026022911072
12754,0.6239392161369324
12755,0.6235283613204956
12756,0.6238380670547485
12757,0.6237078309059143
12758,0.6239348649978638
12759,0.623968243598938
12760,0.6237335205078125
12761,0.6239717602729797
12762,0.623870313167572
12763,0.6237257122993469
12764,0.6237145662307739
12765,0.6234442591667175
12766,0.6239099502563477
12767,0.6236478686332703
12768,0.623778760433197
12769,0.623889148235321
12770,0.6236552000045776
12771,0.6239654421806335
12772,0.6239554286003113
12773,0.6238723993301392
12774,0.6239633560180664
12775,0.6238857507705688
12776,0.6237368583679199
12777,0.623453676700592
12778,0.623938262462616
12779,0.6233228445053101
12780,0.6236751675605774
12781,0.6239047646522522
12782,0.6234742403030396
12783,0.6239537596702576
12784,0.6234254837036133
12785,0.6232385635375977
12786,0.6228393912315369
12787,0.6239744424819946
12788,0.6239334344863892
12789,0.6239150762557983
12790,0.6237000823020935
12791,0.6228981614112854
12792,0.6239801645278931
12793,0.6238231062889099
12794,0.6237694621086121
12795,0.6239550709724426
12796,0.6239832043647766
12797,0.6237666010856628
12798,0.6230180859565735
12799,0.6236845254898071
12800,0.6237396597862244
12801,0.6228559613227844
12802,0.6237466335296631
12803,0.6237689852714539
12804,0.6237980127334595
12805,0.6235978007316589
12806,0.6237531900405884
12807,0.6237554550170898
12808,0.6239436864852905
12809,0.6236652135848999
12810,0.6236093044281006
12811,0.6239632368087769
12812,0.623706579208374
12813,0.6237205862998962
12814,0.6232455968856812
12815,0.6237862706184387
12816,0.623771071434021
12817,0.6238402128219604
12818,0.6237933039665222
12819,0.623741090297699
12820,0.6239478588104248
12821,0.6239738464355469
12822,0.6232646703720093
12823,0.6232715845108032
12824,0.6239644289016724
12825,0.6239502429962158
12826,0.6237316131591797
12827,0.6226337552070618
12828,0.6239670515060425
12829,0.6237204670906067
12830,0.6236512064933777
12831,0.6236059665679932
12832,0.623726487159729
12833,0.6237813830375671
12834,0.6239218711853027
12835,0.623790979385376
12836,0.6239513754844666
12837,0.6239351034164429
12838,0.6236981749534607
12839,0.6234153509140015
12840,0.6237503886222839
12841,0.6236855387687683
12842,0.6239812970161438
12843,0.6238102912902832
12844,0.6238324642181396
12845,0.6239610910415649
12846,0.6238464713096619
12847,0.6234458684921265
12848,0.6233351826667786
12849,0.6236687302589417
12850,0.6237199902534485
12851,0.6232885718345642
12852,0.6229551434516907
12853,0.6237257122993469
12854,0.6239945292472839
12855,0.6234261393547058
12856,0.623171329498291
12857,0.6239491105079651
12858,0.6237807273864746
12859,0.623266339302063
12860,0.623741865158081
12861,0.6239532232284546
12862,0.6239837408065796
12863,0.6236639022827148
12864,0.6237782835960388
12865,0.6235775351524353
12866,0.6238493323326111
12867,0.6236805319786072
12868,0.6239520907402039
12869,0.623715877532959
12870,0.6239386200904846
12871,0.623727560043335
12872,0.6238964796066284
12873,0.6236978769302368
12874,0.6236403584480286
12875,0.6239163875579834
12876,0.6239705085754395
12877,0.6238231658935547
12878,0.623399019241333
12879,0.6238240599632263
12880,0.623950183391571
12881,0.623296856880188
12882,0.6237544417381287
12883,0.623845636844635
12884,0.6228917241096497
12885,0.623255729675293
12886,0.62333083152771
12887,0.6238608360290527
12888,0.6237152814865112
12889,0.6237608790397644
12890,0.6237178444862366
12891,0.623747706413269
12892,0.6239933967590332
12893,0.6236881613731384
12894,0.6239266991615295
12895,0.623870313167572
12896,0.6238043904304504
12897,0.623673141002655
12898,0.623782217502594
12899,0.6239106059074402
12900,0.6237348914146423
12901,0.6239568591117859
12902,0.6239615678787231
12903,0.6238073110580444
12904,0.6237891316413879
12905,0.6235792636871338
12906,0.6234451532363892
12907,0.6235058307647705
12908,0.6237480044364929
12909,0.6237199902534485
12910,0.6232361793518066
12911,0.6236758828163147
12912,0.6224898099899292
12913,0.6239085793495178
12914,0.6239637136459351
12915,0.6237173676490784
12916,0.6234894394874573
12917,0.6237949728965759
12918,0.6235814094543457
12919,0.6237866282463074
12920,0.6238795518875122
12921,0.6234899759292603
12922,0.6239606142044067
12923,0.6237601041793823
12924,0.623475968837738
12925,0.6233316659927368
12926,0.623729407787323
12927,0.6239697337150574
12928,0.623759388923645
12929,0.6237627863883972
12930,0.6236751079559326
12931,0.6237497329711914
12932,0.623231053352356
12933,0.6232309937477112
12934,0.6239106059074402
12935,0.623649537563324
12936,0.6237713694572449
12937,0.6231572031974792
12938,0.6237355470657349
12939,0.6239793300628662
12940,0.623660683631897
12941,0.623357892036438
12942,0.6239946484565735
12943,0.6237331628799438
12944,0.6239337921142578
12945,0.6237301826477051
12946,0.6239054203033447
12947,0.6237493753433228
12948,0.6239687204360962
12949,0.6237484216690063
12950,0.62397700548172
12951,0.6238689422607422
12952,0.6236950159072876
12953,0.6231237649917603
12954,0.6236427426338196
12955,0.623321533203125
12956,0.6226732730865479
12957,0.6239340305328369
12958,0.6236340999603271
12959,0.6237115859985352
12960,0.6237139105796814
12961,0.6235101222991943
12962,0.6236698031425476
12963,0.6229788064956665
12964,0.6235591769218445
12965,0.6237304210662842
12966,0.6238657236099243
12967,0.6239749193191528
12968,0.6238182187080383
12969,0.623991072177887
12970,0.623755931854248
12971,0.6237570643424988
12972,0.6237131953239441
12973,0.6235745549201965
12974,0.622783899307251
12975,0.6237360835075378
12976,0.6230040788650513
12977,0.6237172484397888
12978,0.623879075050354
12979,0.6237297654151917
12980,0.6238089203834534
12981,0.6237697005271912
12982,0.6239036321640015
12983,0.6237849593162537
12984,0.6236977577209473
12985,0.6237533688545227
12986,0.6237764358520508
12987,0.6236335039138794
12988,0.6237574219703674
12989,0.6236001253128052
12990,0.6235775947570801
12991,0.6234362125396729
12992,0.6238372921943665
12993,0.6237733960151672
12994,0.6239392161369324
12995,0.6239427924156189
12996,0.6237694025039673
12997,0.6239438652992249
12998,0.6235184669494629
12999,0.6237795948982239
13000,0.6237167716026306
13001,0.623952329158783
13002,0.6239538788795471
13003,0.6225764751434326
13004,0.6233786344528198
13005,0.6239469051361084
13006,0.6239476203918457
13007,0.6233929991722107
13008,0.6233644485473633
13009,0.6237152218818665
13010,0.6239463686943054
13011,0.6239566206932068
13012,0.623681902885437
13013,0.623737096786499
13014,0.6239100694656372
13015,0.6237607598304749
13016,0.6237322092056274
13017,0.623964250087738
13018,0.6236918568611145
13019,0.623680830001831
13020,0.6236468553543091
13021,0.6237460970878601
13022,0.6233862638473511
13023,0.6237960457801819
13024,0.6236709952354431
13025,0.6236878633499146
13026,0.6237257122993469
13027,0.6239164471626282
13028,0.6236324310302734
13029,0.6237167716026306
13030,0.6236917972564697
13031,0.623681902885437
13032,0.623973548412323
13033,0.6239792704582214
13034,0.6237310171127319
13035,0.6239436268806458
13036,0.6233474016189575
13037,0.6234605312347412
13038,0.6238391399383545
13039,0.6237464547157288
13040,0.6225087642669678
13041,0.6239805817604065
13042,0.623957097530365
13043,0.6232835650444031
13044,0.6237291097640991
13045,0.623935878276825
13046,0.6237140893936157
13047,0.6237192749977112
13048,0.6239309310913086
13049,0.6237373948097229
13050,0.6237460374832153
13051,0.6238495707511902
13052,0.6239134073257446
13053,0.6239781379699707
13054,0.6239335536956787
13055,0.6238572597503662
13056,0.6232460737228394
13057,0.6233347058296204
13058,0.6237753033638
13059,0.6237471103668213
13060,0.6238600611686707
13061,0.6232430934906006
13062,0.6237186789512634
13063,0.6239563822746277
13064,0.6228978037834167
13065,0.6239522099494934
13066,0.6239820718765259
13067,0.6239608526229858
13068,0.6239175796508789
13069,0.6237280964851379
13070,0.6237925887107849
13071,0.623300313949585
13072,0.6239467263221741
13073,0.6236588358879089
13074,0.6237924098968506
13075,0.6238418817520142
13076,0.6238767504692078
13077,0.6239860653877258
13078,0.6238322854042053
13079,0.623655378818512
13080,0.6237075328826904
13081,0.6237202286720276
13082,0.6239310503005981
13083,0.6234461069107056
13084,0.6238930821418762
13085,0.6238484382629395
13086,0.6235637664794922
13087,0.6237960457801819
13088,0.6239791512489319
13089,0.6238502860069275
13090,0.6236260533332825
13091,0.6239153742790222
13092,0.6232280135154724
13093,0.623813807964325
13094,0.6236767172813416
13095,0.6240040063858032
13096,0.6237579584121704
13097,0.6239515542984009
13098,0.6239797472953796
13099,0.6232723593711853
13100,0.6238611340522766
13101,0.6239745616912842
13102,0.6239288449287415
13103,0.6233417391777039
13104,0.6237762570381165
13105,0.6237761974334717
13106,0.6231677532196045
13107,0.6239854693412781
13108,0.6238195896148682
13109,0.623969316482544
13110,0.6239810585975647
13111,0.6232317090034485
13112,0.62319415807724
13113,0.6237958073616028
13114,0.6237834692001343
13115,0.623745858669281
13116,0.6237003803253174
13117,0.623259961605072
13118,0.6238613128662109
13119,0.6239778399467468
13120,0.6239900588989258
13121,0.6239332556724548
13122,0.6239669919013977
13123,0.6239778399467468
13124,0.623548150062561
13125,0.6239311099052429
13126,0.6237672567367554
13127,0.6236699819564819
13128,0.6236792802810669
13129,0.6232668161392212
13130,0.6237010359764099
13131,0.6236838698387146
13132,0.6237620115280151
13133,0.6238535642623901
13134,0.6237738728523254
13135,0.6239325404167175
13136,0.6230098009109497
13137,0.6239386796951294
13138,0.6237354278564453
13139,0.6237918734550476
13140,0.6239809989929199
13141,0.6237586140632629
13142,0.6239414811134338
13143,0.623629093170166
13144,0.6236913204193115
13145,0.6233974099159241
13146,0.6236899495124817
13147,0.6236371397972107
13148,0.6237830519676208
13149,0.6238304376602173
13150,0.6239778399467468
13151,0.6238957643508911
13152,0.6236758232116699
13153,0.6233999729156494
13154,0.6239420175552368
13155,0.6239125728607178
13156,0.6237720847129822
13157,0.623918890953064
13158,0.6236945390701294
13159,0.6236677169799805
13160,0.6239166259765625
13161,0.6237901449203491
13162,0.6239072680473328
13163,0.6232820153236389
13164,0.6239765882492065
13165,0.6236616373062134
13166,0.6238889694213867
13167,0.623970091342926
13168,0.623691737651825
13169,0.6236101388931274
13170,0.623691737651825
13171,0.6237187385559082
13172,0.6238884329795837
13173,0.6237003207206726
13174,0.6239404082298279
13175,0.6238032579421997
13176,0.6239506006240845
13177,0.6237084269523621
13178,0.6238305568695068
13179,0.6237336993217468
13180,0.6236683130264282
13181,0.6234471797943115
13182,0.6237565875053406
13183,0.6237500309944153
13184,0.6238924264907837
13185,0.6239572763442993
13186,0.6230018734931946
13187,0.623266875743866
13188,0.6236839890480042
13189,0.6236831545829773
13190,0.6238537430763245
13191,0.6234436631202698
13192,0.623729944229126
13193,0.6237180829048157
13194,0.6234108805656433
13195,0.6230839490890503
13196,0.6236101388931274
13197,0.6236122846603394
13198,0.6237759590148926
13199,0.6237488985061646
13200,0.6238319277763367
13201,0.6239319443702698
13202,0.6239305138587952
13203,0.6236226558685303
13204,0.62334805727005
13205,0.6237253546714783
13206,0.6233353018760681
13207,0.6235092878341675
13208,0.6237258911132812
13209,0.6236631870269775
13210,0.6236921548843384
13211,0.623826265335083
13212,0.6230904459953308
13213,0.623600423336029
13214,0.6239476799964905
13215,0.6234209537506104
13216,0.6225467920303345
13217,0.6237609386444092
13218,0.62395840883255
13219,0.6235485672950745
13220,0.6239757537841797
13221,0.6237607002258301
13222,0.6228375434875488
13223,0.623710036277771
13224,0.6236972212791443
13225,0.6237343549728394
13226,0.6236835718154907
13227,0.6237947940826416
13228,0.6237291097640991
13229,0.6239840388298035
13230,0.6237829327583313
13231,0.6237887144088745
13232,0.6233816146850586
13233,0.6236889362335205
13234,0.6239559650421143
13235,0.6239619255065918
13236,0.623730480670929
13237,0.6238933801651001
13238,0.6239375472068787
13239,0.6239765286445618
13240,0.6236719489097595
13241,0.623336672782898
13242,0.6239836812019348
13243,0.6234422326087952
13244,0.6238945722579956
13245,0.6239397525787354
13246,0.6237915754318237
13247,0.6239667534828186
13248,0.6239165663719177
13249,0.6239432096481323
13250,0.6235029101371765
13251,0.6234109997749329
13252,0.6237348318099976
13253,0.6238062977790833
13254,0.6238951086997986
13255,0.6234646439552307
13256,0.6237591505050659
13257,0.6237364411354065
13258,0.62396240234375
13259,0.6236725449562073
13260,0.6232960820198059
13261,0.6239811778068542
13262,0.6236831545829773
13263,0.623740553855896
13264,0.62375807762146
13265,0.6239708662033081
13266,0.62389075756073
13267,0.6233106255531311
13268,0.6238912343978882
13269,0.6234897375106812
13270,0.6226038336753845
13271,0.6233891844749451
13272,0.6238859295845032
13273,0.6237895488739014
13274,0.6239694952964783
13275,0.623732328414917
13276,0.6237008571624756
13277,0.6239822506904602
13278,0.6236961483955383
13279,0.6237441897392273
13280,0.6239311099052429
13281,0.6235578656196594
13282,0.6235272884368896
13283,0.6237784028053284
13284,0.623788595199585
13285,0.6236883401870728
13286,0.62371426820755
13287,0.623988926410675
13288,0.6237735152244568
13289,0.6237185597419739
13290,0.6235869526863098
13291,0.6230279803276062
13292,0.6234723925590515
13293,0.6239541172981262
13294,0.6233891248703003
13295,0.6237632036209106
13296,0.6239609122276306
13297,0.623859167098999
13298,0.6237038969993591
13299,0.6237919330596924
13300,0.623717188835144
13301,0.6237677931785583
13302,0.6233631372451782
13303,0.6236932873725891
13304,0.6239617466926575
13305,0.6237857937812805
13306,0.6234213709831238
13307,0.6239673495292664
13308,0.6239691972732544
13309,0.6237295866012573
13310,0.6239621043205261
13311,0.6237307786941528
13312,0.623779296875
13313,0.6237576007843018
13314,0.623724102973938
13315,0.6233978271484375
13316,0.6237773895263672
13317,0.623847484588623
13318,0.6231527328491211
13319,0.6236739754676819
13320,0.6239368915557861
13321,0.6237741112709045
13322,0.6239017844200134
13323,0.623711884021759
13324,0.623782753944397
13325,0.6238104701042175
13326,0.6232749819755554
13327,0.6235753893852234
13328,0.6239425539970398
13329,0.6235037446022034
13330,0.6236568093299866
13331,0.6233541965484619
13332,0.6239630579948425
13333,0.623855471611023
13334,0.6237115859985352
13335,0.6237343549728394
13336,0.6239790916442871
13337,0.6235328912734985
13338,0.6237520575523376
13339,0.623807430267334
13340,0.6235177516937256
13341,0.6234018206596375
13342,0.6239480376243591
13343,0.6238300800323486
13344,0.6237983107566833
13345,0.6233691573143005
13346,0.6236667037010193
13347,0.6237095594406128
13348,0.6240013837814331
13349,0.622528612613678
13350,0.6238648891448975
13351,0.6239036321640015
13352,0.6239761710166931
13353,0.6239715218544006
13354,0.6236928701400757
13355,0.6233841180801392
13356,0.6239272356033325
13357,0.6235326528549194
13358,0.623945415019989
13359,0.6227620840072632
13360,0.6238517761230469
13361,0.6233702301979065
13362,0.6237486004829407
13363,0.6237756609916687
13364,0.6233465671539307
13365,0.6237478852272034
13366,0.62396240234375
13367,0.6237111687660217
13368,0.6237459182739258
13369,0.6237619519233704
13370,0.6239519715309143
13371,0.6233800053596497
13372,0.6239222884178162
13373,0.623526394367218
13374,0.6239185929298401
13375,0.623664140701294
13376,0.6237464547157288
13377,0.623770534992218
13378,0.6238883137702942
13379,0.6239562630653381
13380,0.6239635348320007
13381,0.6239228844642639
13382,0.6239246129989624
13383,0.6239479780197144
13384,0.6239433884620667
13385,0.6233623027801514
13386,0.6237276792526245
13387,0.6235559582710266
13388,0.6239282488822937
13389,0.6234227418899536
13390,0.6237127184867859
13391,0.6238977313041687
13392,0.6239297389984131
13393,0.6239163875579834
13394,0.6237336993217468
13395,0.6239740252494812
13396,0.6237647533416748
13397,0.6239139437675476
13398,0.6236941814422607
13399,0.6233121156692505
13400,0.6239872574806213
13401,0.6236386299133301
13402,0.6234458684921265
13403,0.6232638359069824
13404,0.6237972974777222
13405,0.6239234209060669
13406,0.6231088638305664
13407,0.6229651570320129
13408,0.6236098408699036
13409,0.6235958933830261
13410,0.6237297058105469
13411,0.62391597032547
13412,0.6237378716468811
13413,0.6239360570907593
13414,0.6239507794380188
13415,0.6236830353736877
13416,0.6237519979476929
13417,0.6239980459213257
13418,0.6237626075744629
13419,0.6237806081771851
13420,0.6239202618598938
13421,0.6236848831176758
13422,0.6239660978317261
13423,0.6229970455169678
13424,0.6228571534156799
13425,0.6229477524757385
13426,0.6237912178039551
13427,0.6233293414115906
13428,0.6237946152687073
13429,0.6235032081604004
13430,0.6233776807785034
13431,0.6238483786582947
13432,0.6239780783653259
13433,0.6237855553627014
13434,0.6237505674362183
13435,0.6235029697418213
13436,0.6232855319976807
13437,0.6234931349754333
13438,0.6235802173614502
13439,0.6239608526229858
13440,0.623807430267334
13441,0.6236644387245178
13442,0.6236822009086609
13443,0.6237608194351196
13444,0.62352055311203
13445,0.6239553689956665
13446,0.623982846736908
13447,0.6235228180885315
13448,0.6239082217216492
13449,0.6237112283706665
13450,0.6238106489181519
13451,0.6237654685974121
13452,0.6228843927383423
13453,0.6237344741821289
13454,0.6238609552383423
13455,0.6232828497886658
13456,0.6238904595375061
13457,0.6233676671981812
13458,0.623721718788147
13459,0.6230362057685852
13460,0.623214840888977
13461,0.6235299110412598
13462,0.6235613226890564
13463,0.6236944198608398
13464,0.6233599185943604
13465,0.6237276792526245
13466,0.6238664388656616
13467,0.6239792108535767
13468,0.6239697337150574
13469,0.6239451169967651
13470,0.6237491965293884
13471,0.623918890953064
13472,0.6237322092056274
13473,0.6239699125289917
13474,0.623943567276001
13475,0.623744785785675
13476,0.6237757205963135
13477,0.6237339377403259
13478,0.622862696647644
13479,0.6236748695373535
13480,0.6239233016967773
13481,0.6236541867256165
13482,0.623435378074646
13483,0.623715341091156
13484,0.623889148235321
13485,0.6238628029823303
13486,0.6236593127250671
13487,0.6236414909362793
13488,0.6232672929763794
13489,0.6238662004470825
13490,0.6237194538116455
13491,0.6239596605300903
13492,0.6239505410194397
13493,0.6234759092330933
13494,0.6237019896507263
13495,0.6239079236984253
13496,0.6239596009254456
13497,0.6235042810440063
13498,0.6236450672149658
13499,0.6238261461257935
13500,0.6237502098083496
13501,0.6239804625511169
13502,0.623716413974762
13503,0.6235799789428711
13504,0.6237247586250305
13505,0.6233505606651306
13506,0.6239263415336609
13507,0.6236771941184998
13508,0.623664379119873
13509,0.6237062215805054
13510,0.623940110206604
13511,0.6235243082046509
13512,0.6238898038864136
13513,0.6239374279975891
13514,0.6238025426864624
13515,0.6233968734741211
13516,0.6236718893051147
13517,0.6235815286636353
13518,0.6237853765487671
13519,0.623534619808197
13520,0.6234439015388489
13521,0.6238629221916199
13522,0.6239348649978638
13523,0.6237528920173645
13524,0.6233530640602112
13525,0.6235988736152649
13526,0.6237612366676331
13527,0.6239772439002991
13528,0.6232590675354004
13529,0.6239348649978638
13530,0.6236929893493652
13531,0.6238988041877747
13532,0.6231938600540161
13533,0.6237952709197998
13534,0.6236966848373413
13535,0.6239414215087891
13536,0.6240012049674988
13537,0.6230977773666382
13538,0.6239675283432007
13539,0.6237020492553711
13540,0.6237590312957764
13541,0.6236687302589417
13542,0.6238530874252319
13543,0.6231468319892883
13544,0.6239230036735535
13545,0.6233988404273987
13546,0.6235458850860596
13547,0.6237133741378784
13548,0.6240003705024719
13549,0.6232191324234009
13550,0.6239159107208252
13551,0.6239683628082275
13552,0.6236997246742249
13553,0.6239122152328491
13554,0.6227118968963623
13555,0.6236725449562073
13556,0.6237437129020691
13557,0.6239272952079773
13558,0.6237179040908813
13559,0.6233876347541809
13560,0.6237427592277527
13561,0.623687207698822
13562,0.6239523887634277
13563,0.6237668991088867
13564,0.623957097530365
13565,0.6239321231842041
13566,0.6237457394599915
13567,0.623958170413971
13568,0.6236623525619507
13569,0.6237595677375793
13570,0.6238290071487427
13571,0.6238293051719666
13572,0.6237701773643494
13573,0.6237855553627014
13574,0.6233566403388977
13575,0.6239556074142456
13576,0.6239565014839172
13577,0.6239770650863647
13578,0.6236229538917542
13579,0.6237621903419495
13580,0.623779296875
13581,0.6235179901123047
13582,0.6237190961837769
13583,0.6237606406211853
13584,0.6236581206321716
13585,0.6235046982765198
13586,0.6238017082214355
13587,0.6238927841186523
13588,0.6237330436706543
13589,0.6239732503890991
13590,0.6237192153930664
13591,0.622983455657959
13592,0.6235940456390381
13593,0.6239591836929321
13594,0.6238369345664978
13595,0.623424768447876
13596,0.623678982257843
13597,0.6237267255783081
13598,0.6236128211021423
13599,0.6239395141601562
13600,0.6237933039665222
13601,0.6227246522903442
13602,0.6239116191864014
13603,0.6239323616027832
13604,0.6237918734550476
13605,0.6235361099243164
13606,0.6236845850944519
13607,0.6236311793327332
13608,0.6237416863441467
13609,0.6238726377487183
13610,0.6238061189651489
13611,0.6239500641822815
13612,0.6237364411354065
13613,0.623752236366272
13614,0.6239332556724548
13615,0.6239724159240723
13616,0.6238536238670349
13617,0.6236491799354553
13618,0.6233546137809753
13619,0.6236528158187866
13620,0.6234349012374878
13621,0.623770534992218
13622,0.6237754821777344
13623,0.6236823797225952
13624,0.6231896877288818
13625,0.6237666010856628
13626,0.6238530874252319
13627,0.6239184141159058
13628,0.6239702105522156
13629,0.6232100129127502
13630,0.6231679320335388
13631,0.6239063143730164
14834,0.6238712668418884
14835,0.623748242855072
14836,0.6239707469940186
14837,0.6238764524459839
14838,0.6238416433334351
14839,0.6233059763908386
14840,0.6236775517463684
14841,0.6237415671348572
14842,0.622944712638855
14843,0.6233766674995422
14844,0.6239126324653625
14845,0.623711884021759
14846,0.6239346265792847
14847,0.623756468296051
14848,0.6229665279388428
14849,0.6236746907234192
14850,0.6239044666290283
14851,0.6235894560813904
14852,0.6225776672363281
14853,0.6237384080886841
14854,0.6235491633415222
14855,0.6237062215805054
14856,0.6239709258079529
14857,0.6236937046051025
14858,0.623447597026825
14859,0.6239632964134216
14860,0.6237450242042542
14861,0.6238380670547485
14862,0.6236540675163269
14863,0.623367428779602
14864,0.6233863830566406
14865,0.6238454580307007
14866,0.623656690120697
14867,0.623773455619812
14868,0.6238751411437988
14869,0.6239371299743652
14870,0.6238740086555481
14871,0.6239615082740784
14872,0.6234635710716248
14873,0.6238135099411011
14874,0.6239925026893616
14875,0.623599648475647
14876,0.6237949132919312
14877,0.6237602233886719
14878,0.6239252686500549
14879,0.6237781047821045
14880,0.6237094402313232
14881,0.623379111289978
14882,0.6238993406295776
14883,0.6238754391670227
14884,0.6237782835960388
14885,0.6233317255973816
14886,0.6239097714424133
14887,0.6238678097724915
14888,0.6239420771598816
14889,0.6237393617630005
14890,0.6237197518348694
14891,0.6239875555038452
14892,0.6235467195510864
14893,0.6237610578536987
14894,0.6233879923820496
14895,0.6231940984725952
14896,0.6237562894821167
14897,0.6233574151992798
14898,0.6232555508613586
14899,0.6239820122718811
14900,0.6238032579421997
14901,0.6239789128303528
14902,0.623445987701416
14903,0.6238075494766235
14904,0.6239084601402283
14905,0.6239804029464722
14906,0.6234558820724487
14907,0.6234920620918274
14908,0.6239763498306274
14909,0.6236191391944885
14910,0.6232678890228271
14911,0.6239628791809082
14912,0.6234039068222046
14913,0.6237017512321472
14914,0.623731255531311
14915,0.6235557198524475
14916,0.6237915754318237
14917,0.6238102912902832
14918,0.62371426820755
14919,0.6239044070243835
14920,0.6238182187080383
14921,0.6237064599990845
14922,0.6239377856254578
14923,0.6237567067146301
14924,0.623777449131012
14925,0.6236838698387146
14926,0.6239231824874878
14927,0.6237314343452454
14928,0.6234511137008667
14929,0.623858630657196
14930,0.6234294176101685
14931,0.623742401599884
14932,0.6238338947296143
14933,0.6234269738197327
14934,0.6236456632614136
14935,0.6234071850776672
14936,0.6235081553459167
14937,0.6234994530677795
14938,0.6233248710632324
14939,0.6239462494850159
14940,0.6237989664077759
14941,0.6239119172096252
14942,0.6239370107650757
14943,0.623851478099823
14944,0.6234918832778931
14945,0.6236998438835144
14946,0.6236928105354309
14947,0.6234378218650818
14948,0.6239681243896484
14949,0.6239690780639648
14950,0.6238735914230347
14951,0.6237652897834778
14952,0.6236995458602905
14953,0.6237130165100098
14954,0.6238925457000732
14955,0.623520016670227
14956,0.6238047480583191
14957,0.6239723563194275
14958,0.6236868500709534
14959,0.6236915588378906
14960,0.6238387227058411
14961,0.6236362457275391
14962,0.6236892342567444
14963,0.6239518523216248
14964,0.6230337023735046
14965,0.6237474679946899
14966,0.6237071752548218
14967,0.6239082217216492
14968,0.6237344741821289
14969,0.6237366199493408
14970,0.6238147616386414
14971,0.6238724589347839
14972,0.6234777569770813
14973,0.6240032315254211
14974,0.6235064268112183
14975,0.6236819624900818
14976,0.6236928701400757
14977,0.6237008571624756
14978,0.6237705945968628
14979,0.6229300498962402
14980,0.6236778497695923
14981,0.6239507794380188
14982,0.623200535774231
14983,0.6237486600875854
14984,0.6234740614891052
14985,0.6234244108200073
14986,0.6236489415168762
14987,0.6239505410194397
14988,0.6238709092140198
14989,0.6239957213401794
14990,0.6237441301345825
14991,0.6237790584564209
14992,0.6233108639717102
14993,0.6237621903419495
14994,0.6239420771598816
14995,0.6237543821334839
14996,0.6238791942596436
14997,0.6239398717880249
14998,0.6235749125480652
14999,0.6234299540519714
15000,0.6237236857414246
15001,0.6238775253295898
15002,0.6235246658325195
15003,0.6232838034629822
15004,0.6236734390258789
15005,0.6234894394874573
15006,0.623704731464386
15007,0.6239627599716187
15008,0.6237720847129822
15009,0.6235777139663696
15010,0.6239486932754517
15011,0.6238711476325989
15012,0.6237576603889465
15013,0.6237125396728516
15014,0.6238362193107605
15015,0.6235256195068359
15016,0.6239482164382935
15017,0.623993992805481
15018,0.6237367391586304
15019,0.6239299178123474
15020,0.6238003969192505
15021,0.623854398727417
15022,0.6238128542900085
15023,0.6235597133636475
15024,0.6239506006240845
15025,0.6239222884178162
15026,0.6237140893936157
15027,0.6237610578536987
15028,0.6237497329711914
15029,0.6235460042953491
15030,0.6234400868415833
15031,0.6237176060676575
15032,0.6235732436180115
15033,0.6234206557273865
15034,0.6237744688987732
15035,0.6239752173423767
15036,0.6238504648208618
15037,0.6238747835159302
15038,0.6238266229629517
15039,0.6239394545555115
15040,0.6233838200569153
15041,0.6237608790397644
15042,0.6237340569496155
15043,0.6237911581993103
15044,0.6237946152687073
15045,0.6234292387962341
15046,0.6237522959709167
15047,0.623731255531311
15048,0.6239680647850037
15049,0.6237990856170654
15050,0.6237075924873352
15051,0.6237233281135559
15052,0.6237477660179138
15053,0.6237437725067139
15054,0.6225987076759338
15055,0.6235794425010681
15056,0.6237949132919312
15057,0.6239640116691589
15058,0.6235311627388
15059,0.623722493648529
15060,0.6238998770713806
15061,0.6239963173866272
15062,0.623593270778656
15063,0.623699426651001
15064,0.6239491105079651
15065,0.6234747171401978
15066,0.6230735182762146
15067,0.6237109899520874
15068,0.6237899661064148
15069,0.6237893104553223
15070,0.6235747933387756
15071,0.6234862208366394
15072,0.6239880919456482
15073,0.623775839805603
15074,0.6239352226257324
15075,0.6239840984344482
15076,0.6239479184150696
15077,0.6227580308914185
15078,0.6237065196037292
15079,0.6238111257553101
15080,0.6234840750694275
15081,0.6233980655670166
15082,0.6238250732421875
15083,0.6239280700683594
15084,0.6239197254180908
15085,0.6237690448760986
15086,0.623691737651825
15087,0.6236562132835388
15088,0.623752236366272
15089,0.6235166192054749
15090,0.623931348323822
15091,0.6235007643699646
15092,0.623851478099823
15093,0.6236886382102966
15094,0.6237655878067017
15095,0.623935878276825
15096,0.6239399313926697
15097,0.6237167119979858
15098,0.6238588094711304
15099,0.6234562397003174
15100,0.6238311529159546
15101,0.6233950257301331
15102,0.6238031387329102
15103,0.6233630776405334
15104,0.6235637068748474
15105,0.6238882541656494
15106,0.6238120794296265
15107,0.6236703991889954
15108,0.623752236366272
15109,0.6239467859268188
15110,0.6238662600517273
15111,0.6238454580307007
15112,0.6230605840682983
15113,0.6239945292472839
15114,0.6237000823020935
15115,0.6232738494873047
15116,0.623563826084137
15117,0.623988926410675
15118,0.6239965558052063
15119,0.6238513588905334
15120,0.6237573623657227
15121,0.6239299774169922
15122,0.6236463785171509
15123,0.623819887638092
15124,0.6237526535987854
15125,0.6233157515525818
15126,0.6239342093467712
15127,0.6236764192581177
15128,0.623884379863739
15129,0.6237719655036926
15130,0.6237776279449463
15131,0.6230291128158569
15132,0.6237658858299255
15133,0.6239563822746277
15134,0.6236714720726013
15135,0.6236191391944885
15136,0.623795211315155
15137,0.6238304972648621
15138,0.6235617399215698
15139,0.6235927939414978
15140,0.6236851811408997
15141,0.6239165663719177
15142,0.6239633560180664
15143,0.6237809658050537
15144,0.6236512064933777
15145,0.6238709688186646
15146,0.6233810186386108
15147,0.6238203048706055
15148,0.6238628029823303
15149,0.6239742636680603
15150,0.6236796975135803
15151,0.6237016916275024
15152,0.6239581108093262
15153,0.6239492893218994
15154,0.6239648461341858
15155,0.6234138607978821
15156,0.6237202286720276
15157,0.6238776445388794
15158,0.6233335733413696
15159,0.6239176988601685
15160,0.6233943700790405
15161,0.6235052347183228
15162,0.6239637732505798
15163,0.6235400438308716
15164,0.6238422393798828
15165,0.6235362887382507
15166,0.6236461400985718
15167,0.6237649321556091
15168,0.6237994432449341
15169,0.6237915754318237
15170,0.6235785484313965
15171,0.6239333748817444
15172,0.62397301197052
15173,0.6234096884727478
15174,0.6238066554069519
15175,0.6239528656005859
15176,0.623729407787323
15177,0.6239180564880371
15178,0.6226743459701538
15179,0.6236653923988342
15180,0.6236149072647095
15181,0.623731255531311
15182,0.6236541867256165
15183,0.6237406730651855
15184,0.6236873865127563
15185,0.6239620447158813
15186,0.6232746243476868
15187,0.6236699223518372
15188,0.6239452362060547
15189,0.6234921216964722
15190,0.6234839558601379
15191,0.6238387823104858
15192,0.6235957145690918
15193,0.6234190464019775
15194,0.6239245533943176
15195,0.62397301197052
15196,0.6238433122634888
15197,0.6236726641654968
15198,0.6237764358520508
15199,0.6237040162086487
15200,0.6234862804412842
15201,0.623281717300415
15202,0.6233317255973816
15203,0.6237801313400269
15204,0.6239727139472961
15205,0.6233425736427307
15206,0.6237758994102478
15207,0.6237960457801819
15208,0.6238031387329102
15209,0.623772144317627
15210,0.6235625743865967
15211,0.6239703893661499
15212,0.6237190961837769
15213,0.6235867738723755
15214,0.623988926410675
15215,0.6237614750862122
15216,0.6233348250389099
15217,0.6237111687660217
15218,0.6237745881080627
15219,0.623613178730011
15220,0.6238011717796326
15221,0.6237567067146301
15222,0.6237474083900452
15223,0.6238064169883728
15224,0.6229409575462341
15225,0.6237481236457825
15226,0.6234491467475891
15227,0.623879075050354
15228,0.6237265467643738
15229,0.6237612366676331
15230,0.62325119972229
15231,0.6234362721443176
15232,0.6237818002700806
15233,0.6234096884727478
15234,0.6237325668334961
15235,0.6238667964935303
15236,0.6237585544586182
15237,0.6238282918930054
15238,0.6239405870437622
15239,0.623214840888977
15240,0.6239653825759888
15241,0.6234292387962341
15242,0.6236217617988586
15243,0.6238491535186768
15244,0.6238341331481934
15245,0.6239688992500305
15246,0.6232656240463257
15247,0.6237896084785461
15248,0.6237733960151672
15249,0.6237464547157288
15250,0.62372225522995
15251,0.6235888600349426
15252,0.6239532828330994
15253,0.6237955689430237
15254,0.6237151026725769
15255,0.6237711310386658
15256,0.6237747073173523
15257,0.6237742900848389
15258,0.6239652633666992
15259,0.6238222718238831
15260,0.6239197850227356
15261,0.6237996220588684
15262,0.6239082217216492
15263,0.6236040592193604
15264,0.623920738697052
15265,0.6237109303474426
15266,0.6235648393630981
15267,0.6236670613288879
15268,0.6239853501319885
15269,0.6239712238311768
15270,0.6238734722137451
15271,0.6237388849258423
15272,0.623500645160675
15273,0.6237313747406006
15274,0.6236860752105713
15275,0.6238766312599182
15276,0.6239237189292908
15277,0.6236171126365662
15278,0.6237000823020935
15279,0.6238526105880737
15280,0.6239568591117859
15281,0.623786449432373
15282,0.6239643692970276
15283,0.6238745450973511
15284,0.623790442943573
15285,0.6238825917243958
15286,0.623969554901123
15287,0.6239182949066162
15288,0.6239652037620544
15289,0.6234466433525085
15290,0.6239430904388428
15291,0.6239254474639893
15292,0.6239900588989258
15293,0.6229060292243958
15294,0.6236113905906677
15295,0.623875617980957
15296,0.6238070726394653
15297,0.6237534284591675
15298,0.623844563961029
15299,0.6239237785339355
15300,0.6236874461174011
15301,0.6233440637588501
15302,0.6235688328742981
15303,0.6232625842094421
15304,0.6233579516410828
15305,0.6236967444419861
15306,0.6236942410469055
15307,0.6235802173614502
15308,0.6238791346549988
15309,0.6234743595123291
15310,0.6234217882156372
15311,0.623488187789917
15312,0.6238592863082886
15313,0.6233541965484619
15314,0.6236299276351929
15315,0.6235454678535461
15316,0.623143196105957
15317,0.6238448023796082
15318,0.6237890720367432
15319,0.6239332556724548
15320,0.6236644387245178
15321,0.6236844062805176
15322,0.6239703893661499
15323,0.6237255930900574
15324,0.6239334940910339
15325,0.6238174438476562
15326,0.6238161325454712
15327,0.6234815716743469
15328,0.6239638924598694
15329,0.6234374046325684
15330,0.6239491105079651
15331,0.6236552000045776
15332,0.6236522793769836
15333,0.6236007809638977
15334,0.6238074898719788
15335,0.6234055757522583
15336,0.6231774091720581
15337,0.6238312721252441
15338,0.6237305402755737
15339,0.6239731311798096
15340,0.6236286759376526
15341,0.6235134601593018
15342,0.6238043308258057
15343,0.6239569783210754
15344,0.6234657168388367
15345,0.6239038109779358
15346,0.6236708760261536
15347,0.6239650249481201
15348,0.6238187551498413
15349,0.623612642288208
15350,0.623365581035614
15351,0.6238347291946411
15352,0.6236324906349182
15353,0.6237747073173523
15354,0.6235171556472778
15355,0.6239912509918213
15356,0.6237668991088867
15357,0.6239296197891235
15358,0.6234919428825378
15359,0.6238231658935547
15360,0.6233481764793396
15361,0.6236838102340698
15362,0.6239659190177917
15363,0.6239582896232605
15364,0.623194694519043
15365,0.623828649520874
15366,0.6239237785339355
15367,0.6237994432449341
15368,0.6239474415779114
15369,0.6237554550170898
15370,0.6236327886581421
15371,0.6236743330955505
15372,0.6236159801483154
15373,0.6237435936927795
15374,0.6239445209503174
15375,0.6235311627388
15376,0.6235749125480652
15377,0.6226130723953247
15378,0.6238866448402405
15379,0.6239120960235596
15380,0.6234328746795654
15381,0.6238464713096619
15382,0.6237632036209106
15383,0.6234010457992554
15384,0.6236608624458313
15385,0.623727023601532
15386,0.6239228844642639
15387,0.623599112033844
15388,0.6236839890480042
15389,0.6237255334854126
15390,0.6236593723297119
15391,0.6239584684371948
15392,0.623661994934082
15393,0.6235522031784058
15394,0.6238404512405396
15395,0.6234382390975952
15396,0.6232588291168213
15397,0.6235745549201965
15398,0.6237408518791199
15399,0.6239610314369202
15400,0.6235985159873962
15401,0.6233381628990173
15402,0.6240030527114868
15403,0.6239972114562988
15404,0.623788595199585
15405,0.6239252686500549
15406,0.6239277124404907
15407,0.6238815784454346
15408,0.6237428784370422
15409,0.6237772107124329
15410,0.6233339905738831
15411,0.6235895752906799
15412,0.6227741241455078
15413,0.6233901381492615
15414,0.6236962676048279
15415,0.6239612102508545
15416,0.6236047148704529
15417,0.6238887906074524
15418,0.6238349676132202
15419,0.6237189173698425
15420,0.6239798665046692
15421,0.6238202452659607
15422,0.6238986253738403
15423,0.6237305998802185
15424,0.623782753944397
15425,0.6234984993934631
15426,0.6239646077156067
15427,0.6234704256057739
15428,0.6236786842346191
15429,0.6235172748565674
15430,0.6236764192581177
15431,0.6237512826919556
15432,0.6239335536956787
15433,0.6233822107315063
15434,0.6237314343452454
15435,0.6237786412239075
15436,0.6236600279808044
15437,0.6239781975746155
15438,0.6238378882408142
15439,0.6237518191337585
15440,0.6239553689956665
15441,0.6239440441131592
15442,0.6239685416221619
15443,0.6236805319786072
15444,0.6239121556282043
15445,0.6237759590148926
15446,0.6233566403388977
15447,0.6237539052963257
15448,0.6237798929214478
15449,0.6239960789680481
15450,0.623826265335083
15451,0.6236366629600525
15452,0.6238402128219604
15453,0.623531699180603
15454,0.6238327622413635
15455,0.6235478520393372
15456,0.6236622333526611
15457,0.62392258644104
15458,0.623796284198761
15459,0.6234619617462158
15460,0.6233615875244141
15461,0.6238341927528381
15462,0.6239253282546997
15463,0.6237802505493164
15464,0.6235161423683167
15465,0.6232392191886902
15466,0.6230842471122742
15467,0.6237531900405884
15468,0.6239237189292908
15469,0.6234861016273499
15470,0.6237941384315491
15471,0.6234812140464783
15472,0.6233092546463013
15473,0.623967707157135
15474,0.6237340569496155
15475,0.6239638924598694
15476,0.6234962344169617
15477,0.6239002346992493
15478,0.6239518523216248
15479,0.6239998936653137
15480,0.6237239241600037
15481,0.6237947940826416
15482,0.6239835619926453
15483,0.6239871978759766
15484,0.6237221956253052
15485,0.6238651275634766
15486,0.6234995722770691
15487,0.6236585974693298
15488,0.6228348612785339
15489,0.62388014793396
15490,0.6239767670631409
15491,0.6237289905548096
15492,0.6238356232643127
15493,0.6234064102172852
15494,0.6237344145774841
15495,0.6237675547599792
15496,0.6238232254981995
15497,0.6237175464630127
15498,0.6237617135047913
15499,0.6237377524375916
15500,0.6235030889511108
15501,0.6236004829406738
15502,0.6236429214477539
15503,0.6239643692970276
15504,0.6239342093467712
15505,0.6239773035049438
15506,0.6239376068115234
15507,0.6238649487495422
15508,0.6237391829490662
15509,0.6239312291145325
15510,0.623958945274353
15511,0.6237650513648987
15512,0.6239166855812073
15513,0.6239759922027588
15514,0.6237372159957886
15515,0.6233807802200317
15516,0.6237621307373047
15517,0.6235730648040771
15518,0.6239489912986755
15519,0.6235455274581909
15520,0.6238579750061035
15521,0.6237355470657349
15522,0.6237372756004333
15523,0.623662531375885
15524,0.6236618757247925
15525,0.623658299446106
15526,0.6233058571815491
15527,0.6235902309417725
15528,0.6239435076713562
15529,0.6235131025314331
15530,0.6237168908119202
15531,0.6237772703170776
15532,0.6239665746688843
15533,0.6235188245773315
15534,0.6238127946853638
15535,0.6238542795181274
15536,0.6237282752990723
15537,0.6238401532173157
15538,0.6235702633857727
15539,0.6237929463386536
15540,0.6238574981689453
15541,0.6238874793052673
15542,0.6238610744476318
15543,0.6238167881965637
15544,0.6239511966705322
15545,0.623844563961029
15546,0.6238105893135071
15547,0.6239145994186401
15548,0.6235898733139038
15549,0.6239343285560608
15550,0.623826265335083
15551,0.6239977478981018
15552,0.6240019798278809
15553,0.6238945722579956
15554,0.6238698363304138
15555,0.6235281229019165
15556,0.6236399412155151
15557,0.6238089799880981
15558,0.623362123966217
15559,0.6233322024345398
15560,0.6234536170959473
15561,0.623746395111084
15562,0.6233744621276855
15563,0.623900294303894
15564,0.6237043738365173
15565,0.6236583590507507
15566,0.6233729720115662
15567,0.6240037083625793
15568,0.6230776906013489
15569,0.623970091342926
15570,0.6226397752761841
15571,0.6239927411079407
15572,0.6233348846435547
15573,0.6233246922492981
15574,0.6237562894821167
15575,0.6234962940216064
15576,0.6232702732086182
15577,0.6236709952354431
15578,0.6239286065101624
15579,0.6232965588569641
15580,0.6238371133804321
15581,0.6237993836402893
15582,0.6234663724899292
15583,0.6237928867340088
15584,0.6237229108810425
15585,0.6237658858299255
15586,0.6238597631454468
15587,0.6238206028938293
15588,0.6233529448509216
15589,0.623884379863739
15590,0.6237809062004089
15591,0.6239832043647766
15592,0.6235098242759705
15593,0.6238237023353577
15594,0.6227779388427734
15595,0.6238988041877747
15596,0.6235969066619873
15597,0.623890221118927
15598,0.6236947178840637
15599,0.6239230632781982
15600,0.623837411403656
15601,0.6237480044364929
15602,0.6236411333084106
15603,0.6236190795898438
15604,0.6239723563194275
15605,0.6238617897033691
15606,0.6237924098968506
15607,0.6233068704605103
15608,0.6236569285392761
15609,0.6239530444145203
15610,0.6237841248512268
15611,0.623461127281189
15612,0.6239533424377441
15613,0.6238659024238586
15614,0.6238322257995605
15615,0.6237995624542236
15616,0.623898983001709
15617,0.6237319111824036
15618,0.6238391399383545
15619,0.6237590909004211
15620,0.6237246990203857
15621,0.6237152218818665
15622,0.623853862285614
15623,0.6235807538032532
15624,0.6237837076187134
15625,0.6226659417152405
15626,0.6238003969192505
15627,0.6238822937011719
15628,0.6234540343284607
15629,0.6238681077957153
15630,0.6237423419952393
15631,0.6237460374832153
15632,0.6239842176437378
15633,0.6237795352935791
15634,0.6239771842956543
15635,0.6238828897476196
15636,0.624001145362854
15637,0.6235651969909668
15638,0.6237092018127441
15639,0.623720109462738
15640,0.6233436465263367
15641,0.6237577795982361
15642,0.6235600113868713
15643,0.6237847805023193
15644,0.6238201260566711
15645,0.6238550543785095
15646,0.6237487196922302
15647,0.6237091422080994
15648,0.623867928981781
15649,0.6239575743675232
15650,0.6239706873893738
15651,0.623731255531311
15652,0.623784601688385
15653,0.623860776424408
15654,0.623161792755127
15655,0.6236419677734375
15656,0.6237730979919434
15657,0.6233336329460144
15658,0.6237745881080627
15659,0.6235196590423584
15660,0.6232438683509827
15661,0.6239757537841797
15662,0.6236464381217957
15663,0.6239107251167297
15664,0.6235660314559937
15665,0.6237830519676208
15666,0.6237370371818542
15667,0.6239297389984131
15668,0.6232684254646301
15669,0.6236311793327332
15670,0.623526930809021
15671,0.6230719089508057
15672,0.6237013339996338
15673,0.6237637996673584
15674,0.6235761046409607
15675,0.6236570477485657
15676,0.6237828731536865
15677,0.6237992644309998
15678,0.6237356066703796
15679,0.6237955689430237
15680,0.6237657070159912
15681,0.6239335536956787
15682,0.623948335647583
15683,0.6235573887825012
15684,0.623664379119873
15685,0.6238867044448853
15686,0.6236057281494141
15687,0.6239980459213257
15688,0.6237651705741882
15689,0.6236987113952637
15690,0.6235012412071228
15691,0.6232204437255859
15692,0.6235572099685669
15693,0.623890221118927
15694,0.6235268115997314
15695,0.6236966848373413
15696,0.6237857937812805
15697,0.6233983635902405
15698,0.6238881349563599
15699,0.62379390001297
15700,0.6237008571624756
15701,0.623277485370636
15702,0.6234334111213684
15703,0.6233171224594116
15704,0.6239698529243469
15705,0.6237451434135437
15706,0.6237460970878601
15707,0.623532772064209
15708,0.6238754391670227
15709,0.6234923601150513
15710,0.6237786412239075
15711,0.6239516139030457
15712,0.6239069700241089
15713,0.6239350438117981
15714,0.6233955025672913
15715,0.6239747405052185
15716,0.623778223991394
15717,0.6238424777984619
15718,0.6236873865127563
15719,0.6239510178565979
15720,0.6237449049949646
15721,0.6234740018844604
15722,0.623682975769043
15723,0.6233590841293335
15724,0.6238219141960144
15725,0.6237512826919556
15726,0.6238382458686829
15727,0.623894214630127
15728,0.6230702996253967
15729,0.6238536238670349
15730,0.6238351464271545
15731,0.6238120794296265
15732,0.6238906383514404
15733,0.6239630579948425
15734,0.6237590312957764
15735,0.6239975094795227
15736,0.6238420605659485
15737,0.6238622665405273
15738,0.6239809989929199
15739,0.623765230178833
15740,0.623538613319397
15741,0.6234899163246155
15742,0.6236922144889832
15743,0.6236194372177124
15744,0.6236861944198608
15745,0.6239691972732544
15746,0.6238207817077637
15747,0.6237748861312866
15748,0.6237676739692688
15749,0.6227715611457825
15750,0.6239549517631531
15751,0.6238102316856384
15752,0.623729944229126
15753,0.6239782571792603
15754,0.6234307289123535
15755,0.6239519715309143
15756,0.6236088871955872
15757,0.6236130595207214
15758,0.6237345933914185
15759,0.6228963136672974
15760,0.6235817670822144
15761,0.6239295601844788
15762,0.6239224076271057
15763,0.6238356232643127
15764,0.6238137483596802
15765,0.6239049434661865
15766,0.6237930655479431
15767,0.6237629652023315
15768,0.623754620552063
15769,0.6239057183265686
15770,0.6234216094017029
15771,0.6237245202064514
15772,0.6233605742454529
15773,0.6239680647850037
15774,0.6238466501235962
15775,0.6237572431564331
15776,0.6237550377845764
15777,0.6236109733581543
15778,0.623968243598938
15779,0.6235684752464294
15780,0.6237776279449463
15781,0.6237829923629761
15782,0.6238222718238831
15783,0.6234468817710876
15784,0.6235942244529724
15785,0.6237552165985107
15786,0.6238318085670471
15787,0.6237609386444092
15788,0.6236821413040161
15789,0.6239525675773621
15790,0.623349130153656
15791,0.6240013241767883
15792,0.6238119602203369
15793,0.6231457591056824
15794,0.6239187717437744
15795,0.6236975193023682
15796,0.6237711310386658
15797,0.6236708164215088
15798,0.6234423518180847
15799,0.6238671541213989
15800,0.6237579584121704
15801,0.6236593127250671
15802,0.6234540939331055
15803,0.6238982677459717
15804,0.6233004331588745
15805,0.6235289573669434
15806,0.6237147450447083
15807,0.6236222386360168
15808,0.623540997505188
15809,0.6239783763885498
15810,0.6237461566925049
15811,0.6237521767616272
15812,0.6235580444335938
15813,0.6239550709724426
15814,0.6239657402038574
15815,0.6231534481048584
15816,0.6238448023796082
15817,0.6235772371292114
15818,0.62378990650177
15819,0.623818576335907
15820,0.6235162615776062
15821,0.6237040758132935
15822,0.6238789558410645
15823,0.6239277124404907
15824,0.6237700581550598
15825,0.6237532496452332
15826,0.6238561272621155
15827,0.6237849593162537
15828,0.6237915754318237
15829,0.623636782169342
15830,0.6238002181053162
15831,0.6239723563194275
15832,0.6237265467643738
15833,0.6239860653877258
15834,0.623652994632721
15835,0.6237512826919556
15836,0.6239791512489319
15837,0.6238998174667358
15838,0.623974621295929
15839,0.6238743662834167
15840,0.6238352656364441
15841,0.623652994632721
15842,0.6237423419952393
15843,0.6239288449287415
15844,0.6237939596176147
15845,0.6235895752906799
15846,0.6234893798828125
15847,0.6237571835517883
15848,0.6239345669746399
15849,0.623731255531311
15850,0.623991847038269
15851,0.6238687634468079
15852,0.6239650249481201
15853,0.6229367256164551
15854,0.6235842704772949
15855,0.6233859062194824
15856,0.623698890209198
15857,0.6239368915557861
15858,0.6231463551521301
15859,0.6233328580856323
15860,0.6234865188598633
15861,0.6237533092498779
15862,0.6238937973976135
15863,0.6237913966178894
15864,0.6236506700515747
15865,0.6237843036651611
15866,0.6237460374832153
15867,0.6238988041877747
15868,0.6237213611602783
15869,0.6237540245056152
15870,0.6237890720367432
15871,0.62383633852005
15872,0.6230207681655884
15873,0.6234862208366394
15874,0.6235743761062622
15875,0.623943567276001
15876,0.6236763000488281
15877,0.623842716217041
15878,0.6230316758155823
15879,0.6236746311187744
15880,0.6238619685173035
15881,0.6239708662033081
15882,0.6239396929740906
15883,0.6236481070518494
15884,0.6225615739822388
15885,0.6238372325897217
15886,0.6238189339637756
15887,0.6237310171127319
15888,0.6238811612129211
15889,0.6239427924156189
15890,0.6239519715309143
15891,0.6237192153930664
15892,0.6238980889320374
15893,0.6237550377845764
15894,0.623799741268158
15895,0.6237738728523254
15896,0.6235398054122925
15897,0.6239007115364075
15898,0.6238502860069275
15899,0.6236923933029175
15900,0.6235360503196716
15901,0.6238431930541992
15902,0.6239169836044312
15903,0.6237004399299622
15904,0.6240053176879883
15905,0.6237930059432983
15906,0.6235629320144653
15907,0.6234318017959595
15908,0.6239510774612427
15909,0.6236687302589417
15910,0.6238747239112854
15911,0.6239498853683472
15912,0.6239915490150452
15913,0.6239482760429382
15914,0.6233720779418945
15915,0.6238172054290771
15916,0.623498260974884
15917,0.6239469051361084
15918,0.6237269043922424
15919,0.6237737536430359
15920,0.6235314607620239
15921,0.6237075924873352
15922,0.6239254474639893
15923,0.6233774423599243
15924,0.6239199638366699
15925,0.6238316893577576
15926,0.6237994432449341
15927,0.6237487196922302
15928,0.6233036518096924
15929,0.623995840549469
15930,0.6234939098358154
15931,0.6239551901817322
15932,0.6237863898277283
15933,0.6236117482185364
15934,0.6232501268386841
15935,0.6237897276878357
15936,0.6237682104110718
15937,0.6237426996231079
15938,0.6237874627113342
15939,0.6239815950393677
15940,0.6236556768417358
15941,0.6239782571792603
15942,0.6239320635795593
15943,0.6237869262695312
15944,0.6237099766731262
15945,0.6239792108535767
15946,0.6237664222717285
15947,0.6239457130432129
15948,0.6236754655838013
15949,0.6235446929931641
15950,0.6236867904663086
15951,0.6237344145774841
15952,0.6233129501342773
15953,0.6237154006958008
15954,0.6239467859268188
15955,0.6237874627113342
15956,0.6237285733222961
15957,0.6239092946052551
15958,0.6237210035324097
15959,0.6236564517021179
15960,0.6239624619483948
15961,0.6239450573921204
15962,0.6239578723907471
15963,0.6237311363220215
15964,0.623500645160675
15965,0.6235581636428833
15966,0.6235600113868713
15967,0.6239495873451233
15968,0.6238827109336853
15969,0.6238519549369812
15970,0.6234865784645081
15971,0.6238144636154175
15972,0.6237466931343079
15973,0.6237021088600159
15974,0.6239162683486938
15975,0.6239469051361084
15976,0.6237188577651978
15977,0.623771607875824
15978,0.6238972544670105
15979,0.6236843466758728
15980,0.6239416003227234
15981,0.6234543323516846
15982,0.6239119172096252
15983,0.6233101487159729
15984,0.6235618591308594
15985,0.6235823631286621
15986,0.6238776445388794
15987,0.6237567663192749
15988,0.6237943768501282
15989,0.6239876747131348
15990,0.6239887475967407
15991,0.6239491701126099
15992,0.6237848997116089
15993,0.6239891648292542
15994,0.6238092184066772
15995,0.6239103078842163
15996,0.6238919496536255
15997,0.6237235069274902
15998,0.6238150596618652
15999,0.6233498454093933
16000,0.6236943006515503
16001,0.6237527132034302
16002,0.6237438321113586
16003,0.6239780187606812
16004,0.623816967010498
16005,0.623374342918396
16006,0.6232694983482361
16007,0.6237889528274536
16008,0.6229381561279297
16009,0.6235577464103699
16010,0.6234854459762573
16011,0.6239060759544373
16012,0.6238794922828674
16013,0.6239782571792603
16014,0.6239545345306396
16015,0.6239731311798096
16016,0.6239684224128723
16017,0.6237999200820923
16018,0.6229323148727417
16019,0.623643159866333
16020,0.6232346892356873
16021,0.6235213279724121
16022,0.6238998770713806
16023,0.6239715218544006
16024,0.623851478099823
16025,0.6237700581550598
16026,0.6238508820533752
16027,0.6238548159599304
16028,0.6239939332008362
16029,0.6237232089042664
16030,0.6239718794822693
16031,0.6233605742454529
16032,0.6239434480667114
16033,0.6236627697944641
16034,0.6238889694213867
16035,0.6233266592025757
16036,0.6234339475631714
16037,0.6227622628211975
16038,0.6235640048980713
16039,0.6239973306655884
16040,0.6236030459403992
16041,0.6238974928855896
16042,0.6238826513290405
16043,0.623791515827179
16044,0.6237732172012329
16045,0.6237683892250061
16046,0.6238900423049927
16047,0.6238634586334229
16048,0.6238629817962646
16049,0.6236902475357056
16050,0.623525857925415
16051,0.6233289241790771
16052,0.623936116695404
16053,0.6237529516220093
16054,0.6235637664794922
16055,0.6239696741104126
16056,0.6237655878067017
16057,0.6238401532173157
16058,0.623696506023407
16059,0.6239464282989502
16060,0.6239080429077148
16061,0.6239660978317261
16062,0.6238550543785095
16063,0.6239630579948425
16064,0.6235529780387878
16065,0.6233530640602112
16066,0.623751163482666
16067,0.6237622499465942
16068,0.6233785152435303
16069,0.6236998438835144
16070,0.6237744688987732
16071,0.6236265301704407
16072,0.6237985491752625
16073,0.6237629055976868
16074,0.6234550476074219
16075,0.6239355802536011
16076,0.6233561635017395
16077,0.6239780783653259
16078,0.6239616870880127
16079,0.6236294507980347
16080,0.6238395571708679
16081,0.6236464977264404
16082,0.6233189702033997
16083,0.6237368583679199
16084,0.623435914516449
16085,0.62378990650177
16086,0.6237661242485046
16087,0.6237108707427979
16088,0.6234108805656433
16089,0.6236845254898071
16090,0.6237965822219849
16091,0.6238052248954773
16092,0.6239625215530396
16093,0.6239707469940186
16094,0.6235811114311218
16095,0.6234858632087708
16096,0.6237860918045044
16097,0.623693585395813
16098,0.6239180564880371
16099,0.6239426136016846
16100,0.6239532828330994
16101,0.6237834095954895
16102,0.6237403750419617
16103,0.6239984035491943
16104,0.6233181357383728
16105,0.6238943934440613
16106,0.6239776015281677
16107,0.6233716607093811
16108,0.6235491037368774
16109,0.6238840222358704
16110,0.6236909031867981
16111,0.6234862208366394
16112,0.6238874197006226
16113,0.6239044666290283
16114,0.6235188245773315
16115,0.6235047578811646
16116,0.6238834261894226
16117,0.6236971616744995
16118,0.6236269474029541
16119,0.6234450936317444
16120,0.6235793828964233
16121,0.6236799359321594
16122,0.6236043572425842
16123,0.6234615445137024
16124,0.6237332224845886
16125,0.6232677102088928
16126,0.6239138841629028
16127,0.623487114906311
16128,0.623563289642334
16129,0.6238252520561218
16130,0.6239907145500183
16131,0.6237235069274902
16132,0.6235398650169373
16133,0.6238187551498413
16134,0.6238077282905579
16135,0.6237702369689941
16136,0.6236655712127686
16137,0.6236698627471924
16138,0.6236750483512878
16139,0.6237053275108337
16140,0.6234921216964722
16141,0.6239829063415527
16142,0.6239484548568726
16143,0.6237749457359314
16144,0.6226913928985596
16145,0.6234413385391235
16146,0.6239762306213379
16147,0.623949408531189
16148,0.6238649487495422
16149,0.6235373020172119
16150,0.6237794160842896
16151,0.6232523322105408
16152,0.623700737953186
16153,0.6234676241874695
16154,0.6234375834465027
16155,0.6239408850669861
16156,0.6239657998085022
16157,0.6238462328910828
16158,0.6235230565071106
16159,0.6232057213783264
16160,0.623467206954956
16161,0.6237980127334595
16162,0.6237260699272156
16163,0.6236910820007324
16164,0.6239160895347595
16165,0.6238991022109985
16166,0.6238914728164673
16167,0.623650312423706
16168,0.6239581108093262
16169,0.6238674521446228
16170,0.6239388585090637
16171,0.6235506534576416
16172,0.6238667964935303
16173,0.6236537098884583
16174,0.6235713362693787
16175,0.6238703727722168
16176,0.6239650845527649
16177,0.6239235997200012
16178,0.6238194108009338
16179,0.6233707666397095
16180,0.6232588291168213
16181,0.6235125660896301
16182,0.6235063076019287
16183,0.6231856346130371
16184,0.623807430267334
16185,0.6233161091804504
16186,0.6237981915473938
16187,0.6237236261367798
16188,0.6239372491836548
16189,0.6238957047462463
16190,0.6237983107566833
16191,0.6237595677375793
16192,0.6224603652954102
16193,0.6237844228744507
16194,0.6236478090286255
16195,0.6237406134605408
16196,0.6236174702644348
16197,0.6237549185752869
16198,0.6236489415168762
16199,0.6239047050476074
16200,0.6226249933242798
16201,0.6235753297805786
16202,0.6234397888183594
16203,0.6239137053489685
16204,0.6227506995201111
16205,0.6236827373504639
16206,0.6239596009254456
16207,0.6235485672950745
16208,0.6233455538749695
16209,0.6233392357826233
16210,0.623997688293457
16211,0.6237330436706543
16212,0.623420774936676
16213,0.6238609552383423
16214,0.6238318085670471
16215,0.6238659024238586
16216,0.6238908767700195
16217,0.6237462162971497
16218,0.6238395571708679
16219,0.6237671971321106
16220,0.6235859990119934
16221,0.6238547563552856
16222,0.6239038109779358
16223,0.6227303147315979
16224,0.623932421207428
16225,0.6237288117408752
16226,0.6238037943840027
16227,0.6238661408424377
16228,0.6239533424377441
16229,0.6234562397003174
16230,0.6239465475082397
16231,0.6238146424293518
16232,0.6238212585449219
16233,0.6237907409667969
16234,0.6235746741294861
16235,0.6239310503005981
16236,0.6239851713180542
16237,0.62345951795578
16238,0.6236163973808289
16239,0.6239756345748901
16240,0.623859167098999
16241,0.6237613558769226
16242,0.6238192319869995
16243,0.6233164668083191
16244,0.6239752173423767
16245,0.6237160563468933
16246,0.6239111423492432
16247,0.6237264275550842
16248,0.6234055161476135
16249,0.6237251162528992
16250,0.6239489912986755
16251,0.6235389709472656
16252,0.6236368417739868
16253,0.623721182346344
16254,0.6236265897750854
16255,0.6238901019096375
16256,0.6239714026451111
16257,0.6239434480667114
16258,0.6232420206069946
16259,0.6239125728607178
16260,0.6233171224594116
16261,0.6237253546714783
16262,0.6237317323684692
16263,0.6239814162254333
16264,0.6237812042236328
16265,0.6235142350196838
16266,0.6238272190093994
16267,0.6237810850143433
16268,0.6233235597610474
16269,0.6234902739524841
16270,0.6238324046134949
16271,0.623806893825531
16272,0.6236161589622498
16273,0.6233099699020386
16274,0.6232609152793884
16275,0.6234946250915527
16276,0.6236789226531982
16277,0.6236788034439087
16278,0.6234333515167236
16279,0.6236112117767334
16280,0.6236612200737
16281,0.6239767074584961
16282,0.623681902885437
16283,0.6233415007591248
16284,0.6238280534744263
16285,0.6226915121078491
16286,0.6235600709915161
16287,0.623773455619812
16288,0.6239973306655884
16289,0.6239900588989258
16290,0.6237843632698059
16291,0.6238466501235962
16292,0.6238852143287659
16293,0.6232579350471497
16294,0.6238223910331726
16295,0.6234452724456787
16296,0.6237859129905701
16297,0.6237537860870361
16298,0.6239439249038696
16299,0.6239057183265686
16300,0.6233306527137756
16301,0.6238027215003967
16302,0.6237487196922302
16303,0.6236978769302368
16304,0.623781681060791
16305,0.6238124370574951
16306,0.6237108111381531
16307,0.6237579584121704
16308,0.6239409446716309
16309,0.6239226460456848
16310,0.6239917278289795
16311,0.6239808797836304
16312,0.6226681470870972
16313,0.6239655613899231
16314,0.6237713694572449
16315,0.6239718794822693
16316,0.6237304210662842
16317,0.6238157749176025
16318,0.623795211315155
16319,0.6239304542541504
16320,0.6238422393798828
16321,0.6239360570907593
16322,0.6231887340545654
16323,0.6237775683403015
16324,0.6237857341766357
16325,0.6237278580665588
16326,0.6239845156669617
16327,0.6237935423851013
16328,0.6239593625068665
16329,0.6238906383514404
16330,0.6239045858383179
16331,0.6239686012268066
16332,0.6238046288490295
16333,0.6237443685531616
16334,0.6237923502922058
16335,0.6239086389541626
16336,0.623851478099823
16337,0.6236945986747742
16338,0.6232526898384094
16339,0.6239357590675354
16340,0.6238247752189636
16341,0.6239063739776611
16342,0.6237607598304749
16343,0.6226998567581177
16344,0.623932957649231
16345,0.6239724159240723
16346,0.6232532262802124
16347,0.6239827275276184
16348,0.6238954067230225
16349,0.6226899027824402
16350,0.6239344477653503
16351,0.6238837242126465
16352,0.6239170432090759
16353,0.6239844560623169
16354,0.6236412525177002
16355,0.6238705515861511
16356,0.6236720085144043
16357,0.6237815618515015
16358,0.6237389445304871
16359,0.623737096786499
16360,0.6236606240272522
16361,0.6237598657608032
16362,0.6238837838172913
16363,0.6237900853157043
16364,0.6238030791282654
16365,0.6239818334579468
16366,0.6238597631454468
16367,0.6239575147628784
16368,0.6238492727279663
16369,0.6238579750061035
16370,0.6237053275108337
16371,0.6235238313674927
16372,0.6239266991615295
16373,0.6235146522521973
16374,0.6239293813705444
16375,0.623801589012146
16376,0.6239731907844543
16377,0.6235517859458923
16378,0.6239736676216125
16379,0.6237486004829407
16380,0.6235063076019287
16381,0.623915433883667
16382,0.6239378452301025
16383,0.6238094568252563
16384,0.6230316162109375
16385,0.6239204406738281
16386,0.6239076256752014
16387,0.6236900687217712
16388,0.6239208579063416
16389,0.6239014863967896
16390,0.6237709522247314
16391,0.6237678527832031
16392,0.623954713344574
16393,0.6235857009887695
16394,0.6237013936042786
16395,0.623725414276123
16396,0.6237508654594421
16397,0.623299241065979
16398,0.6235292553901672
16399,0.6237673759460449
16400,0.6238607168197632
16401,0.6237896680831909
16402,0.6239029765129089
16403,0.6237417459487915
16404,0.623788058757782
16405,0.6239155530929565
16406,0.6237336993217468
16407,0.6238702535629272
16408,0.6238417625427246
16409,0.6238035559654236
16410,0.6238682270050049
16411,0.6233991980552673
16412,0.6239696741104126
16413,0.6239771842956543
16414,0.6237282752990723
16415,0.6236846446990967
16416,0.6235251426696777
16417,0.6239112019538879
16418,0.6229182481765747
16419,0.623987078666687
16420,0.6234883666038513
16421,0.6238513588905334
16422,0.6237778067588806
16423,0.6239750981330872
16424,0.6237570643424988
16425,0.6238316297531128
16426,0.6235712170600891
16427,0.6239423155784607
16428,0.6239879131317139
16429,0.6237375140190125
16430,0.6233461499214172
16431,0.6236886978149414
16432,0.6234023571014404
16433,0.6236599087715149
16434,0.6238062977790833
16435,0.6237550973892212
16436,0.6239486932754517
16437,0.6235958933830261
16438,0.6238594055175781
16439,0.6239674091339111
16440,0.6232736706733704
16441,0.6236621737480164
16442,0.6237889528274536
16443,0.623945951461792
16444,0.6237773299217224
16445,0.6239349246025085
16446,0.6238894462585449
16447,0.6234226226806641
16448,0.623700737953186
16449,0.6225394010543823
16450,0.623999834060669
16451,0.6233960390090942
16452,0.6230276823043823
16453,0.6239845156669617
16454,0.6237422823905945
16455,0.623572051525116
16456,0.6228097081184387
16457,0.6237000226974487
16458,0.6238833069801331
16459,0.6237559914588928
16460,0.6237782835960388
16461,0.6239279508590698
16462,0.6238740682601929
16463,0.6236580014228821
16464,0.6239312887191772
16465,0.6239241361618042
16466,0.6233243942260742
16467,0.6238062977790833
16468,0.623964250087738
16469,0.6237984299659729
16470,0.623638927936554
16471,0.6236998438835144
16472,0.6238111257553101
16473,0.6239556670188904
16474,0.623975932598114
16475,0.6233517527580261
16476,0.6235655546188354
16477,0.6237673759460449
16478,0.623819887638092
16479,0.6240006685256958
16480,0.6235498785972595
16481,0.6238261461257935
16482,0.6237520575523376
16483,0.6234765648841858
16484,0.6239027976989746
16485,0.6239718794822693
16486,0.6238983869552612
16487,0.6237229704856873
16488,0.6238029599189758
16489,0.6237591505050659
16490,0.6232115626335144
16491,0.6237282752990723
16492,0.6233754754066467
16493,0.6237674355506897
16494,0.6237401366233826
16495,0.6235489845275879
16496,0.6239274740219116
16497,0.6239436864852905
16498,0.6237242817878723
16499,0.6236792206764221
16500,0.6237160563468933
16501,0.6235560774803162
16502,0.623989999294281
16503,0.6237373948097229
16504,0.623711347579956
16505,0.6237273216247559
16506,0.6237797737121582
16507,0.6235498785972595
16508,0.623680055141449
16509,0.6235100030899048
16510,0.6237974762916565
16511,0.6227877140045166
16512,0.623731791973114
16513,0.6237752437591553
16514,0.6237009167671204
16515,0.6235949397087097
16516,0.6239407062530518
16517,0.6239705085754395
16518,0.6238905787467957
16519,0.6238764524459839
16520,0.6239669322967529
16521,0.6239950656890869
16522,0.6239163279533386
16523,0.6237550973892212
16524,0.6237621307373047
16525,0.6237825155258179
16526,0.6237208247184753
16527,0.6235285997390747
16528,0.623940110206604
16529,0.6233348846435547
16530,0.6235406994819641
16531,0.6239535808563232
16532,0.6239157319068909
16533,0.6237130761146545
16534,0.6238954663276672
16535,0.6239579319953918
16536,0.6234802603721619
16537,0.6235129833221436
16538,0.623894214630127
16539,0.6239988803863525
16540,0.6234242916107178
16541,0.6235215067863464
16542,0.6237204074859619
16543,0.6239758729934692
16544,0.6238420009613037
16545,0.6239126324653625
16546,0.6238905191421509
16547,0.6236746907234192
16548,0.6238487958908081
16549,0.6238053441047668
16550,0.6232879757881165
16551,0.6236589550971985
16552,0.6236541271209717
16553,0.6239826679229736
16554,0.6236832737922668
16555,0.623778760433197
16556,0.6239804029464722
16557,0.6239098906517029
16558,0.6234848499298096
16559,0.6239516139030457
16560,0.6235232353210449
16561,0.6236894130706787
16562,0.6237697601318359
16563,0.6236953735351562
16564,0.6235109567642212
16565,0.6233553886413574
16566,0.623785674571991
16567,0.623973548412323
16568,0.623486340045929
16569,0.6236470341682434
16570,0.6235436201095581
16571,0.6237570643424988
16572,0.623921275138855
16573,0.6237789392471313
16574,0.6237845420837402
16575,0.6237120032310486
16576,0.6236810684204102
16577,0.6236469745635986
16578,0.6238374710083008
16579,0.623786211013794
16580,0.6237511038780212
16581,0.623731255531311
16582,0.623900830745697
16583,0.6238102912902832
16584,0.6238241195678711
16585,0.623579204082489
16586,0.6237160563468933
16587,0.6237856149673462
16588,0.6237248778343201
16589,0.6239757537841797
16590,0.6233187913894653
16591,0.6238675713539124
16592,0.6237086653709412
16593,0.6237179040908813
16594,0.6239616274833679
16595,0.6237914562225342
16596,0.6230085492134094
16597,0.6235228180885315
16598,0.6237055659294128
16599,0.6237801313400269
16600,0.6233214735984802
16601,0.6237920522689819
16602,0.623661458492279
16603,0.6227169632911682
16604,0.6233589053153992
16605,0.6236171126365662
16606,0.6239912509918213
16607,0.623752236366272
16608,0.6238275170326233
16609,0.62392258644104
16610,0.6235379576683044
16611,0.6237744688987732
16612,0.6237876415252686
16613,0.6239380836486816
16614,0.62378990650177
16615,0.6237984299659729
16616,0.623344361782074
16617,0.6237608194351196
16618,0.6239503622055054
16619,0.6235291361808777
16620,0.6236314177513123
16621,0.623868465423584
16622,0.6235981583595276
16623,0.6235364079475403
16624,0.6233679056167603
16625,0.6239152550697327
16626,0.6239624619483948
16627,0.6238754987716675
16628,0.6236608028411865
16629,0.6235735416412354
16630,0.6237050890922546
16631,0.6233880519866943
16632,0.6236538887023926
16633,0.6239398717880249
17834,0.6237688064575195
17836,0.6238580942153931
17837,0.6239309906959534
17838,0.6235063076019287
17839,0.6239779591560364
17840,0.6239185929298401
17841,0.623873770236969
17842,0.6238178014755249
17843,0.6237872242927551
17844,0.6239364147186279
17845,0.6239222288131714
17846,0.6237642168998718
17847,0.6239113211631775
17849,0.6239503622055054
17850,0.6239820122718811
17851,0.6239445805549622
17852,0.6239317655563354
17853,0.6239044666290283
17854,0.623810887336731
17856,0.6239247918128967
17857,0.6238857507705688
17858,0.6236552000045776
17859,0.6239128708839417
17860,0.6239627003669739
17861,0.623932957649231
17862,0.6239781975746155
17863,0.623986005783081
17864,0.623962938785553
17865,0.6239082217216492
17867,0.6233940124511719
17868,0.6238899230957031
17869,0.6239449381828308
17870,0.6238489151000977
17871,0.6239212155342102
17872,0.6236478686332703
17873,0.6239518523216248
17874,0.6238104701042175
17875,0.6239830851554871
17876,0.6239473819732666
17878,0.6236607432365417
17879,0.6239753365516663
17880,0.6238002777099609
17881,0.6239820122718811
17882,0.6239621043205261
17883,0.6239352822303772
17884,0.6237528324127197
17885,0.6239960789680481
17886,0.6239445805549622
17887,0.6239393949508667
17888,0.6239321231842041
17889,0.623389720916748
17890,0.6238512396812439
17891,0.6235144138336182
17892,0.6239634156227112
17893,0.6227434873580933
17894,0.6237800717353821
17896,0.6236839890480042
17897,0.6237753629684448
17898,0.6239619851112366
17899,0.6238393783569336
17900,0.6238706111907959
17901,0.6239311099052429
17902,0.623938262462616
17903,0.6238595843315125
17904,0.6238771080970764
17905,0.6239613890647888
17906,0.6235543489456177
17908,0.6236882209777832
17909,0.6239420771598816
17910,0.6239472031593323
17911,0.6239240765571594
17912,0.6238282322883606
17913,0.623813807964325
17914,0.6239259243011475
17915,0.62379390001297
17916,0.6239474415779114
17917,0.6239883899688721
17918,0.6239092350006104
17919,0.6238255500793457
17920,0.6238083839416504
17921,0.6237389445304871
17922,0.6238309741020203
17923,0.6237835884094238
17924,0.6239078044891357
17926,0.623927891254425
17927,0.623913049697876
17928,0.6239879727363586
17930,0.6238058805465698
17931,0.6236758828163147
17932,0.6239007115364075
17933,0.6228331327438354
17935,0.6238520741462708
17936,0.6239182353019714
17937,0.6239370703697205
17938,0.6237263679504395
17939,0.6235235929489136
17940,0.6239742636680603
17941,0.6239457130432129
17942,0.6236559748649597
17943,0.6236226558685303
17944,0.623879075050354
17945,0.6237961053848267
17946,0.6239134073257446
17947,0.6235857009887695
17949,0.6233883500099182
17950,0.6239407062530518
17951,0.6239365935325623
17952,0.6239299178123474
17953,0.6238064169883728
17954,0.6239778995513916
17955,0.6238481402397156
17957,0.6239653825759888
17959,0.6239707469940186
17961,0.6239087581634521
17962,0.6239584684371948
17963,0.6239327788352966
17964,0.6239076256752014
17965,0.6239764094352722
17966,0.6239010691642761
17967,0.623871922492981
17968,0.623600959777832
17969,0.6239235997200012
17970,0.6238455772399902
17971,0.6238917708396912
17973,0.6239098906517029
17974,0.623931884765625
17975,0.6239201426506042
17976,0.6239911913871765
17977,0.6236553192138672
17978,0.6239457130432129
17979,0.6237900853157043
17980,0.6238214373588562
17981,0.6239951848983765
17982,0.6239579319953918
17983,0.62381511926651
17984,0.6238701343536377
17985,0.6238967180252075
17986,0.6239432692527771
17987,0.623953640460968
17988,0.6237621903419495
17989,0.6237989068031311
17990,0.6238886117935181
17991,0.6238963007926941
17992,0.6229793429374695
17993,0.6232331395149231
17996,0.6239017248153687
17997,0.6239432692527771
17998,0.6232013702392578
18000,0.623915433883667
18001,0.6238443851470947
18002,0.6234073042869568
18004,0.6239261627197266
18005,0.6233363151550293
18006,0.6239520311355591
18008,0.6238337159156799
18011,0.623971164226532
18012,0.6238755583763123
18013,0.6239765882492065
18014,0.6237829923629761
18015,0.6234229207038879
18016,0.6239283680915833
18017,0.6239516139030457
18018,0.6238613128662109
18019,0.6236528754234314
18020,0.6227654814720154
18021,0.6237914562225342
18022,0.6239558458328247
18023,0.6239816546440125
18025,0.6238963007926941
18026,0.6237013936042786
18028,0.6232609152793884
18029,0.6239241361618042
18030,0.6239041090011597
18031,0.623944103717804
18032,0.6226991415023804
18033,0.623887300491333
18034,0.6238467693328857
18035,0.6236764788627625
18036,0.6239465475082397
18037,0.6238533854484558
18038,0.6238904595375061
18039,0.6238052248954773
18040,0.6239376664161682
18041,0.6239317655563354
18042,0.6239122748374939
18043,0.6239867210388184
18044,0.6232500672340393
18045,0.6239473819732666
18046,0.6239910125732422
18047,0.6238893270492554
18048,0.6232773661613464
18049,0.6239603757858276
18050,0.6239640712738037
18051,0.623725414276123
18052,0.6239641904830933
18053,0.6238783001899719
18054,0.6239705085754395
18055,0.6239393949508667
18056,0.6239348649978638
18057,0.6229588389396667
18058,0.6238900423049927
18060,0.6239608526229858
18061,0.6239407658576965
18062,0.6238619089126587
18064,0.6238569021224976
18065,0.6239665150642395
18066,0.6236394643783569
18067,0.6239490509033203
18068,0.6238522529602051
18070,0.6239315867424011
18071,0.6239254474639893
18072,0.62392657995224
18073,0.6239233016967773
18074,0.623897135257721
18075,0.6239431500434875
18076,0.6232151389122009
18077,0.6239478588104248
18078,0.6238762736320496
18079,0.6237891316413879
18080,0.6235224008560181
18081,0.6236380934715271
18082,0.6238787174224854
18083,0.6239137053489685
18084,0.6239407062530518
18086,0.6238642334938049
18087,0.6238134503364563
18088,0.62397301197052
18089,0.6235418319702148
18090,0.6239616274833679
18091,0.6239663362503052
18092,0.6237133741378784
18093,0.6238945722579956
18094,0.6238880157470703
18095,0.623961329460144
18096,0.623905599117279
18097,0.6238751411437988
18098,0.6236568093299866
18099,0.6238779425621033
18100,0.6239345073699951
18102,0.6225321292877197
18103,0.6236246824264526
18105,0.6238872408866882
18106,0.6236230731010437
18107,0.623982846736908
18108,0.6239651441574097
18109,0.6230756044387817
18110,0.6239368319511414
18112,0.6238301396369934
18114,0.6238612532615662
18115,0.6236416697502136
18116,0.6237964630126953
18117,0.6238192915916443
18118,0.6231331825256348
18119,0.6239410042762756
18120,0.623819887638092
18121,0.6239664554595947
18123,0.6239801645278931
18124,0.6239683628082275
18126,0.6239862442016602
18127,0.623451828956604
18128,0.6238350868225098
18129,0.6239455342292786
18130,0.6238290667533875
18131,0.6238229274749756
18132,0.6232331395149231
18133,0.623795211315155
18134,0.623992383480072
18135,0.6239455938339233
18136,0.6225521564483643
18137,0.6238089203834534
18138,0.6237395405769348
18140,0.6229215264320374
18141,0.6238842606544495
18142,0.6239458322525024
18143,0.62398362159729
18144,0.6237786412239075
18146,0.6239057183265686
18147,0.6238840818405151
18148,0.6239638328552246
18149,0.623877227306366
18150,0.6238605976104736
18151,0.623945951461792
18152,0.6234215497970581
18153,0.6239131093025208
18154,0.6238210797309875
18156,0.623775064945221
18159,0.6232131719589233
18160,0.6236591339111328
18161,0.6238964796066284
18162,0.6239264607429504
18163,0.6238804459571838
18164,0.623836100101471
18165,0.6239286065101624
18166,0.6239134669303894
18167,0.6239585280418396
18168,0.623892605304718
18169,0.6237964630126953
18170,0.6235811114311218
18171,0.6239299178123474
18172,0.6239230632781982
18173,0.6238948702812195
18174,0.6239289045333862
18175,0.6234701871871948
18177,0.623826265335083
18178,0.6234162449836731
18179,0.6239984631538391
18180,0.6238446235656738
18181,0.6238768100738525
18182,0.6239255666732788
18183,0.6239320635795593
18184,0.6232708096504211
18185,0.623915433883667
18186,0.6238945126533508
18187,0.6239275336265564
18189,0.6238904595375061
18190,0.6238954067230225
18191,0.6237260103225708
18192,0.6239405870437622
18193,0.6239348649978638
18194,0.6239559054374695
18195,0.623698890209198
18196,0.6240005493164062
18197,0.6238133311271667
18198,0.6239462494850159
18200,0.6239384412765503
18201,0.623714804649353
18202,0.6239365935325623
18203,0.6239412426948547
18205,0.6239391565322876
18206,0.6238857507705688
18207,0.6237839460372925
18208,0.6237993240356445
18209,0.6232127547264099
18210,0.6238652467727661
18211,0.6233054399490356
18212,0.6238475441932678
18213,0.6239013075828552
18215,0.6239961385726929
18217,0.6238372325897217
18218,0.623918354511261
18219,0.6238722205162048
18220,0.623875081539154
18221,0.6239473819732666
18222,0.6238783001899719
18223,0.6238162517547607
18225,0.6238797307014465
18226,0.6239094734191895
18227,0.6239255666732788
18228,0.6239555478096008
18229,0.6239371299743652
18230,0.6239411234855652
18231,0.6236700415611267
18232,0.6239330172538757
18233,0.6239823698997498
18234,0.6238899827003479
18235,0.6238465905189514
18236,0.6238008141517639
18237,0.6232306361198425
18238,0.6237471103668213
18239,0.623965859413147
18240,0.6239418387413025
18241,0.6238234043121338
18242,0.6237893104553223
18243,0.6239376068115234
18244,0.6239603757858276
18245,0.6239732503890991
18246,0.6238864660263062
18247,0.6239652633666992
18248,0.6239470839500427
18249,0.6239772439002991
18250,0.623896062374115
18251,0.6239545345306396
18252,0.6232161521911621
18253,0.6238638162612915
18254,0.6238264441490173
18255,0.6238631010055542
18256,0.6238927841186523
18257,0.6237053871154785
18258,0.6239530444145203
18259,0.6239377856254578
18260,0.6239820122718811
18261,0.6239135265350342
18262,0.623947024345398
18263,0.6239064335823059
18264,0.6235966086387634
18265,0.6228063106536865
18266,0.6239408850669861
18267,0.6238667368888855
18268,0.6239302754402161
18269,0.6229697465896606
18271,0.6239199042320251
18272,0.6239577531814575
18273,0.6238956451416016
18275,0.6238755583763123
18276,0.6238709092140198
18277,0.623893141746521
18278,0.6237677931785583
18279,0.6238739490509033
18280,0.623712420463562
18281,0.6238384246826172
18282,0.6238081455230713
18283,0.6239308714866638
18284,0.6239859461784363
18285,0.6239109039306641
18286,0.6237788200378418
18287,0.6233008503913879
18288,0.623979926109314
18289,0.6239568591117859
18290,0.6239172220230103
18291,0.623712420463562
18292,0.6237061023712158
18293,0.6239199638366699
18294,0.6239177584648132
18295,0.6237488985061646
18296,0.6239347457885742
18297,0.6239290833473206
18298,0.6237329244613647
18300,0.6235160827636719
18301,0.6237825751304626
18302,0.6238305568695068
18303,0.6238300800323486
18304,0.6239895224571228
18305,0.6238664984703064
18306,0.6239138841629028
18307,0.6236525177955627
18308,0.6238279938697815
18309,0.6230551600456238
18310,0.623717188835144
18311,0.6237046718597412
18312,0.6235876679420471
18314,0.623729944229126
18317,0.6239081025123596
18318,0.6238078474998474
18319,0.6239332556724548
18320,0.6238983869552612
18321,0.6237779259681702
18322,0.6238939762115479
18324,0.6238736510276794
18325,0.6238199472427368
18326,0.6237978935241699
18327,0.6239503026008606
18329,0.623911440372467
18330,0.6239944100379944
18331,0.6239475011825562
18332,0.6239359378814697
18333,0.6239128708839417
18334,0.623932957649231
18335,0.6239576935768127
18336,0.6238242983818054
18337,0.6237455606460571
18338,0.6238269805908203
18339,0.623866081237793
18340,0.6238833665847778
18341,0.6236336827278137
18342,0.6239101886749268
18343,0.6239772439002991
18344,0.6239385008811951
18345,0.623923122882843
18346,0.6239461302757263
18347,0.6237316131591797
18348,0.6239894032478333
18349,0.6238493919372559
18350,0.6238694787025452
18352,0.6236477494239807
18353,0.623937726020813
18354,0.6239541172981262
18355,0.6239060163497925
18356,0.6239361763000488
18357,0.6239376068115234
18358,0.6237845420837402
18361,0.6239532828330994
18362,0.6239256262779236
18363,0.6238847374916077
18364,0.6239169239997864
18365,0.623832643032074
18366,0.6237775683403015
18367,0.6236087083816528
18368,0.6238884329795837
18369,0.6239294409751892
18370,0.6239507794380188
18371,0.6239469051361084
18373,0.6239245533943176
18374,0.6239458918571472
18375,0.6239476203918457
18376,0.6237660646438599
18377,0.6239176988601685
18378,0.6239319443702698
18379,0.623904287815094
18380,0.6239238977432251
18381,0.6240025162696838
18383,0.6238997578620911
18384,0.6238328814506531
18386,0.6239234805107117
18387,0.6239176988601685
18388,0.6239067316055298
18389,0.6239288449287415
18390,0.6239320039749146
18391,0.6238506436347961
18392,0.6239214539527893
18393,0.6238684058189392
18394,0.623755693435669
18395,0.6238494515419006
18396,0.6234447956085205
18398,0.6238672733306885
18399,0.6236511468887329
18401,0.6239354014396667
18402,0.6239079236984253
18403,0.6237602829933167
18404,0.6237040758132935
18405,0.6238464713096619
18406,0.623945415019989
18407,0.6239134073257446
18408,0.6237356066703796
18409,0.623779296875
18411,0.6239475607872009
18412,0.6231077313423157
18413,0.6233355402946472
18414,0.6239491701126099
18415,0.6236562132835388
18416,0.6237353682518005
18417,0.6234365701675415
18418,0.6236305832862854
18419,0.623920202255249
18421,0.6239569187164307
18422,0.6238884925842285
18423,0.623903214931488
18424,0.6236992478370667
18426,0.6238764524459839
18427,0.6239247918128967
18428,0.6238950490951538
18429,0.6239304542541504
18430,0.6238879561424255
18432,0.6238188147544861
18433,0.6234384179115295
18434,0.6238594055175781
18435,0.6239128708839417
18436,0.6231197118759155
18438,0.6239277720451355
18441,0.6239529252052307
18442,0.6238970756530762
18444,0.6238707304000854
18445,0.6239661574363708
18446,0.623975396156311
18448,0.6239345669746399
18449,0.623944878578186
18450,0.6237983107566833
18451,0.6239647269248962
18453,0.6238962411880493
18454,0.6238707304000854
18455,0.6239621043205261
18456,0.6237930655479431
18458,0.6237422823905945
18459,0.6238937377929688
18460,0.6237244009971619
18461,0.6239506006240845
18463,0.6239727735519409
18464,0.6239407658576965
18465,0.6236343383789062
18466,0.6231431365013123
18467,0.6239317059516907
18468,0.6239871978759766
18471,0.6239206790924072
18472,0.6239556074142456
18473,0.6238646507263184
18474,0.6239103078842163
18475,0.6237372756004333
18476,0.6238754391670227
18477,0.6235474944114685
18478,0.6238161325454712
18479,0.6238259077072144
18480,0.6236735582351685
18481,0.6239120364189148
18482,0.6238318085670471
18484,0.6238762140274048
18485,0.6238130927085876
18488,0.6239495873451233
18489,0.6239279508590698
18490,0.6237762570381165
18491,0.6239727735519409
18492,0.6236751675605774
18494,0.6235120892524719
18495,0.6239160895347595
18496,0.623996913433075
18497,0.6238378882408142
18498,0.623927116394043
18499,0.623910129070282
18500,0.6236253380775452
18501,0.6239691972732544
18502,0.6239460706710815
18503,0.6238023042678833
18504,0.6233408451080322
18505,0.623875617980957
18506,0.6238399744033813
18507,0.6237347722053528
18508,0.6239368915557861
18509,0.6238815784454346
18510,0.6239528059959412
18511,0.6239413619041443
18512,0.6239149570465088
18513,0.6226468682289124
18514,0.6238937973976135
18515,0.6236435174942017
18516,0.6237632036209106
18517,0.623845636844635
18518,0.6239901781082153
18519,0.6238828301429749
18520,0.6236176490783691
18521,0.6237155199050903
18522,0.6239804029464722
18523,0.6239318251609802
18524,0.6239430904388428
18525,0.6239321231842041
18526,0.6239515542984009
18527,0.6237560510635376
18528,0.6239182353019714
18529,0.623665452003479
18530,0.6238260269165039
18531,0.6232044100761414
18533,0.6239548921585083
18534,0.6239338517189026
18535,0.6239089965820312
18536,0.6238982081413269
18537,0.6239053010940552
18538,0.6238685250282288
18539,0.6239258646965027
18540,0.6239224672317505
18541,0.6235327124595642
18542,0.6236999034881592
18544,0.6225649118423462
18545,0.6239904761314392
18546,0.6237972378730774
18547,0.6239327788352966
18548,0.623148500919342
18549,0.6239520311355591
18550,0.6231341361999512
18551,0.6239244341850281
18552,0.6238812804222107
18553,0.6239730715751648
18554,0.6239234805107117
18556,0.6238782405853271
18557,0.623891294002533
18558,0.6239319443702698
18559,0.6229678988456726
18560,0.6238976120948792
18561,0.6238406896591187
18562,0.623953104019165
18563,0.6239639520645142
18564,0.6230818033218384
18565,0.623906135559082
18566,0.623909592628479
18567,0.6234562993049622
18569,0.6237912774085999
18570,0.6239172220230103
18571,0.6239808797836304
18572,0.6239473223686218
18573,0.6238902807235718
18574,0.6238604784011841
18575,0.6238998174667358
18576,0.6239115595817566
18577,0.6233764886856079
18578,0.6237131357192993
18579,0.6238678097724915
18580,0.6237274408340454
18581,0.6238829493522644
18582,0.6238629817962646
18583,0.6237717270851135
18584,0.6239308714866638
18586,0.623902440071106
18587,0.6239149570465088
18588,0.6239210367202759
18590,0.6236127614974976
18591,0.6239205598831177
18592,0.6239603757858276
18593,0.6235867738723755
18594,0.6238857507705688
18595,0.6238602995872498
18596,0.6236810088157654
18597,0.6239333748817444
18598,0.623801052570343
18599,0.6239444017410278
18600,0.6238517165184021
18601,0.623953640460968
18602,0.6239427924156189
18603,0.6236516237258911
18604,0.623757541179657
18605,0.6237349510192871
18606,0.6239176988601685
18607,0.623826801776886
18608,0.623786211013794
18609,0.6239601969718933
18610,0.6239181160926819
18611,0.6238531470298767
18612,0.6238441467285156
18613,0.6238169074058533
18614,0.6238705515861511
18615,0.623892068862915
18616,0.6239143013954163
18617,0.6238767504692078
18618,0.623842716217041
18619,0.6238654851913452
18620,0.6238398551940918
18621,0.6238722205162048
18622,0.6232670545578003
18624,0.6238654851913452
18626,0.6239782571792603
18627,0.6237408518791199
18628,0.6238391399383545
18629,0.6237680315971375
18630,0.6237985491752625
18631,0.6238412261009216
18632,0.6238690614700317
18633,0.6238416433334351
18634,0.6239410638809204
18635,0.623786211013794
18636,0.6238700151443481
18637,0.6239080429077148
18638,0.6236215829849243
18639,0.6231048107147217
18640,0.623935341835022
18641,0.6239354014396667
18642,0.6238366365432739
18643,0.6239578127861023
18644,0.6239318251609802
18645,0.6239566206932068
18646,0.6238678097724915
18647,0.6238967776298523
18648,0.6238455772399902
18649,0.623905599117279
18650,0.6238963007926941
18651,0.6239028573036194
18652,0.6239262819290161
18653,0.6237325668334961
18654,0.623756468296051
18655,0.6231423020362854
18656,0.6238588094711304
18657,0.623936116695404
18658,0.62397301197052
18659,0.6239400506019592
18660,0.6231808662414551
18661,0.6238139271736145
18662,0.6238682270050049
18663,0.6237835884094238
18664,0.6233203411102295
18666,0.6238387227058411
18667,0.6238932609558105
18668,0.623939037322998
18669,0.6238168478012085
18670,0.6231048107147217
18671,0.6232090592384338
18672,0.6239422559738159
18674,0.6232190728187561
18675,0.6238682866096497
18676,0.6238517165184021
18677,0.6239380836486816
18678,0.6239713430404663
18680,0.6230543851852417
18681,0.6238795518875122
18682,0.6239365935325623
18683,0.6238282322883606
18684,0.6237825155258179
18685,0.6237518787384033
18686,0.6239440441131592
18688,0.6239235401153564
18689,0.6239887475967407
18690,0.623944103717804
18691,0.623901903629303
18693,0.6239250898361206
18694,0.6239222288131714
18695,0.6239261627197266
18696,0.6239442229270935
18697,0.6239482164382935
18698,0.6239718794822693
18700,0.6237859725952148
18701,0.6238676309585571
18702,0.6239256262779236
18703,0.6236073970794678
18704,0.6239040493965149
18705,0.6239221692085266
18706,0.6237635612487793
18707,0.6238551139831543
18708,0.6234427094459534
18709,0.623775064945221
18710,0.6238130331039429
18711,0.6239386796951294
18712,0.6239177584648132
18713,0.6231343746185303
18714,0.6238049864768982
18715,0.6235081553459167
18716,0.6237762570381165
18717,0.6234487295150757
18718,0.6239425539970398
18719,0.6239359378814697
18720,0.6239769458770752
18721,0.6237297058105469
18722,0.6237507462501526
18723,0.6239104866981506
18724,0.6239150762557983
18725,0.6238240003585815
18726,0.623371958732605
18727,0.6237057447433472
18729,0.6239400506019592
18730,0.6238842606544495
18731,0.6239337921142578
18732,0.62395840883255
18733,0.6235995888710022
18734,0.6239457726478577
18736,0.623940110206604
18737,0.6237350702285767
18738,0.6237416863441467
18739,0.6239016056060791
18740,0.6239436268806458
18741,0.6238689422607422
18742,0.6238967776298523
18743,0.6239563226699829
18744,0.623982846736908
18745,0.623850405216217
18747,0.623996913433075
18748,0.6239091157913208
18749,0.623636782169342
18750,0.62397301197052
18751,0.6236953735351562
18752,0.6238405704498291
18753,0.6239765286445618
18754,0.623889148235321
18756,0.623911440372467
18757,0.6237291097640991
18758,0.6238422989845276
18759,0.6239367723464966
18760,0.6238155961036682
18761,0.623913586139679
18762,0.6237593293190002
18763,0.6239556074142456
18764,0.6239445209503174
18765,0.6239346265792847
18766,0.6239528059959412
18767,0.6239283084869385
18768,0.6239847540855408
18769,0.6238691806793213
18770,0.6234259009361267
18771,0.6237809062004089
18772,0.6239182353019714
18773,0.6238789558410645
18774,0.6236971616744995
18775,0.6238022446632385
18776,0.6239143013954163
18777,0.623951256275177
18778,0.6238769292831421
18779,0.6238620281219482
18780,0.6232141256332397
18781,0.6239851713180542
18782,0.6239666938781738
18783,0.6239919066429138
18784,0.6237216591835022
18785,0.6239551901817322
18786,0.6239005923271179
18787,0.6238954663276672
18788,0.6239207983016968
18789,0.6234571933746338
18790,0.6236756443977356
18791,0.6237831115722656
18792,0.6238047480583191
18793,0.6238440871238708
18794,0.6239750981330872
18795,0.6239667534828186
18796,0.6239280700683594
18797,0.6238829493522644
18798,0.623927116394043
18799,0.6239352822303772
18800,0.6238948106765747
18801,0.6238471865653992
18802,0.6239492297172546
18803,0.6237461566925049
18804,0.6239969730377197
18805,0.6235772371292114
18806,0.6237837672233582
18807,0.6239668726921082
18808,0.6239825487136841
18809,0.6238561272621155
18810,0.6239089369773865
18811,0.623896598815918
18812,0.6238179206848145
18813,0.6237111687660217
18814,0.6239811778068542
18815,0.6239700317382812
18816,0.6232016682624817
18817,0.62374347448349
18818,0.6236469745635986
18819,0.6229482293128967
18820,0.6239104270935059
18821,0.6239268779754639
18822,0.6239824295043945
18823,0.6237543821334839
18824,0.6239455342292786
18825,0.6239221096038818
18826,0.623624324798584
18827,0.6239218711853027
18829,0.623947024345398
18830,0.623858630657196
18831,0.6239564418792725
18832,0.6232643127441406
18833,0.6239322423934937
18834,0.6231590509414673
18835,0.6239123940467834
18836,0.6237859725952148
18837,0.6230507493019104
18839,0.6239134073257446
18840,0.6239340305328369
18841,0.62270587682724
18842,0.6239398717880249
18843,0.6239337921142578
18844,0.6239535212516785
18845,0.6237192153930664
18847,0.6238489151000977
18848,0.6238526701927185
18849,0.6238795518875122
18851,0.623941957950592
18852,0.6239426136016846
18853,0.6239008903503418
18854,0.6238899230957031
18855,0.6238951086997986
18856,0.6239081025123596
18857,0.6239244937896729
18858,0.6233834624290466
18859,0.6239818930625916
18860,0.623102068901062
18861,0.6239556074142456
18862,0.6232723593711853
18863,0.6239129304885864
18864,0.6237497329711914
18865,0.6238685846328735
18868,0.6238583922386169
18870,0.6239331960678101
18871,0.6238452196121216
18872,0.6239315271377563
18873,0.6239193677902222
18874,0.6231070160865784
18875,0.622749388217926
18876,0.6240030527114868
18877,0.6238604784011841
18878,0.6235437989234924
18879,0.6235060095787048
18880,0.6239572167396545
18881,0.6239757537841797
18882,0.6232704520225525
18883,0.623755693435669
18884,0.6237834095954895
18885,0.6231377124786377
18886,0.6239234209060669
18887,0.6237776279449463
18888,0.6238574981689453
18889,0.623918354511261
18890,0.6239050626754761
18891,0.6238667964935303
18892,0.6238954663276672
18894,0.6239634156227112
18895,0.6239784359931946
18896,0.6239235401153564
18897,0.6236649751663208
18898,0.6238938570022583
18899,0.6237545609474182
18900,0.6239142417907715
18901,0.623935341835022
18902,0.6229797601699829
18903,0.6239091753959656
18904,0.6238815784454346
18905,0.6239163875579834
18906,0.6239157915115356
18907,0.6239197254180908
18908,0.6233503222465515
18909,0.6235877275466919
18910,0.6239468455314636
18911,0.6239821910858154
18912,0.6236796379089355
18913,0.6238527297973633
18914,0.6239520311355591
18915,0.6235758066177368
18916,0.6239233016967773
18917,0.62389075756073
18919,0.6239110827445984
18920,0.6239082217216492
18921,0.6237615942955017
18922,0.6238774061203003
18923,0.6239463686943054
18924,0.6239586472511292
18925,0.62367182970047
18926,0.6239534020423889
18927,0.623967707157135
18928,0.6238334774971008
18929,0.6238878965377808
18930,0.623113751411438
18931,0.6238008737564087
18932,0.6238855719566345
18933,0.6239331364631653
18934,0.6237203478813171
18935,0.6239058971405029
18936,0.6239321231842041
18937,0.6238813996315002
18938,0.6239296197891235
18939,0.6239615678787231
18940,0.6238629817962646
18941,0.6239327192306519
18942,0.6233772039413452
18943,0.6235550045967102
18944,0.6238477230072021
18945,0.6238653063774109
18946,0.6238935589790344
18947,0.6239323019981384
18949,0.6239315867424011
18950,0.623933732509613
18951,0.623881995677948
18952,0.623986005783081
18954,0.623683512210846
18955,0.623894453048706
18956,0.623939573764801
18957,0.6238893866539001
18958,0.623573362827301
18959,0.6239516139030457
18960,0.6239350438117981
18961,0.6239269375801086
18962,0.6238071322441101
18963,0.6239256262779236
18964,0.6239209771156311
18965,0.6233074069023132
18967,0.6236514449119568
18968,0.6236293315887451
18969,0.6239038109779358
18970,0.622983992099762
18971,0.6239653825759888
18972,0.6238998174667358
18973,0.6239843368530273
18974,0.6239170432090759
18976,0.6239165663719177
18977,0.6238946318626404
18978,0.6239258646965027
18979,0.6239553093910217
18980,0.6239757537841797
18981,0.6238576173782349
18982,0.6238983273506165
18983,0.6238898038864136
18984,0.6232460737228394
18985,0.6239387392997742
18986,0.6231508255004883
18987,0.6238209009170532
18988,0.623947024345398
18989,0.623749852180481
18990,0.6239128708839417
18991,0.623495876789093
18993,0.6227571964263916
18994,0.6239004731178284
18995,0.6228901147842407
18996,0.6239507794380188
18997,0.623993456363678
18998,0.623864471912384
18999,0.6232250332832336
19000,0.6239220499992371
19001,0.6237544417381287
19002,0.6239269375801086
19003,0.6239347457885742
19004,0.6239224672317505
19005,0.6237408518791199
19006,0.6239411234855652
19007,0.6239332556724548
19008,0.6239888668060303
19009,0.6239367723464966
19010,0.6240118741989136
19011,0.6238893866539001
19012,0.6238632202148438
19013,0.623866617679596
19015,0.6239616870880127
19017,0.622672438621521
19018,0.6239705681800842
19020,0.6237665414810181
19022,0.6238957643508911
19023,0.6239570379257202
19024,0.6237968802452087
19025,0.6239220499992371
19026,0.623434841632843
19027,0.6239845752716064
19028,0.623967707157135
19029,0.6238625645637512
19030,0.6239374279975891
19031,0.6239022016525269
19032,0.6238114833831787
19033,0.6239873766899109
19034,0.6239485144615173
19035,0.6239124536514282
19036,0.6239836812019348
19037,0.623829185962677
19038,0.6239506006240845
19039,0.6235042214393616
19041,0.6239364147186279
19042,0.6239054203033447
19044,0.6238530874252319
19046,0.6239237189292908
19047,0.6238282918930054
19048,0.6239451169967651
19049,0.623896598815918
19050,0.6239491105079651
19051,0.623908281326294
19052,0.6238682270050049
19054,0.6233084797859192
19055,0.6238366365432739
19056,0.6237128376960754
19057,0.6232226490974426
19058,0.6238016486167908
19059,0.6235820651054382
19060,0.6236512064933777
19061,0.6233000755310059
19062,0.6239368319511414
19063,0.6236574053764343
19064,0.6239532232284546
19065,0.6238130331039429
19068,0.6238141655921936
19069,0.6238896250724792
19070,0.6239156126976013
19071,0.6236826777458191
19072,0.6239190697669983
19073,0.6238297820091248
19076,0.62391197681427
19077,0.6239871978759766
19078,0.6237631440162659
19079,0.6238908171653748
19080,0.6238435506820679
19081,0.6239424347877502
19082,0.6232849955558777
19083,0.6239420771598816
19084,0.6237948536872864
19085,0.623960554599762
19086,0.6237900853157043
19087,0.6231943368911743
19089,0.6239506006240845
19090,0.6239029765129089
19091,0.623893678188324
19092,0.6237402558326721
19093,0.6239882111549377
19094,0.6238188147544861
19095,0.6237698793411255
19096,0.6236931681632996
19097,0.6239784359931946
19098,0.6238416433334351
19099,0.6235129833221436
19100,0.6239175796508789
19101,0.623870313167572
19102,0.6238337755203247
19103,0.6239022612571716
19104,0.6233870387077332
19105,0.6239007115364075
19106,0.6238605380058289
19107,0.6238730549812317
19108,0.6227237582206726
19109,0.6238502264022827
19110,0.6237820982933044
19111,0.6239455938339233
19112,0.6239041090011597
19113,0.6239427924156189
19114,0.6238440871238708
19116,0.6236077547073364
19117,0.6239436268806458
19118,0.6231328845024109
19119,0.6238187551498413
19120,0.6237242817878723
19122,0.6240038275718689
19123,0.6239368915557861
19124,0.6229833364486694
19125,0.6236768960952759
19126,0.6237831115722656
19127,0.6239354610443115
19129,0.6239778995513916
19130,0.6239328980445862
19131,0.6239453554153442
19132,0.6238999366760254
19134,0.6239842176437378
19135,0.623915433883667
19136,0.6236882209777832
19137,0.6238784790039062
19138,0.6239834427833557
19139,0.62397301197052
19140,0.6235949397087097
19141,0.6237133741378784
19143,0.6239714622497559
19144,0.6238812208175659
19145,0.6236569881439209
19146,0.6235663294792175
19147,0.6237433552742004
19148,0.6237534284591675
19149,0.6239439845085144
19150,0.6239371299743652
19151,0.6238927245140076
19152,0.623955249786377
19153,0.6238412261009216
19154,0.6238507032394409
19155,0.6239787340164185
19156,0.6231303215026855
19158,0.6238821744918823
19159,0.6236684918403625
19160,0.6231907606124878
19161,0.6239371299743652
19162,0.6238671541213989
19163,0.62388014793396
19164,0.6238865852355957
19165,0.6237799525260925
19166,0.6239327788352966
19167,0.6238947510719299
19168,0.6237151026725769
19169,0.6237245202064514
19170,0.6237665414810181
19171,0.6239941120147705
19172,0.6239045858383179
19173,0.6238719820976257
19174,0.6239309310913086
19175,0.6237394213676453
19176,0.6239376068115234
19177,0.6239486932754517
19178,0.6238622665405273
19179,0.6239137053489685
19180,0.623702347278595
19181,0.6238927245140076
19183,0.6238753795623779
19184,0.6239393949508667
19185,0.6239144206047058
19186,0.6239376068115234
19187,0.6235867142677307
19188,0.6239556074142456
19189,0.6239912509918213
19190,0.6239314079284668
19191,0.6238755583763123
19192,0.6236441135406494
19193,0.6239106059074402
19194,0.6238894462585449
19195,0.6239087581634521
19196,0.6239542365074158
19197,0.6239369511604309
19198,0.6235266923904419
19199,0.6239216327667236
19200,0.6238629221916199
19201,0.6238781213760376
19202,0.6238629817962646
19203,0.6238189339637756
19204,0.6238251328468323
19205,0.6238430738449097
19206,0.6239583492279053
19207,0.6235520243644714
19208,0.623960018157959
19209,0.6239675283432007
19210,0.623674213886261
19211,0.6239170432090759
19212,0.6238853931427002
19213,0.6238933801651001
19214,0.6232189536094666
19215,0.6239268779754639
19216,0.6239094138145447
19217,0.6239417791366577
19219,0.623832643032074
19220,0.6231586933135986
19221,0.6239668130874634
19222,0.6239558458328247
19223,0.6239377856254578
19224,0.6239767670631409
19225,0.6238291263580322
19226,0.6238263249397278
19227,0.6238767504692078
19228,0.6238760352134705
19229,0.623896598815918
19230,0.6239315271377563
19231,0.623904287815094
19232,0.6232349276542664
19233,0.6238914728164673
19234,0.6238517165184021
19236,0.6234622597694397
19237,0.6237636208534241
19238,0.6239127516746521
19239,0.6239209771156311
19240,0.6234087944030762
19241,0.6239261627197266
19242,0.6234511137008667
19243,0.6238560676574707
19244,0.6238657236099243
19245,0.6236821413040161
19246,0.6238519549369812
19247,0.6239136457443237
19248,0.6239306330680847
19249,0.6238609552383423
19250,0.6239150762557983
19251,0.6239708662033081
19253,0.6237953901290894
19254,0.6237037777900696
19255,0.6237496137619019
19256,0.623892068862915
19257,0.6238300800323486
19258,0.6239252090454102
19259,0.6237351894378662
19260,0.6238760352134705
19261,0.6239291429519653
19262,0.6239553689956665
19263,0.6239133477210999
19264,0.6239813566207886
19265,0.6239434480667114
19266,0.623891294002533
19267,0.623897910118103
19268,0.6239430904388428
19270,0.6238892078399658
19271,0.6235038042068481
19272,0.6238338947296143
19273,0.6239122152328491
19274,0.6238369345664978
19275,0.6239202618598938
19276,0.6238850951194763
19277,0.6237775683403015
19278,0.6239367127418518
19280,0.6238595843315125
19281,0.6239057779312134
19282,0.6239519119262695
19283,0.6238312721252441
19285,0.6238462328910828
19286,0.623962938785553
19287,0.6237993240356445
19289,0.6238791346549988
19290,0.6238606572151184
19291,0.6228542923927307
19292,0.6235561966896057
19293,0.623134434223175
19294,0.6238967180252075
19295,0.6239550709724426
19296,0.6239542365074158
19297,0.6238110661506653
19298,0.6238957643508911
19300,0.6239851713180542
19301,0.623902440071106
19302,0.6236976981163025
19303,0.6237632632255554
19304,0.6239790916442871
19305,0.6236711740493774
19306,0.623786449432373
19307,0.6238335967063904
19308,0.6237545609474182
19310,0.6239069104194641
19311,0.6239321231842041
19312,0.62391597032547
19313,0.623927116394043
19314,0.6239614486694336
19315,0.6231302618980408
19316,0.6238985061645508
19317,0.6237943768501282
19318,0.6238759756088257
19319,0.6239683628082275
19320,0.6239547729492188
19321,0.6239688992500305
19322,0.6237900853157043
19323,0.6238300800323486
19324,0.6239348649978638
19326,0.6238734722137451
19327,0.6237810850143433
19328,0.6238667368888855
19329,0.623727023601532
19330,0.6238492727279663
19331,0.6233745813369751
19332,0.6238683462142944
19333,0.623934268951416
19334,0.6234764456748962
19335,0.6238828897476196
19336,0.6239468455314636
19337,0.6238939166069031
19338,0.6238100528717041
19339,0.6239621043205261
19340,0.622889518737793
19341,0.6239532828330994
19342,0.6236169338226318
19343,0.6238672733306885
19344,0.6238108277320862
19345,0.6237207651138306
19346,0.623943030834198
19348,0.6239952445030212
19349,0.6239573955535889
19350,0.6237186789512634
19351,0.623952329158783
19352,0.6237594485282898
19353,0.6239340305328369
19354,0.6239504218101501
19355,0.6239263415336609
19356,0.6239155530929565
19357,0.6237013936042786
19358,0.6239499449729919
19359,0.623911440372467
19360,0.6239505410194397
19361,0.6237374544143677
19362,0.6238332986831665
19363,0.6239272952079773
19364,0.6237892508506775
19366,0.6239226460456848
19368,0.6232397556304932
19369,0.6237253546714783
19371,0.6239543557167053
19372,0.6239464282989502
19373,0.623953640460968
19374,0.6227321028709412
19375,0.6237132549285889
19376,0.6239203810691833
19377,0.6237829327583313
19378,0.6234026551246643
19379,0.6239235401153564
19380,0.6239484548568726
19381,0.6239283680915833
19382,0.6230753660202026
19383,0.6239404678344727
19384,0.6239069700241089
19385,0.6238805651664734
19386,0.6238954067230225
19387,0.6238147020339966
19388,0.6238692998886108
19389,0.6236603856086731
19390,0.6238182187080383
19391,0.6238011717796326
19392,0.6239620447158813
19393,0.6239563822746277
19394,0.6237419247627258
19395,0.6239257454872131
19396,0.6238803863525391
19397,0.6239291429519653
19398,0.6239608526229858
19400,0.6239508986473083
19401,0.6238522529602051
19402,0.6236299872398376
19403,0.6239021420478821
19404,0.62385094165802
19405,0.6239539384841919
19406,0.6236055493354797
19408,0.6239708662033081
19409,0.6235224604606628
19410,0.6239017248153687
19411,0.6237801313400269
19412,0.623805046081543
19413,0.6238998770713806
19414,0.6230542659759521
19415,0.6238649487495422
19416,0.6230260133743286
19417,0.6238594055175781
19419,0.6239474415779114
19420,0.6239869594573975
19421,0.623935878276825
19422,0.6237764358520508
19423,0.6234844923019409
19424,0.6239800453186035
19425,0.6232185959815979
19427,0.6239342093467712
19428,0.6239280700683594
19429,0.6239327788352966
19430,0.6237564086914062
19431,0.623298168182373
19432,0.623674213886261
19433,0.6239469051361084
19434,0.6234102249145508
19435,0.6232865452766418
19436,0.6239438652992249
19437,0.6239649057388306
19438,0.6238502860069275
19439,0.623979926109314
19440,0.6239291429519653
19441,0.6239364147186279
19442,0.6239240169525146
19443,0.6238828897476196
19444,0.6236468553543091
19445,0.6239123940467834
19446,0.6238084435462952
19447,0.623776912689209
19448,0.6233134865760803
19449,0.623914897441864
19450,0.6239981651306152
19451,0.6238703727722168
19454,0.6238904595375061
19455,0.6238370537757874
19456,0.6236900687217712
19457,0.623908519744873
19458,0.6239569187164307
19459,0.6238529086112976
19460,0.6239362955093384
19462,0.6239025592803955
19463,0.6239317059516907
19464,0.6237791180610657
19465,0.6239414811134338
19466,0.623940646648407
19467,0.6239215731620789
19468,0.6239027380943298
19469,0.623792290687561
19470,0.6239652633666992
19471,0.6236506700515747
19472,0.6233746409416199
19473,0.6239197850227356
19474,0.6239250302314758
19475,0.6239559054374695
19476,0.6239092350006104
19477,0.6239161491394043
19478,0.6239002346992493
19479,0.6235606074333191
19480,0.6239067316055298
19481,0.6238755583763123
19482,0.6239392161369324
19484,0.6239352822303772
19485,0.6232032775878906
19488,0.6236483454704285
19489,0.6238731145858765
19490,0.623911440372467
19491,0.6239578723907471
19492,0.6232557892799377
19493,0.6239622831344604
19494,0.6239650845527649
19495,0.6238755583763123
19496,0.6228546500205994
19497,0.6238954663276672
19498,0.6239672303199768
19499,0.6239250302314758
19500,0.6239607334136963
19501,0.6239171028137207
19502,0.6239195466041565
19503,0.6239306330680847
19504,0.6239297389984131
19505,0.6239596009254456
19506,0.6239307522773743
19507,0.6237650513648987
19508,0.6238704323768616
19509,0.6229313015937805
19510,0.6237363815307617
19511,0.6239675879478455
19512,0.6239107251167297
19513,0.6234146952629089
19514,0.623856782913208
19515,0.6236569285392761
19516,0.623674213886261
19517,0.6238430142402649
19518,0.6239379644393921
19519,0.623947024345398
19520,0.6238275766372681
19521,0.6238071918487549
19522,0.6239112615585327
19523,0.6238534450531006
19524,0.623948872089386
19525,0.6238282322883606
19526,0.6239235997200012
19527,0.6238370537757874
19528,0.6238548159599304
19529,0.6239340305328369
19530,0.6235528588294983
19533,0.6236753463745117
19534,0.623884379863739
19535,0.6229671239852905
19536,0.6239162087440491
19537,0.6239663362503052
19538,0.6238394379615784
19539,0.6239252090454102
19540,0.623909592628479
19541,0.6239826083183289
19542,0.6237778067588806
19543,0.6237870454788208
19544,0.6239898204803467
19545,0.6239430904388428
19546,0.6237115859985352
19547,0.623956024646759
19548,0.6231250762939453
19549,0.6239963173866272
19550,0.6239558458328247
19553,0.6238487958908081
19554,0.6239674091339111
19555,0.6238923072814941
19556,0.6239390969276428
19557,0.623666524887085
19558,0.6238566637039185
19559,0.6239518523216248
19561,0.6238581538200378
19562,0.6238858699798584
19563,0.6239162087440491
20716,0.6238119006156921
20717,0.6239312291145325
20718,0.6238582730293274
20719,0.6237374544143677
20721,0.6236693859100342
20722,0.6238959431648254
20723,0.6238904595375061
20724,0.6239367723464966
20725,0.6238958835601807
20726,0.6238806247711182
20727,0.6237950325012207
20728,0.6239010095596313
20732,0.6237485408782959
20733,0.622821569442749
20734,0.6238806843757629
20735,0.6239822506904602
20736,0.6239039897918701
20737,0.6238943934440613
20739,0.6237459182739258
20741,0.6239337921142578
20742,0.6232407689094543
20743,0.6239157915115356
20745,0.6238361597061157
20746,0.6237496137619019
20747,0.6239486336708069
20748,0.6228254437446594
20751,0.6238245368003845
20754,0.6226345896720886
20755,0.6238905787467957
20756,0.6238370537757874
20757,0.6238455772399902
20758,0.623868465423584
20759,0.6239220499992371
20760,0.6238025426864624
20761,0.6238755583763123
20762,0.623754620552063
20763,0.6231063604354858
20764,0.6239274740219116
20765,0.6238827705383301
20766,0.6239110827445984
20767,0.6239228844642639
20768,0.6239233016967773
20769,0.6239221096038818
20770,0.623822808265686
20771,0.6237397789955139
20772,0.6238575577735901
20773,0.6238077878952026
20774,0.6238992810249329
20775,0.623909592628479
20776,0.6237567663192749
20777,0.623904824256897
20778,0.6238621473312378
20779,0.6238149404525757
20781,0.623943567276001
20783,0.6238675713539124
20784,0.6228993535041809
20785,0.6238378882408142
20787,0.6236796975135803
20790,0.6238267421722412
20791,0.6239429712295532
20792,0.6238925457000732
20793,0.6238824129104614
20794,0.6238968372344971
20795,0.6238165497779846
20796,0.6238317489624023
20797,0.6239613890647888
20800,0.6237509250640869
20802,0.6237749457359314
20803,0.6239210367202759
20804,0.6239372491836548
20805,0.6238734126091003
20806,0.6238180994987488
20807,0.6238247752189636
20808,0.6236991882324219
20809,0.6239012479782104
20812,0.6238667964935303
20813,0.6238349676132202
20814,0.6237585544586182
20815,0.6237943768501282
20817,0.6239002346992493
20818,0.6238040328025818
20819,0.6239233613014221
20821,0.6238954067230225
20822,0.6230834126472473
20823,0.6238976120948792
20824,0.6239187717437744
20825,0.6237972378730774
20826,0.6238012313842773
20827,0.6239302754402161
20828,0.6239141225814819
20829,0.6239296197891235
20830,0.6237927079200745
20831,0.6239369511604309
20832,0.6238383054733276
20833,0.6238805651664734
20835,0.6238788366317749
20836,0.6238667964935303
20838,0.623871922492981
20839,0.6239825487136841
20840,0.6236782073974609
20841,0.6238129734992981
20842,0.6238518953323364
20844,0.6229110956192017
20846,0.6237699389457703
20847,0.6238513588905334
20848,0.6237224340438843
20849,0.6239036917686462
20850,0.623913049697876
20851,0.6238054633140564
20852,0.6238585710525513
20853,0.6237712502479553
20856,0.623868465423584
20857,0.6238420605659485
20859,0.6239149570465088
20860,0.6237900853157043
20861,0.6238811016082764
20862,0.6238183379173279
20863,0.6238370537757874
20865,0.6238196492195129
20866,0.623812198638916
20869,0.6238207817077637
20870,0.6238910555839539
20871,0.6239063739776611
20872,0.6238534450531006
20874,0.6238335371017456
20876,0.6238026022911072
20877,0.6238954663276672
20878,0.6228361129760742
20879,0.6238783001899719
20881,0.6236439347267151
20882,0.6238515973091125
20883,0.623849093914032
20884,0.6239005923271179
20885,0.6239029765129089
20887,0.6237766146659851
20888,0.6238969564437866
20889,0.6239092946052551
20892,0.623251736164093
20893,0.6239062547683716
20894,0.6238799691200256
20895,0.6239411234855652
20896,0.6239357590675354
20897,0.6239187121391296
20898,0.6239219307899475
20899,0.623818576335907
20900,0.6239079236984253
20901,0.6238832473754883
20902,0.6238679885864258
20904,0.6237816214561462
20905,0.6237745881080627
20906,0.6239169239997864
20907,0.6238207817077637
20908,0.623907744884491
20909,0.6237994432449341
20910,0.6237916350364685
20911,0.6228287816047668
20913,0.6238088011741638
20914,0.6238355040550232
20915,0.6238515973091125
20916,0.6238349676132202
20917,0.6238978505134583
20918,0.623886227607727
20919,0.6239547729492188
20920,0.6237525939941406
20921,0.6238941550254822
20922,0.6239539384841919
20923,0.6230748891830444
20924,0.6238840222358704
20925,0.6238753795623779
20926,0.6239362359046936
20927,0.6238049268722534
20928,0.6239481568336487
20929,0.6239306926727295
20930,0.6238710880279541
20931,0.6228818893432617
20932,0.6238632202148438
20933,0.623727560043335
20935,0.6238828897476196
20936,0.6238947510719299
20938,0.623847484588623
20939,0.6236804723739624
20940,0.6238255500793457
20942,0.623889148235321
20943,0.6238912343978882
20944,0.623864471912384
20945,0.6237478852272034
20946,0.62388676404953
20947,0.6238192915916443
20948,0.6239106059074402
20949,0.6237974166870117
20953,0.6237375140190125
20954,0.6231615543365479
20955,0.6232956647872925
20956,0.6238610148429871
20957,0.6239007115364075
20958,0.6238167881965637
20959,0.6239210963249207
20962,0.6238412857055664
20963,0.623889684677124
20964,0.6238129734992981
20965,0.6239604353904724
20966,0.62388014793396
20967,0.6235034465789795
20968,0.6238524317741394
20971,0.6232725977897644
20972,0.6236838698387146
20973,0.6238827705383301
20974,0.6239070296287537
20975,0.6238234639167786
20976,0.6239021420478821
20977,0.623877227306366
20979,0.6237745881080627
20981,0.6237154006958008
20982,0.6238098740577698
20983,0.623849630355835
20984,0.6237480044364929
20985,0.6238536834716797
20987,0.6238287687301636
20988,0.6229799389839172
20992,0.6229192614555359
20993,0.6238070726394653
20994,0.6232802271842957
20996,0.623228132724762
20998,0.6238340139389038
20999,0.6238502860069275
21000,0.6230936646461487
21001,0.6239098906517029
21002,0.6238675117492676
21003,0.6238541603088379
21004,0.6238179802894592
21005,0.6237978935241699
21006,0.623809814453125
21007,0.6238999366760254
21008,0.6238412857055664
21009,0.6237738132476807
21010,0.6239369511604309
21012,0.6237581968307495
21013,0.6239281296730042
21014,0.6237694621086121
21015,0.6239444017410278
21016,0.6237285137176514
21017,0.6239655017852783
21020,0.6238531470298767
21021,0.6238613128662109
21022,0.6239116191864014
21023,0.6237987875938416
21024,0.6235524415969849
21025,0.6238637566566467
21026,0.6237302422523499
21028,0.6237303614616394
21029,0.6238618493080139
21030,0.6234608888626099
21031,0.6236562132835388
21032,0.623905599117279
21033,0.6237242817878723
21034,0.6238659024238586
21035,0.6239293813705444
21036,0.6238766312599182
21037,0.623935878276825
21038,0.6239155530929565
21039,0.6231148838996887
21042,0.6237877607345581
21043,0.6237905621528625
21044,0.6238637566566467
21045,0.6239162087440491
21049,0.6238952279090881
21051,0.6239033937454224
21052,0.623832643032074
21053,0.6237486004829407
21054,0.6239305138587952
21055,0.6239469647407532
21056,0.6239264011383057
21057,0.6238744258880615
21058,0.6238765716552734
21059,0.6239262223243713
21060,0.6230108141899109
21061,0.6238477230072021
21063,0.6238231658935547
21064,0.6238532066345215
21065,0.6239376068115234
21067,0.623896598815918
21068,0.6238107681274414
21069,0.6230327486991882
21070,0.6238808035850525
21071,0.6237643957138062
21072,0.6229027509689331
21073,0.6238666772842407
21074,0.6238465905189514
21075,0.6238464117050171
21076,0.6238563060760498
21077,0.6238906383514404
21078,0.6239327192306519
21079,0.6239340901374817
21081,0.6238194704055786
21083,0.6238874197006226
21085,0.6238144636154175
21086,0.6238716244697571
21087,0.6238095760345459
21089,0.6237876415252686
21090,0.6238778233528137
21091,0.6239414811134338
21092,0.6239140033721924
21093,0.6238932013511658
21094,0.6238433718681335
21095,0.6238189935684204
21096,0.6228371858596802
21097,0.6239389181137085
21098,0.6239317655563354
21099,0.6229732632637024
21101,0.6238730549812317
21102,0.6238071918487549
21103,0.6232818961143494
21105,0.6238694787025452
21106,0.6238707304000854
21107,0.6238575577735901
21109,0.6238652467727661
21110,0.6239157319068909
21111,0.6238480806350708
21112,0.623795747756958
21113,0.6238378286361694
21114,0.6238805651664734
21115,0.6238943338394165
21116,0.6238770484924316
21118,0.6239352226257324
21119,0.6238012313842773
21120,0.6236832141876221
21122,0.6239344477653503
21123,0.62392657995224
21126,0.6237918734550476
21127,0.6226423978805542
21129,0.623842179775238
21130,0.6239275932312012
21131,0.6237741112709045
21132,0.6239334344863892
21133,0.623816192150116
21134,0.6237874627113342
21135,0.623871386051178
21136,0.6238439679145813
21137,0.6238729357719421
21138,0.6238726377487183
21140,0.6238678693771362
21141,0.6239568591117859
21142,0.6238207221031189
21143,0.6238330006599426
21144,0.6238896250724792
21145,0.6238061189651489
21146,0.6239323616027832
21147,0.6238608956336975
21148,0.6238753795623779
21149,0.6238388419151306
21150,0.6239209175109863
21151,0.6238864660263062
21153,0.6238294243812561
21154,0.6238412857055664
21155,0.6238221526145935
21156,0.6238545775413513
21157,0.6238573789596558
21158,0.6238275766372681
21159,0.6239275932312012
21160,0.623838484287262
21161,0.6238827109336853
21163,0.6238702535629272
21164,0.6239143013954163
21166,0.6239029765129089
21167,0.6238889694213867
21168,0.6228880286216736
21170,0.6230006814002991
21171,0.6239218711853027
21174,0.6239082217216492
21175,0.6238261461257935
21176,0.6237586140632629
21177,0.6238232254981995
21178,0.6227996349334717
21179,0.6236271262168884
21180,0.6238969564437866
21181,0.6238324046134949
21182,0.6237260103225708
21183,0.6238294243812561
21185,0.6238977909088135
21186,0.623837947845459
21188,0.6238734126091003
21189,0.6238576173782349
21190,0.6238908767700195
21191,0.6238245964050293
21192,0.623725175857544
21193,0.6238695383071899
21194,0.6239445209503174
21195,0.6238097548484802
21198,0.6237694621086121
21199,0.6238129734992981
21200,0.6238405704498291
21202,0.6239112019538879
21203,0.6239402294158936
21204,0.6238471269607544
21205,0.6239279508590698
21206,0.6238271594047546
21207,0.6239102482795715
21208,0.6238539218902588
21209,0.6239083409309387
21210,0.6238208413124084
21211,0.6238200664520264
21213,0.6239107847213745
21214,0.6239487528800964
21215,0.623897135257721
21217,0.6239134669303894
21218,0.6238934397697449
21219,0.6238718032836914
21220,0.6237653493881226
21221,0.6237701177597046
21222,0.6239360570907593
21223,0.623799741268158
21224,0.6239139437675476
21225,0.6239023804664612
21227,0.6231993436813354
21229,0.6238667964935303
21230,0.623782217502594
21233,0.6238837838172913
21235,0.6237338781356812
21236,0.6238935589790344
21237,0.6238995790481567
21238,0.6238542199134827
21240,0.6239808797836304
21241,0.6236718893051147
21244,0.623913049697876
21245,0.6238799691200256
21246,0.623828649520874
21247,0.6238060593605042
21248,0.6237068772315979
21249,0.6239442229270935
21250,0.623916506767273
21251,0.6238873600959778
21253,0.6239465475082397
21255,0.6239012479782104
21256,0.6236481070518494
21257,0.623725950717926
21258,0.6239487528800964
21259,0.6239086389541626
21261,0.6238577365875244
21262,0.6238250732421875
21263,0.6237276792526245
21264,0.6239182353019714
21265,0.6239400506019592
21266,0.623824954032898
21268,0.623945415019989
21269,0.6239365935325623
21271,0.6236280798912048
21272,0.6238912343978882
21273,0.6238530874252319
21274,0.6238487362861633
21275,0.6239046454429626
21276,0.6225832104682922
21277,0.6238129138946533
21279,0.6238154172897339
21280,0.6239119172096252
21281,0.6230296492576599
21284,0.6238924264907837
21285,0.6238357424736023
21286,0.6238241195678711
21287,0.623832106590271
21288,0.623275876045227
21289,0.6239355802536011
21290,0.6238604187965393
21291,0.6238749027252197
21292,0.6239307522773743
21293,0.6239328980445862
21294,0.6239625811576843
21295,0.6239292025566101
21296,0.6238605976104736
21297,0.6238100528717041
21298,0.6239187717437744
21299,0.6239001154899597
21300,0.6239108443260193
21301,0.6228059530258179
21302,0.6238812208175659
21304,0.6238164305686951
21306,0.6239251494407654
21307,0.6237528920173645
21308,0.623879075050354
21309,0.6238641738891602
21310,0.6239465475082397
21312,0.623796284198761
21315,0.623748779296875
21318,0.6239113211631775
21319,0.6238545775413513
21321,0.6238861680030823
21322,0.6238648891448975
21323,0.6238352656364441
21324,0.6238849759101868
21325,0.6239199638366699
21327,0.6237967610359192
21329,0.6238443851470947
21330,0.623103141784668
21331,0.6238654255867004
21332,0.6238865256309509
21333,0.623788595199585
21334,0.623970091342926
21336,0.623830258846283
21338,0.6238384246826172
21339,0.6238433122634888
21340,0.6238495707511902
21342,0.6231179237365723
21343,0.6239334344863892
21344,0.6239333152770996
21345,0.6237947344779968
21346,0.6237739324569702
21347,0.6237677335739136
21348,0.623885989189148
21350,0.6238507628440857
21351,0.6237199306488037
21352,0.6238815784454346
21354,0.6239517331123352
21355,0.623892605304718
21356,0.6227433085441589
21357,0.623907744884491
21358,0.6239402890205383
21360,0.6238353848457336
21361,0.6232298612594604
21364,0.6239240169525146
21365,0.6239016652107239
21366,0.6238710284233093
21367,0.6229849457740784
21369,0.6238664388656616
21370,0.6239678859710693
21373,0.623877227306366
21374,0.6238184571266174
21375,0.6238523721694946
21377,0.6238394379615784
21379,0.6237576007843018
21380,0.6226717829704285
21382,0.6239036917686462
21383,0.62385094165802
21384,0.6238917112350464
21385,0.6239368915557861
21386,0.6238313913345337
21387,0.6238946318626404
21388,0.6238656044006348
21389,0.6238755583763123
21390,0.6238608956336975
21391,0.6238629817962646
21392,0.6238791942596436
21393,0.6239013075828552
21394,0.6238023042678833
21397,0.6238689422607422
21398,0.6239306926727295
21399,0.6238487362861633
21403,0.6238882541656494
21404,0.6238776445388794
21405,0.6237043738365173
21407,0.6239224076271057
21408,0.6239715218544006
21409,0.6238968968391418
21410,0.6226019263267517
21411,0.6237790584564209
21412,0.6237707734107971
21413,0.6239234209060669
21414,0.6239331960678101
21415,0.6226320266723633
21416,0.6239486932754517
21418,0.6239168643951416
21419,0.6239134073257446
21421,0.6239036321640015
21422,0.6238492131233215
21424,0.6231173872947693
21425,0.6239385604858398
21426,0.6238762736320496
21427,0.6238035559654236
21428,0.623830258846283
21429,0.6238754987716675
21431,0.6237856149673462
21432,0.6238263845443726
21433,0.6238344311714172
21434,0.6237802505493164
21436,0.6234790086746216
21437,0.6238521337509155
21438,0.6233694553375244
21440,0.6238299012184143
21441,0.6238824129104614
21442,0.6230844855308533
21443,0.6238210201263428
21444,0.6239442229270935
21446,0.6239504218101501
21447,0.6238464713096619
21448,0.6238893866539001
21449,0.6238991022109985
21450,0.6237497329711914
21451,0.6239082217216492
21452,0.623955249786377
21453,0.6238498091697693
21454,0.6239065527915955
21456,0.623876690864563
21457,0.623845100402832
21458,0.6238628029823303
21459,0.6238816380500793
21460,0.6239245533943176
21462,0.6238100528717041
21463,0.6239790916442871
21465,0.6238546371459961
21467,0.6238272190093994
21468,0.6233081817626953
21470,0.6238210797309875
21471,0.6239005923271179
21472,0.6237522959709167
21473,0.6238765120506287
21475,0.623904824256897
21476,0.6238287687301636
21477,0.6239063739776611
21478,0.6231292486190796
21479,0.6237615942955017
21480,0.6237978935241699
21481,0.6238929629325867
21482,0.6238206028938293
21483,0.6238741278648376
21484,0.6239347457885742
21485,0.6238299012184143
21487,0.6237545609474182
21488,0.6238719820976257
21489,0.6233623027801514
21490,0.6239342093467712
21491,0.6237861514091492
21494,0.6238880753517151
21495,0.6238590478897095
21500,0.623852550983429
21501,0.623893141746521
21502,0.6227371692657471
21503,0.6237459182739258
21505,0.6238580942153931
21506,0.6239155530929565
21507,0.6238642930984497
21508,0.623915433883667
21509,0.6239190697669983
21510,0.6233929991722107
21511,0.6238541603088379
21512,0.6237868070602417
21513,0.6238269209861755
21514,0.6238788962364197
21515,0.6238349676132202
21516,0.623755931854248
21517,0.6237533092498779
21518,0.6232781410217285
21519,0.6238328814506531
21521,0.6238889694213867
21522,0.6238808035850525
21525,0.6237977743148804
21526,0.6238903999328613
21529,0.6238796710968018
21530,0.6238394975662231
21531,0.6239255666732788
21532,0.6239350438117981
21533,0.6239602565765381
21535,0.6237947940826416
21536,0.6238014698028564
21537,0.6238909959793091
21539,0.6239249110221863
21540,0.6239039301872253
21541,0.6239252090454102
21542,0.623863935470581
21544,0.6237282156944275
21545,0.6238460540771484
21546,0.6238474249839783
21547,0.62391597032547
21548,0.6237749457359314
21549,0.6239451766014099
21550,0.6238847970962524
21552,0.6238270998001099
21553,0.6238546371459961
21554,0.6237472891807556
21555,0.6236078143119812
21556,0.6229009032249451
21557,0.6238725781440735
21558,0.6238642334938049
21559,0.6238642930984497
21560,0.6239138841629028
21561,0.6239016652107239
21563,0.6239299178123474
21564,0.6238799691200256
21566,0.6237985491752625
21567,0.6239227056503296
21568,0.6238893866539001
21569,0.6237830519676208
21570,0.6237207651138306
21571,0.6236207485198975
21573,0.6229634881019592
21574,0.622806966304779
21575,0.6238356232643127
21577,0.6235007643699646
21578,0.6227670311927795
21579,0.6239755153656006
21581,0.6238542795181274
21582,0.6237866282463074
21584,0.6237093806266785
21586,0.6239001750946045
21587,0.6231640577316284
21589,0.6237927675247192
21592,0.6238834857940674
21594,0.6237555742263794
21595,0.6239124536514282
21596,0.623101532459259
21598,0.6238011717796326
21599,0.6238200664520264
21601,0.6238889694213867
21603,0.6237865686416626
21604,0.623772919178009
21605,0.6239447593688965
21606,0.6238254904747009
21607,0.623344361782074
21608,0.623141348361969
21609,0.6238631010055542
21610,0.623837947845459
21611,0.6239141225814819
21613,0.6238617897033691
21615,0.6237994432449341
21617,0.6238427758216858
21618,0.6238870620727539
21619,0.6239822506904602
21620,0.6237754225730896
21621,0.623133659362793
21623,0.623091995716095
21624,0.6237985491752625
21626,0.6237849593162537
21628,0.6237500309944153
21629,0.6237964630126953
21630,0.6238675713539124
21633,0.6238825917243958
